size,group_indices,group_points,diameters,P_fail_lbf,centroid_x,centroid_y,sum_r2
5,"10,11,12,14,15","(1.500,1.500);(2.000,1.500);(2.500,1.500);(2.000,2.000);(2.500,2.000)","0.12500,0.25000,0.12500,0.12500,0.18800",96.93335648351635,2.1,1.7,1.0
5,"11,12,13,14,15","(2.000,1.500);(2.500,1.500);(1.500,2.000);(2.000,2.000);(2.500,2.000)","0.25000,0.12500,0.12500,0.12500,0.18800",96.93335648351635,2.1,1.8,1.0
5,"4,5,6,8,9","(1.500,0.500);(2.000,0.500);(2.500,0.500);(2.000,1.000);(2.500,1.000)","0.12500,0.25000,0.18800,0.12500,0.12500",96.93335648351635,2.1,0.7,1.0
5,"8,9,10,11,12","(2.000,1.000);(2.500,1.000);(1.500,1.500);(2.000,1.500);(2.500,1.500)","0.12500,0.12500,0.12500,0.25000,0.12500",96.93335648351635,2.1,1.3,1.0
5,"2,3,4,5,6","(2.000,0.000);(2.500,0.000);(1.500,0.500);(2.000,0.500);(2.500,0.500)","0.12500,0.18800,0.12500,0.25000,0.18800",96.93335648351636,2.1,0.3,1.0
5,"8,11,12,14,15","(2.000,1.000);(2.000,1.500);(2.500,1.500);(2.000,2.000);(2.500,2.000)","0.12500,0.25000,0.12500,0.12500,0.18800",100.38527658963201,2.2,1.6,1.0
5,"8,9,11,12,14","(2.000,1.000);(2.500,1.000);(2.000,1.500);(2.500,1.500);(2.000,2.000)","0.12500,0.12500,0.25000,0.12500,0.12500",100.38527658963201,2.2,1.4,1.0
5,"2,3,5,6,8","(2.000,0.000);(2.500,0.000);(2.000,0.500);(2.500,0.500);(2.000,1.000)","0.12500,0.18800,0.25000,0.18800,0.12500",100.38527658963204,2.2,0.4,1.0
5,"2,5,6,8,9","(2.000,0.000);(2.000,0.500);(2.500,0.500);(2.000,1.000);(2.500,1.000)","0.12500,0.25000,0.18800,0.12500,0.12500",100.38527658963204,2.2,0.6,1.0
5,"4,8,9,11,12","(1.500,0.500);(2.000,1.000);(2.500,1.000);(2.000,1.500);(2.500,1.500)","0.12500,0.12500,0.12500,0.25000,0.12500",103.61329113789846,2.1,1.1,1.4
5,"5,6,8,9,10","(2.000,0.500);(2.500,0.500);(2.000,1.000);(2.500,1.000);(1.500,1.500)","0.25000,0.18800,0.12500,0.12500,0.12500",103.61329113789846,2.1,0.9,1.4
5,"8,9,11,12,13","(2.000,1.000);(2.500,1.000);(2.000,1.500);(2.500,1.500);(1.500,2.000)","0.12500,0.12500,0.25000,0.12500,0.12500",103.61329113789846,2.1,1.4,1.4
5,"9,11,12,14,15","(2.500,1.000);(2.000,1.500);(2.500,1.500);(2.000,2.000);(2.500,2.000)","0.12500,0.25000,0.12500,0.12500,0.18800",104.86672330450641,2.3,1.6,1.0
5,"2,3,5,6,9","(2.000,0.000);(2.500,0.000);(2.000,0.500);(2.500,0.500);(2.500,1.000)","0.12500,0.18800,0.25000,0.18800,0.12500",104.86672330450644,2.3,0.4,1.0
5,"5,6,8,9,12","(2.000,0.500);(2.500,0.500);(2.000,1.000);(2.500,1.000);(2.500,1.500)","0.25000,0.18800,0.12500,0.12500,0.12500",104.86672330450644,2.3,0.9,1.0
5,"3,4,5,6,9","(2.500,0.000);(1.500,0.500);(2.000,0.500);(2.500,0.500);(2.500,1.000)","0.18800,0.12500,0.25000,0.18800,0.12500",106.35600129340443,2.2,0.5,1.3
5,"9,10,11,12,15","(2.500,1.000);(1.500,1.500);(2.000,1.500);(2.500,1.500);(2.500,2.000)","0.12500,0.12500,0.25000,0.12500,0.18800",106.35600129340443,2.2,1.5,1.3
5,"4,6,8,9,12","(1.500,0.500);(2.500,0.500);(2.000,1.000);(2.500,1.000);(2.500,1.500)","0.12500,0.18800,0.12500,0.12500,0.12500",108.30181805868902,2.2,0.9,1.5000000000000002
5,"6,8,9,10,12","(2.500,0.500);(2.000,1.000);(2.500,1.000);(1.500,1.500);(2.500,1.500)","0.18800,0.12500,0.12500,0.12500,0.12500",108.30181805868904,2.2,1.1,1.5
5,"9,11,12,13,15","(2.500,1.000);(2.000,1.500);(2.500,1.500);(1.500,2.000);(2.500,2.000)","0.12500,0.25000,0.12500,0.12500,0.18800",108.30181805868904,2.2,1.6,1.5
5,"2,6,8,9,12","(2.000,0.000);(2.500,0.500);(2.000,1.000);(2.500,1.000);(2.500,1.500)","0.12500,0.18800,0.12500,0.12500,0.12500",112.25447821520132,2.3,0.8,1.6
5,"6,8,9,12,14","(2.500,0.500);(2.000,1.000);(2.500,1.000);(2.500,1.500);(2.000,2.000)","0.18800,0.12500,0.12500,0.12500,0.12500",112.25447821520132,2.3,1.2,1.6
5,"2,8,9,11,12","(2.000,0.000);(2.000,1.000);(2.500,1.000);(2.000,1.500);(2.500,1.500)","0.12500,0.12500,0.12500,0.25000,0.12500",113.23309532433015,2.2,1.0,1.8
5,"5,6,8,9,14","(2.000,0.500);(2.500,0.500);(2.000,1.000);(2.500,1.000);(2.000,2.000)","0.25000,0.18800,0.12500,0.12500,0.12500",113.23309532433015,2.2,1.0,1.8
5,"3,5,6,9,12","(2.500,0.000);(2.000,0.500);(2.500,0.500);(2.500,1.000);(2.500,1.500)","0.18800,0.25000,0.18800,0.12500,0.12500",114.99242414829526,2.4,0.7,1.5
5,"3,5,6,8,9","(2.500,0.000);(2.000,0.500);(2.500,0.500);(2.000,1.000);(2.500,1.000)","0.18800,0.25000,0.18800,0.12500,0.12500",115.04504824874567,2.3,0.6,1.0
5,"8,9,11,12,15","(2.000,1.000);(2.500,1.000);(2.000,1.500);(2.500,1.500);(2.500,2.000)","0.12500,0.12500,0.25000,0.12500,0.18800",115.04504824874567,2.3,1.4,1.0
5,"2,3,5,6,12","(2.000,0.000);(2.500,0.000);(2.000,0.500);(2.500,0.500);(2.500,1.500)","0.12500,0.18800,0.25000,0.18800,0.12500",115.13986707271901,2.3,0.5,1.8
5,"3,5,6,9,10","(2.500,0.000);(2.000,0.500);(2.500,0.500);(2.500,1.000);(1.500,1.500)","0.18800,0.25000,0.18800,0.12500,0.12500",117.39666124147423,2.2,0.7,2.1
5,"4,9,11,12,15","(1.500,0.500);(2.500,1.000);(2.000,1.500);(2.500,1.500);(2.500,2.000)","0.12500,0.12500,0.25000,0.12500,0.18800",117.39666124147423,2.2,1.3,2.1
5,"6,8,9,12,13","(2.500,0.500);(2.000,1.000);(2.500,1.000);(2.500,1.500);(1.500,2.000)","0.18800,0.12500,0.12500,0.12500,0.12500",117.39666124147423,2.2,1.2,2.1
5,"4,6,8,9,11","(1.500,0.500);(2.500,0.500);(2.000,1.000);(2.500,1.000);(2.000,1.500)","0.12500,0.18800,0.12500,0.12500,0.25000",117.52799499233657,2.1,0.9,1.4
5,"4,5,8,9,12","(1.500,0.500);(2.000,0.500);(2.000,1.000);(2.500,1.000);(2.500,1.500)","0.12500,0.25000,0.12500,0.12500,0.12500",117.52799499233659,2.1,0.9,1.4
5,"5,8,9,10,12","(2.000,0.500);(2.000,1.000);(2.500,1.000);(1.500,1.500);(2.500,1.500)","0.25000,0.12500,0.12500,0.12500,0.12500",117.52799499233659,2.1,1.1,1.4
5,"6,8,9,10,11","(2.500,0.500);(2.000,1.000);(2.500,1.000);(1.500,1.500);(2.000,1.500)","0.18800,0.12500,0.12500,0.12500,0.25000",117.52799499233659,2.1,1.1,1.4
5,"8,11,12,13,15","(2.000,1.000);(2.000,1.500);(2.500,1.500);(1.500,2.000);(2.500,2.000)","0.12500,0.25000,0.12500,0.12500,0.18800",117.52799499233659,2.1,1.6,1.4
5,"9,11,12,13,14","(2.500,1.000);(2.000,1.500);(2.500,1.500);(1.500,2.000);(2.000,2.000)","0.12500,0.25000,0.12500,0.12500,0.12500",117.52799499233659,2.1,1.6,1.4
5,"2,4,5,6,9","(2.000,0.000);(1.500,0.500);(2.000,0.500);(2.500,0.500);(2.500,1.000)","0.12500,0.12500,0.25000,0.18800,0.12500",117.80972450961723,2.1,0.5,1.2
5,"3,4,5,6,8","(2.500,0.000);(1.500,0.500);(2.000,0.500);(2.500,0.500);(2.000,1.000)","0.18800,0.12500,0.25000,0.18800,0.12500",117.80972450961723,2.1,0.5,1.2
5,"8,10,11,12,15","(2.000,1.000);(1.500,1.500);(2.000,1.500);(2.500,1.500);(2.500,2.000)","0.12500,0.12500,0.25000,0.12500,0.18800",117.80972450961723,2.1,1.5,1.2
5,"9,10,11,12,14","(2.500,1.000);(1.500,1.500);(2.000,1.500);(2.500,1.500);(2.000,2.000)","0.12500,0.12500,0.25000,0.12500,0.12500",117.80972450961723,2.1,1.5,1.2
5,"2,3,4,6,9","(2.000,0.000);(2.500,0.000);(1.500,0.500);(2.500,0.500);(2.500,1.000)","0.12500,0.18800,0.12500,0.18800,0.12500",119.20165002302643,2.2,0.4,1.5
5,"3,4,6,8,9","(2.500,0.000);(1.500,0.500);(2.500,0.500);(2.000,1.000);(2.500,1.000)","0.18800,0.12500,0.18800,0.12500,0.12500",119.20165002302643,2.2,0.6,1.5
5,"8,9,10,12,15","(2.000,1.000);(2.500,1.000);(1.500,1.500);(2.500,1.500);(2.500,2.000)","0.12500,0.12500,0.12500,0.12500,0.18800",119.20165002302645,2.2,1.4,1.5
5,"9,10,12,14,15","(2.500,1.000);(1.500,1.500);(2.500,1.500);(2.000,2.000);(2.500,2.000)","0.12500,0.12500,0.12500,0.12500,0.18800",119.20165002302645,2.2,1.6,1.5
5,"4,5,6,9,12","(1.500,0.500);(2.000,0.500);(2.500,0.500);(2.500,1.000);(2.500,1.500)","0.12500,0.25000,0.18800,0.12500,0.12500",119.38403555415623,2.2,0.8,1.6
5,"6,9,10,11,12","(2.500,0.500);(2.500,1.000);(1.500,1.500);(2.000,1.500);(2.500,1.500)","0.18800,0.12500,0.12500,0.25000,0.12500",119.38403555415623,2.2,1.2,1.6
5,"9,12,13,14,15","(2.500,1.000);(2.500,1.500);(1.500,2.000);(2.000,2.000);(2.500,2.000)","0.12500,0.12500,0.12500,0.12500,0.18800",119.38403555415623,2.2,1.7,1.6
5,"4,5,8,9,11","(1.500,0.500);(2.000,0.500);(2.000,1.000);(2.500,1.000);(2.000,1.500)","0.12500,0.25000,0.12500,0.12500,0.25000",119.75215721812859,2.0,0.9,1.2
5,"5,8,9,10,11","(2.000,0.500);(2.000,1.000);(2.500,1.000);(1.500,1.500);(2.000,1.500)","0.25000,0.12500,0.12500,0.12500,0.25000",119.7521572181286,2.0,1.1,1.2
5,"8,11,12,13,14","(2.000,1.000);(2.000,1.500);(2.500,1.500);(1.500,2.000);(2.000,2.000)","0.12500,0.25000,0.12500,0.12500,0.12500",119.7521572181286,2.0,1.6,1.2
5,"2,3,5,6,10","(2.000,0.000);(2.500,0.000);(2.000,0.500);(2.500,0.500);(1.500,1.500)","0.12500,0.18800,0.25000,0.18800,0.12500",119.90917202859303,2.1,0.5,2.2
5,"4,11,12,14,15","(1.500,0.500);(2.000,1.500);(2.500,1.500);(2.000,2.000);(2.500,2.000)","0.12500,0.25000,0.12500,0.12500,0.18800",119.90917202859303,2.1,1.5,2.2
5,"5,6,8,9,13","(2.000,0.500);(2.500,0.500);(2.000,1.000);(2.500,1.000);(1.500,2.000)","0.25000,0.18800,0.12500,0.12500,0.12500",119.90917202859303,2.1,1.0,2.2
5,"4,6,9,11,12","(1.500,0.500);(2.500,0.500);(2.500,1.000);(2.000,1.500);(2.500,1.500)","0.12500,0.18800,0.12500,0.25000,0.12500",120.73693295831781,2.2,1.0,1.8
5,"5,6,9,10,12","(2.000,0.500);(2.500,0.500);(2.500,1.000);(1.500,1.500);(2.500,1.500)","0.25000,0.18800,0.12500,0.12500,0.12500",120.73693295831781,2.2,1.0,1.8
5,"8,9,12,13,15","(2.000,1.000);(2.500,1.000);(2.500,1.500);(1.500,2.000);(2.500,2.000)","0.12500,0.12500,0.12500,0.12500,0.18800",120.73693295831781,2.2,1.5,1.8
5,"2,4,5,6,8","(2.000,0.000);(1.500,0.500);(2.000,0.500);(2.500,0.500);(2.000,1.000)","0.12500,0.12500,0.25000,0.18800,0.12500",122.7184630308513,2.0,0.5,1.0
5,"8,10,11,12,14","(2.000,1.000);(1.500,1.500);(2.000,1.500);(2.500,1.500);(2.000,2.000)","0.12500,0.12500,0.25000,0.12500,0.12500",122.7184630308513,2.0,1.5,1.0
5,"2,5,8,9,12","(2.000,0.000);(2.000,0.500);(2.000,1.000);(2.500,1.000);(2.500,1.500)","0.12500,0.25000,0.12500,0.12500,0.12500",122.90531017357887,2.2,0.8,1.6
5,"2,6,8,9,11","(2.000,0.000);(2.500,0.500);(2.000,1.000);(2.500,1.000);(2.000,1.500)","0.12500,0.18800,0.12500,0.12500,0.25000",122.90531017357887,2.2,0.8,1.6
5,"5,8,9,12,14","(2.000,0.500);(2.000,1.000);(2.500,1.000);(2.500,1.500);(2.000,2.000)","0.25000,0.12500,0.12500,0.12500,0.12500",122.90531017357887,2.2,1.2,1.6
5,"6,8,9,11,14","(2.500,0.500);(2.000,1.000);(2.500,1.000);(2.000,1.500);(2.000,2.000)","0.18800,0.12500,0.12500,0.25000,0.12500",122.90531017357887,2.2,1.2,1.6
5,"2,5,6,9,12","(2.000,0.000);(2.000,0.500);(2.500,0.500);(2.500,1.000);(2.500,1.500)","0.12500,0.25000,0.18800,0.12500,0.12500",123.97246653561696,2.3,0.7,1.6
5,"6,9,11,12,14","(2.500,0.500);(2.500,1.000);(2.000,1.500);(2.500,1.500);(2.000,2.000)","0.18800,0.12500,0.25000,0.12500,0.12500",123.97246653561696,2.3,1.3,1.6
5,"3,6,8,9,10","(2.500,0.000);(2.500,0.500);(2.000,1.000);(2.500,1.000);(1.500,1.500)","0.18800,0.18800,0.12500,0.12500,0.12500",124.0660002770484,2.2,0.8,2.1
5,"4,8,9,12,15","(1.500,0.500);(2.000,1.000);(2.500,1.000);(2.500,1.500);(2.500,2.000)","0.12500,0.12500,0.12500,0.12500,0.18800",124.0660002770484,2.2,1.2,2.1
5,"6,9,11,12,13","(2.500,0.500);(2.500,1.000);(2.000,1.500);(2.500,1.500);(1.500,2.000)","0.18800,0.12500,0.25000,0.12500,0.12500",124.0660002770484,2.2,1.3,2.1
5,"2,5,6,9,10","(2.000,0.000);(2.000,0.500);(2.500,0.500);(2.500,1.000);(1.500,1.500)","0.12500,0.25000,0.18800,0.12500,0.12500",124.70443358920085,2.1,0.7,2.0
5,"3,5,6,8,10","(2.500,0.000);(2.000,0.500);(2.500,0.500);(2.000,1.000);(1.500,1.500)","0.18800,0.25000,0.18800,0.12500,0.12500",124.70443358920085,2.1,0.7,2.0
5,"4,8,11,12,15","(1.500,0.500);(2.000,1.000);(2.000,1.500);(2.500,1.500);(2.500,2.000)","0.12500,0.12500,0.25000,0.12500,0.18800",124.70443358920085,2.1,1.3,2.0
5,"4,9,11,12,14","(1.500,0.500);(2.500,1.000);(2.000,1.500);(2.500,1.500);(2.000,2.000)","0.12500,0.12500,0.25000,0.12500,0.12500",124.70443358920085,2.1,1.3,2.0
5,"5,8,9,12,13","(2.000,0.500);(2.000,1.000);(2.500,1.000);(2.500,1.500);(1.500,2.000)","0.25000,0.12500,0.12500,0.12500,0.12500",124.70443358920085,2.1,1.2,2.0
5,"6,8,9,11,13","(2.500,0.500);(2.000,1.000);(2.500,1.000);(2.000,1.500);(1.500,2.000)","0.18800,0.12500,0.12500,0.25000,0.12500",124.70443358920085,2.1,1.2,2.0
5,"2,5,8,9,11","(2.000,0.000);(2.000,0.500);(2.000,1.000);(2.500,1.000);(2.000,1.500)","0.12500,0.25000,0.12500,0.12500,0.25000",125.81455036036682,2.1,0.8,1.5
5,"5,8,9,11,14","(2.000,0.500);(2.000,1.000);(2.500,1.000);(2.000,1.500);(2.000,2.000)","0.25000,0.12500,0.12500,0.25000,0.12500",125.81455036036682,2.1,1.2,1.5
5,"2,6,9,11,12","(2.000,0.000);(2.500,0.500);(2.500,1.000);(2.000,1.500);(2.500,1.500)","0.12500,0.18800,0.12500,0.25000,0.12500",125.89498343424967,2.3,0.9,2.0
5,"5,6,9,12,14","(2.000,0.500);(2.500,0.500);(2.500,1.000);(2.500,1.500);(2.000,2.000)","0.25000,0.18800,0.12500,0.12500,0.12500",125.89498343424968,2.3,1.1,2.0
5,"2,5,6,8,10","(2.000,0.000);(2.000,0.500);(2.500,0.500);(2.000,1.000);(1.500,1.500)","0.12500,0.25000,0.18800,0.12500,0.12500",126.23042969759193,2.0,0.7,1.8
5,"4,8,11,12,14","(1.500,0.500);(2.000,1.000);(2.000,1.500);(2.500,1.500);(2.000,2.000)","0.12500,0.12500,0.25000,0.12500,0.12500",126.23042969759193,2.0,1.3,1.8
5,"5,8,9,11,13","(2.000,0.500);(2.000,1.000);(2.500,1.000);(2.000,1.500);(1.500,2.000)","0.25000,0.12500,0.12500,0.25000,0.12500",126.23042969759193,2.0,1.2,1.8
5,"2,9,11,12,15","(2.000,0.000);(2.500,1.000);(2.000,1.500);(2.500,1.500);(2.500,2.000)","0.12500,0.12500,0.25000,0.12500,0.18800",127.05183023475425,2.3,1.2,2.6
5,"3,5,6,9,14","(2.500,0.000);(2.000,0.500);(2.500,0.500);(2.500,1.000);(2.000,2.000)","0.18800,0.25000,0.18800,0.12500,0.12500",127.05183023475425,2.3,0.8,2.6
5,"4,7,8,10,11","(1.500,0.500);(1.500,1.000);(2.000,1.000);(1.500,1.500);(2.000,1.500)","0.12500,0.18800,0.12500,0.12500,0.25000",127.59658204629409,1.7,1.1,1.0
5,"7,8,10,11,13","(1.500,1.000);(2.000,1.000);(1.500,1.500);(2.000,1.500);(1.500,2.000)","0.18800,0.12500,0.12500,0.25000,0.12500",127.59658204629409,1.7,1.4,1.0
5,"4,5,7,8,10","(1.500,0.500);(2.000,0.500);(1.500,1.000);(2.000,1.000);(1.500,1.500)","0.12500,0.25000,0.18800,0.12500,0.12500",127.59658204629413,1.7,0.9,1.0
5,"3,5,6,8,12","(2.500,0.000);(2.000,0.500);(2.500,0.500);(2.000,1.000);(2.500,1.500)","0.18800,0.25000,0.18800,0.12500,0.12500",127.6849832140299,2.3,0.7,1.6
5,"4,7,8,9,11","(1.500,0.500);(1.500,1.000);(2.000,1.000);(2.500,1.000);(2.000,1.500)","0.12500,0.18800,0.12500,0.12500,0.25000",128.11797531207966,1.9,1.0,1.2
5,"5,7,8,9,10","(2.000,0.500);(1.500,1.000);(2.000,1.000);(2.500,1.000);(1.500,1.500)","0.25000,0.18800,0.12500,0.12500,0.12500",128.11797531207966,1.9,1.0,1.2
5,"8,10,11,12,13","(2.000,1.000);(1.500,1.500);(2.000,1.500);(2.500,1.500);(1.500,2.000)","0.12500,0.12500,0.25000,0.12500,0.12500",128.11797531207966,1.9,1.5,1.2
5,"2,3,6,8,9","(2.000,0.000);(2.500,0.000);(2.500,0.500);(2.000,1.000);(2.500,1.000)","0.12500,0.18800,0.18800,0.12500,0.12500",128.34220547459915,2.3,0.5,1.3
5,"8,9,12,14,15","(2.000,1.000);(2.500,1.000);(2.500,1.500);(2.000,2.000);(2.500,2.000)","0.12500,0.12500,0.12500,0.12500,0.18800",128.34220547459915,2.3,1.5,1.3
5,"2,3,6,9,12","(2.000,0.000);(2.500,0.000);(2.500,0.500);(2.500,1.000);(2.500,1.500)","0.12500,0.18800,0.18800,0.12500,0.12500",129.2649215868659,2.4,0.6,1.9
5,"2,3,6,9,10","(2.000,0.000);(2.500,0.000);(2.500,0.500);(2.500,1.000);(1.500,1.500)","0.12500,0.18800,0.18800,0.12500,0.12500",129.5005876135915,2.2,0.6,2.5
5,"4,9,12,14,15","(1.500,0.500);(2.500,1.000);(2.500,1.500);(2.000,2.000);(2.500,2.000)","0.12500,0.12500,0.12500,0.12500,0.18800",129.5005876135915,2.2,1.4,2.5
5,"5,6,9,12,13","(2.000,0.500);(2.500,0.500);(2.500,1.000);(2.500,1.500);(1.500,2.000)","0.25000,0.18800,0.12500,0.12500,0.12500",129.5005876135915,2.2,1.1,2.5
5,"4,5,6,8,10","(1.500,0.500);(2.000,0.500);(2.500,0.500);(2.000,1.000);(1.500,1.500)","0.12500,0.25000,0.18800,0.12500,0.12500",129.8810313773627,1.9,0.8,1.5
5,"4,8,10,11,12","(1.500,0.500);(2.000,1.000);(1.500,1.500);(2.000,1.500);(2.500,1.500)","0.12500,0.12500,0.12500,0.25000,0.12500",129.8810313773627,1.9,1.2,1.5
5,"7,8,9,11,13","(1.500,1.000);(2.000,1.000);(2.500,1.000);(2.000,1.500);(1.500,2.000)","0.18800,0.12500,0.12500,0.25000,0.12500",129.8810313773627,1.9,1.3,1.5
5,"4,5,9,11,12","(1.500,0.500);(2.000,0.500);(2.500,1.000);(2.000,1.500);(2.500,1.500)","0.12500,0.25000,0.12500,0.25000,0.12500",130.81310616355012,2.1,1.0,1.7
5,"4,6,8,11,12","(1.500,0.500);(2.500,0.500);(2.000,1.000);(2.000,1.500);(2.500,1.500)","0.12500,0.18800,0.12500,0.25000,0.12500",130.81310616355012,2.1,1.0,1.7
5,"5,6,8,10,12","(2.000,0.500);(2.500,0.500);(2.000,1.000);(1.500,1.500);(2.500,1.500)","0.25000,0.18800,0.12500,0.12500,0.12500",130.81310616355012,2.1,1.0,1.7
5,"5,6,9,10,11","(2.000,0.500);(2.500,0.500);(2.500,1.000);(1.500,1.500);(2.000,1.500)","0.25000,0.18800,0.12500,0.12500,0.25000",130.81310616355012,2.1,1.0,1.7
5,"8,9,11,13,15","(2.000,1.000);(2.500,1.000);(2.000,1.500);(1.500,2.000);(2.500,2.000)","0.12500,0.12500,0.25000,0.12500,0.18800",130.81310616355012,2.1,1.5,1.7
5,"8,9,12,13,14","(2.000,1.000);(2.500,1.000);(2.500,1.500);(1.500,2.000);(2.000,2.000)","0.12500,0.12500,0.12500,0.12500,0.12500",130.81310616355012,2.1,1.5,1.7
5,"4,5,6,8,12","(1.500,0.500);(2.000,0.500);(2.500,0.500);(2.000,1.000);(2.500,1.500)","0.12500,0.25000,0.18800,0.12500,0.12500",131.2957997397569,2.1,0.8,1.5
5,"4,5,6,9,11","(1.500,0.500);(2.000,0.500);(2.500,0.500);(2.500,1.000);(2.000,1.500)","0.12500,0.25000,0.18800,0.12500,0.25000",131.2957997397569,2.1,0.8,1.5
5,"5,9,10,11,12","(2.000,0.500);(2.500,1.000);(1.500,1.500);(2.000,1.500);(2.500,1.500)","0.25000,0.12500,0.12500,0.25000,0.12500",131.2957997397569,2.1,1.2,1.5
5,"6,8,10,11,12","(2.500,0.500);(2.000,1.000);(1.500,1.500);(2.000,1.500);(2.500,1.500)","0.18800,0.12500,0.12500,0.25000,0.12500",131.2957997397569,2.1,1.2,1.5
5,"8,12,13,14,15","(2.000,1.000);(2.500,1.500);(1.500,2.000);(2.000,2.000);(2.500,2.000)","0.12500,0.12500,0.12500,0.12500,0.18800",131.2957997397569,2.1,1.7,1.5
5,"9,11,13,14,15","(2.500,1.000);(2.000,1.500);(1.500,2.000);(2.000,2.000);(2.500,2.000)","0.12500,0.25000,0.12500,0.12500,0.18800",131.2957997397569,2.1,1.7,1.5
5,"3,6,8,9,12","(2.500,0.000);(2.500,0.500);(2.000,1.000);(2.500,1.000);(2.500,1.500)","0.18800,0.18800,0.12500,0.12500,0.12500",131.40029303105982,2.4,0.8,1.5
5,"2,5,6,8,12","(2.000,0.000);(2.000,0.500);(2.500,0.500);(2.000,1.000);(2.500,1.500)","0.12500,0.25000,0.18800,0.12500,0.12500",131.4444510278111,2.2,0.7,1.6
5,"2,8,9,12,15","(2.000,0.000);(2.000,1.000);(2.500,1.000);(2.500,1.500);(2.500,2.000)","0.12500,0.12500,0.12500,0.12500,0.18800",131.6773585870918,2.3,1.1,2.5
5,"3,6,8,9,14","(2.500,0.000);(2.500,0.500);(2.000,1.000);(2.500,1.000);(2.000,2.000)","0.18800,0.18800,0.12500,0.12500,0.12500",131.6773585870918,2.3,0.9,2.5
5,"10,11,12,13,14","(1.500,1.500);(2.000,1.500);(2.500,1.500);(1.500,2.000);(2.000,2.000)","0.12500,0.25000,0.12500,0.12500,0.12500",131.9000657424016,1.9,1.7,1.0
5,"10,11,13,14,15","(1.500,1.500);(2.000,1.500);(1.500,2.000);(2.000,2.000);(2.500,2.000)","0.12500,0.25000,0.12500,0.12500,0.18800",131.9000657424016,1.9,1.8,1.0
5,"4,5,7,8,9","(1.500,0.500);(2.000,0.500);(1.500,1.000);(2.000,1.000);(2.500,1.000)","0.12500,0.25000,0.18800,0.12500,0.12500",131.9000657424016,1.9,0.8,1.0
5,"7,8,9,10,11","(1.500,1.000);(2.000,1.000);(2.500,1.000);(1.500,1.500);(2.000,1.500)","0.18800,0.12500,0.12500,0.12500,0.25000",131.9000657424016,1.9,1.2,1.0
5,"1,2,3,4,5","(1.500,0.000);(2.000,0.000);(2.500,0.000);(1.500,0.500);(2.000,0.500)","0.18800,0.12500,0.18800,0.12500,0.25000",131.90006574240164,1.9,0.2,1.0
5,"2,3,4,6,8","(2.000,0.000);(2.500,0.000);(1.500,0.500);(2.500,0.500);(2.000,1.000)","0.12500,0.18800,0.12500,0.18800,0.12500",132.64707856035974,2.1,0.4,1.4
5,"2,4,6,8,9","(2.000,0.000);(1.500,0.500);(2.500,0.500);(2.000,1.000);(2.500,1.000)","0.12500,0.12500,0.18800,0.12500,0.12500",132.64707856035974,2.1,0.6,1.4
5,"8,10,12,14,15","(2.000,1.000);(1.500,1.500);(2.500,1.500);(2.000,2.000);(2.500,2.000)","0.12500,0.12500,0.12500,0.12500,0.18800",132.64707856035974,2.1,1.6,1.4
5,"8,9,10,12,14","(2.000,1.000);(2.500,1.000);(1.500,1.500);(2.500,1.500);(2.000,2.000)","0.12500,0.12500,0.12500,0.12500,0.12500",132.64707856035974,2.1,1.4,1.4
5,"2,3,4,5,9","(2.000,0.000);(2.500,0.000);(1.500,0.500);(2.000,0.500);(2.500,1.000)","0.12500,0.18800,0.12500,0.25000,0.12500",132.64707856035977,2.1,0.4,1.4
5,"3,4,5,8,9","(2.500,0.000);(1.500,0.500);(2.000,0.500);(2.000,1.000);(2.500,1.000)","0.18800,0.12500,0.25000,0.12500,0.12500",132.64707856035977,2.1,0.6,1.4
5,"8,9,10,11,15","(2.000,1.000);(2.500,1.000);(1.500,1.500);(2.000,1.500);(2.500,2.000)","0.12500,0.12500,0.12500,0.25000,0.18800",132.64707856035977,2.1,1.4,1.4
5,"9,10,11,14,15","(2.500,1.000);(1.500,1.500);(2.000,1.500);(2.000,2.000);(2.500,2.000)","0.12500,0.12500,0.25000,0.12500,0.18800",132.64707856035977,2.1,1.6,1.4
5,"2,6,8,9,10","(2.000,0.000);(2.500,0.500);(2.000,1.000);(2.500,1.000);(1.500,1.500)","0.12500,0.18800,0.12500,0.12500,0.12500",132.82906859086705,2.1,0.8,2.0
5,"3,5,8,9,10","(2.500,0.000);(2.000,0.500);(2.000,1.000);(2.500,1.000);(1.500,1.500)","0.18800,0.25000,0.12500,0.12500,0.12500",132.82906859086705,2.1,0.8,2.0
5,"4,8,9,11,15","(1.500,0.500);(2.000,1.000);(2.500,1.000);(2.000,1.500);(2.500,2.000)","0.12500,0.12500,0.12500,0.25000,0.18800",132.82906859086705,2.1,1.2,2.0
5,"4,8,9,12,14","(1.500,0.500);(2.000,1.000);(2.500,1.000);(2.500,1.500);(2.000,2.000)","0.12500,0.12500,0.12500,0.12500,0.12500",132.82906859086705,2.1,1.2,2.0
5,"5,9,11,12,13","(2.000,0.500);(2.500,1.000);(2.000,1.500);(2.500,1.500);(1.500,2.000)","0.25000,0.12500,0.25000,0.12500,0.12500",132.82906859086705,2.1,1.3,2.0
5,"6,8,11,12,13","(2.500,0.500);(2.000,1.000);(2.000,1.500);(2.500,1.500);(1.500,2.000)","0.18800,0.12500,0.25000,0.12500,0.12500",132.82906859086705,2.1,1.3,2.0
5,"4,5,8,9,10","(1.500,0.500);(2.000,0.500);(2.000,1.000);(2.500,1.000);(1.500,1.500)","0.12500,0.25000,0.12500,0.12500,0.12500",133.60455109606352,1.9,0.9,1.4
5,"4,7,8,11,12","(1.500,0.500);(1.500,1.000);(2.000,1.000);(2.000,1.500);(2.500,1.500)","0.12500,0.18800,0.12500,0.25000,0.12500",133.60455109606352,1.9,1.1,1.4
5,"4,8,9,10,11","(1.500,0.500);(2.000,1.000);(2.500,1.000);(1.500,1.500);(2.000,1.500)","0.12500,0.12500,0.12500,0.12500,0.25000",133.60455109606352,1.9,1.1,1.4
5,"5,6,7,8,10","(2.000,0.500);(2.500,0.500);(1.500,1.000);(2.000,1.000);(1.500,1.500)","0.25000,0.18800,0.18800,0.12500,0.12500",133.60455109606352,1.9,0.9,1.4
5,"7,8,11,12,13","(1.500,1.000);(2.000,1.000);(2.000,1.500);(2.500,1.500);(1.500,2.000)","0.18800,0.12500,0.25000,0.12500,0.12500",133.60455109606352,1.9,1.4,1.4
5,"8,9,10,11,13","(2.000,1.000);(2.500,1.000);(1.500,1.500);(2.000,1.500);(1.500,2.000)","0.12500,0.12500,0.12500,0.25000,0.12500",133.60455109606352,1.9,1.4,1.4
5,"3,5,6,9,13","(2.500,0.000);(2.000,0.500);(2.500,0.500);(2.500,1.000);(1.500,2.000)","0.18800,0.25000,0.18800,0.12500,0.12500",133.8338343864522,2.2,0.8,3.1
5,"3,4,6,9,12","(2.500,0.000);(1.500,0.500);(2.500,0.500);(2.500,1.000);(2.500,1.500)","0.18800,0.12500,0.18800,0.12500,0.12500",134.08718957341608,2.3,0.7,2.1
5,"6,9,10,12,15","(2.500,0.500);(2.500,1.000);(1.500,1.500);(2.500,1.500);(2.500,2.000)","0.18800,0.12500,0.12500,0.12500,0.18800",134.08718957341608,2.3,1.3,2.1
5,"1,2,3,5,8","(1.500,0.000);(2.000,0.000);(2.500,0.000);(2.000,0.500);(2.000,1.000)","0.18800,0.12500,0.18800,0.25000,0.12500",134.44460033890073,2.0,0.3,1.2999999999999998
5,"2,5,7,8,9","(2.000,0.000);(2.000,0.500);(1.500,1.000);(2.000,1.000);(2.500,1.000)","0.12500,0.25000,0.18800,0.12500,0.12500",134.44460033890073,2.0,0.7,1.3
5,"7,8,9,11,14","(1.500,1.000);(2.000,1.000);(2.500,1.000);(2.000,1.500);(2.000,2.000)","0.18800,0.12500,0.12500,0.25000,0.12500",134.44460033890073,2.0,1.3,1.3
5,"8,11,13,14,15","(2.000,1.000);(2.000,1.500);(1.500,2.000);(2.000,2.000);(2.500,2.000)","0.12500,0.25000,0.12500,0.12500,0.18800",134.44460033890073,2.0,1.7,1.3
5,"4,5,8,11,12","(1.500,0.500);(2.000,0.500);(2.000,1.000);(2.000,1.500);(2.500,1.500)","0.12500,0.25000,0.12500,0.25000,0.12500",134.68098143672134,2.0,1.0,1.5
5,"4,7,8,9,12","(1.500,0.500);(1.500,1.000);(2.000,1.000);(2.500,1.000);(2.500,1.500)","0.12500,0.18800,0.12500,0.12500,0.12500",134.68098143672134,2.0,1.0,1.5
5,"5,6,8,10,11","(2.000,0.500);(2.500,0.500);(2.000,1.000);(1.500,1.500);(2.000,1.500)","0.25000,0.18800,0.12500,0.12500,0.25000",134.68098143672134,2.0,1.0,1.5
5,"6,7,8,9,10","(2.500,0.500);(1.500,1.000);(2.000,1.000);(2.500,1.000);(1.500,1.500)","0.18800,0.18800,0.12500,0.12500,0.12500",134.68098143672134,2.0,1.0,1.5
5,"8,9,11,13,14","(2.000,1.000);(2.500,1.000);(2.000,1.500);(1.500,2.000);(2.000,2.000)","0.12500,0.12500,0.25000,0.12500,0.12500",134.68098143672134,2.0,1.5,1.5
5,"9,10,11,12,13","(2.500,1.000);(1.500,1.500);(2.000,1.500);(2.500,1.500);(1.500,2.000)","0.12500,0.12500,0.25000,0.12500,0.12500",134.68098143672134,2.0,1.5,1.5
5,"1,2,4,5,8","(1.500,0.000);(2.000,0.000);(1.500,0.500);(2.000,0.500);(2.000,1.000)","0.18800,0.12500,0.12500,0.25000,0.12500",134.88169836095952,1.8,0.4,1.0
5,"2,4,5,7,8","(2.000,0.000);(1.500,0.500);(2.000,0.500);(1.500,1.000);(2.000,1.000)","0.12500,0.12500,0.25000,0.18800,0.12500",134.88169836095952,1.8,0.6,1.0
5,"7,8,10,11,14","(1.500,1.000);(2.000,1.000);(1.500,1.500);(2.000,1.500);(2.000,2.000)","0.18800,0.12500,0.12500,0.25000,0.12500",134.88169836095952,1.8,1.4,1.0
5,"8,10,11,13,14","(2.000,1.000);(1.500,1.500);(2.000,1.500);(1.500,2.000);(2.000,2.000)","0.12500,0.12500,0.25000,0.12500,0.12500",134.88169836095952,1.8,1.6,1.0
5,"3,6,9,10,12","(2.500,0.000);(2.500,0.500);(2.500,1.000);(1.500,1.500);(2.500,1.500)","0.18800,0.18800,0.12500,0.12500,0.12500",135.51987150056547,2.3,0.9,2.5
5,"4,6,9,12,15","(1.500,0.500);(2.500,0.500);(2.500,1.000);(2.500,1.500);(2.500,2.000)","0.12500,0.18800,0.12500,0.12500,0.18800",135.51987150056547,2.3,1.1,2.5
5,"6,9,12,13,15","(2.500,0.500);(2.500,1.000);(2.500,1.500);(1.500,2.000);(2.500,2.000)","0.18800,0.12500,0.12500,0.12500,0.18800",135.51987150056547,2.3,1.4,2.5
5,"2,5,8,9,10","(2.000,0.000);(2.000,0.500);(2.000,1.000);(2.500,1.000);(1.500,1.500)","0.12500,0.25000,0.12500,0.12500,0.12500",135.80756719626592,2.0,0.8,1.8
5,"4,5,6,9,10","(1.500,0.500);(2.000,0.500);(2.500,0.500);(2.500,1.000);(1.500,1.500)","0.12500,0.25000,0.18800,0.12500,0.12500",135.80756719626592,2.0,0.8,1.8
5,"4,8,9,11,14","(1.500,0.500);(2.000,1.000);(2.500,1.000);(2.000,1.500);(2.000,2.000)","0.12500,0.12500,0.12500,0.25000,0.12500",135.80756719626592,2.0,1.2,1.8
5,"4,9,10,11,12","(1.500,0.500);(2.500,1.000);(1.500,1.500);(2.000,1.500);(2.500,1.500)","0.12500,0.12500,0.12500,0.25000,0.12500",135.80756719626592,2.0,1.2,1.8
5,"5,8,11,12,13","(2.000,0.500);(2.000,1.000);(2.000,1.500);(2.500,1.500);(1.500,2.000)","0.25000,0.12500,0.25000,0.12500,0.12500",135.80756719626592,2.0,1.3,1.8
5,"7,8,9,12,13","(1.500,1.000);(2.000,1.000);(2.500,1.000);(2.500,1.500);(1.500,2.000)","0.18800,0.12500,0.12500,0.12500,0.12500",135.80756719626592,2.0,1.3,1.8
5,"2,11,12,14,15","(2.000,0.000);(2.000,1.500);(2.500,1.500);(2.000,2.000);(2.500,2.000)","0.12500,0.25000,0.12500,0.12500,0.18800",135.89892014845867,2.2,1.4,3.0
5,"2,3,5,6,14","(2.000,0.000);(2.500,0.000);(2.000,0.500);(2.500,0.500);(2.000,2.000)","0.12500,0.18800,0.25000,0.18800,0.12500",135.89892014845867,2.2,0.6,2.9999999999999996
5,"2,4,5,6,10","(2.000,0.000);(1.500,0.500);(2.000,0.500);(2.500,0.500);(1.500,1.500)","0.12500,0.12500,0.25000,0.18800,0.12500",136.14391104734347,1.9,0.6,1.9
5,"4,10,11,12,14","(1.500,0.500);(1.500,1.500);(2.000,1.500);(2.500,1.500);(2.000,2.000)","0.12500,0.12500,0.25000,0.12500,0.12500",136.1439110473435,1.9,1.4,1.9
5,"5,7,8,9,13","(2.000,0.500);(1.500,1.000);(2.000,1.000);(2.500,1.000);(1.500,2.000)","0.25000,0.18800,0.12500,0.12500,0.12500",136.1439110473435,1.9,1.1,1.9
5,"2,8,11,12,15","(2.000,0.000);(2.000,1.000);(2.000,1.500);(2.500,1.500);(2.500,2.000)","0.12500,0.12500,0.25000,0.12500,0.18800",136.29909622373071,2.2,1.2,2.6
5,"3,5,6,8,14","(2.500,0.000);(2.000,0.500);(2.500,0.500);(2.000,1.000);(2.000,2.000)","0.18800,0.25000,0.18800,0.12500,0.12500",136.29909622373071,2.2,0.8,2.6
5,"2,5,6,9,14","(2.000,0.000);(2.000,0.500);(2.500,0.500);(2.500,1.000);(2.000,2.000)","0.12500,0.25000,0.18800,0.12500,0.12500",136.29909622373074,2.2,0.8,2.6
5,"2,9,11,12,14","(2.000,0.000);(2.500,1.000);(2.000,1.500);(2.500,1.500);(2.000,2.000)","0.12500,0.12500,0.25000,0.12500,0.12500",136.29909622373074,2.2,1.2,2.6
5,"2,7,8,9,11","(2.000,0.000);(1.500,1.000);(2.000,1.000);(2.500,1.000);(2.000,1.500)","0.12500,0.18800,0.12500,0.12500,0.25000",136.6642687585464,2.0,0.9,1.7
5,"5,7,8,9,14","(2.000,0.500);(1.500,1.000);(2.000,1.000);(2.500,1.000);(2.000,2.000)","0.25000,0.18800,0.12500,0.12500,0.12500",136.6642687585464,2.0,1.1,1.7
5,"3,6,8,9,13","(2.500,0.000);(2.500,0.500);(2.000,1.000);(2.500,1.000);(1.500,2.000)","0.18800,0.18800,0.12500,0.12500,0.12500",136.75567987450475,2.2,0.9,3.0
5,"2,5,9,11,12","(2.000,0.000);(2.000,0.500);(2.500,1.000);(2.000,1.500);(2.500,1.500)","0.12500,0.25000,0.12500,0.25000,0.12500",136.9362198374956,2.2,0.9,2.0
5,"2,6,8,11,12","(2.000,0.000);(2.500,0.500);(2.000,1.000);(2.000,1.500);(2.500,1.500)","0.12500,0.18800,0.12500,0.25000,0.12500",136.9362198374956,2.2,0.9,2.0
5,"5,6,8,12,14","(2.000,0.500);(2.500,0.500);(2.000,1.000);(2.500,1.500);(2.000,2.000)","0.25000,0.18800,0.12500,0.12500,0.12500",136.9362198374956,2.2,1.1,2.0
5,"5,6,9,11,14","(2.000,0.500);(2.500,0.500);(2.500,1.000);(2.000,1.500);(2.000,2.000)","0.25000,0.18800,0.12500,0.25000,0.12500",136.9362198374956,2.2,1.1,2.0
5,"1,2,3,4,6","(1.500,0.000);(2.000,0.000);(2.500,0.000);(1.500,0.500);(2.500,0.500)","0.18800,0.12500,0.18800,0.12500,0.18800",137.17804929685963,2.0,0.2,1.3
5,"10,11,12,13,15","(1.500,1.500);(2.000,1.500);(2.500,1.500);(1.500,2.000);(2.500,2.000)","0.12500,0.25000,0.12500,0.12500,0.18800",137.17804929685963,2.0,1.7,1.3
5,"10,12,13,14,15","(1.500,1.500);(2.500,1.500);(1.500,2.000);(2.000,2.000);(2.500,2.000)","0.12500,0.12500,0.12500,0.12500,0.18800",137.17804929685963,2.0,1.8,1.3
5,"4,5,6,8,11","(1.500,0.500);(2.000,0.500);(2.500,0.500);(2.000,1.000);(2.000,1.500)","0.12500,0.25000,0.18800,0.12500,0.25000",137.17804929685963,2.0,0.8,1.3
5,"4,6,7,8,9","(1.500,0.500);(2.500,0.500);(1.500,1.000);(2.000,1.000);(2.500,1.000)","0.12500,0.18800,0.18800,0.12500,0.12500",137.17804929685963,2.0,0.8,1.3
5,"5,8,10,11,12","(2.000,0.500);(2.000,1.000);(1.500,1.500);(2.000,1.500);(2.500,1.500)","0.25000,0.12500,0.12500,0.25000,0.12500",137.17804929685963,2.0,1.2,1.3
5,"7,8,9,10,12","(1.500,1.000);(2.000,1.000);(2.500,1.000);(1.500,1.500);(2.500,1.500)","0.18800,0.12500,0.12500,0.12500,0.12500",137.17804929685963,2.0,1.2,1.3
5,"2,5,6,9,11","(2.000,0.000);(2.000,0.500);(2.500,0.500);(2.500,1.000);(2.000,1.500)","0.12500,0.25000,0.18800,0.12500,0.25000",137.2015518131141,2.2,0.7,1.6
5,"5,9,11,12,14","(2.000,0.500);(2.500,1.000);(2.000,1.500);(2.500,1.500);(2.000,2.000)","0.25000,0.12500,0.25000,0.12500,0.12500",137.2015518131141,2.2,1.3,1.6
5,"6,8,11,12,14","(2.500,0.500);(2.000,1.000);(2.000,1.500);(2.500,1.500);(2.000,2.000)","0.18800,0.12500,0.25000,0.12500,0.12500",137.2015518131141,2.2,1.3,1.6
5,"2,3,5,9,10","(2.000,0.000);(2.500,0.000);(2.000,0.500);(2.500,1.000);(1.500,1.500)","0.12500,0.18800,0.25000,0.12500,0.12500",137.5752459597124,2.1,0.6,2.4
5,"2,3,6,8,10","(2.000,0.000);(2.500,0.000);(2.500,0.500);(2.000,1.000);(1.500,1.500)","0.12500,0.18800,0.18800,0.12500,0.12500",137.5752459597124,2.1,0.6,2.4
5,"4,8,12,14,15","(1.500,0.500);(2.000,1.000);(2.500,1.500);(2.000,2.000);(2.500,2.000)","0.12500,0.12500,0.12500,0.12500,0.18800",137.57524595971242,2.1,1.4,2.4
5,"4,9,11,14,15","(1.500,0.500);(2.500,1.000);(2.000,1.500);(2.000,2.000);(2.500,2.000)","0.12500,0.12500,0.25000,0.12500,0.18800",137.57524595971242,2.1,1.4,2.4
5,"5,6,8,12,13","(2.000,0.500);(2.500,0.500);(2.000,1.000);(2.500,1.500);(1.500,2.000)","0.25000,0.18800,0.12500,0.12500,0.12500",137.57524595971242,2.1,1.1,2.4
5,"5,6,9,11,13","(2.000,0.500);(2.500,0.500);(2.500,1.000);(2.000,1.500);(1.500,2.000)","0.25000,0.18800,0.12500,0.25000,0.12500",137.57524595971242,2.1,1.1,2.4
5,"4,6,8,9,10","(1.500,0.500);(2.500,0.500);(2.000,1.000);(2.500,1.000);(1.500,1.500)","0.12500,0.18800,0.12500,0.12500,0.12500",139.17545872875743,2.0,0.9,1.7
5,"4,7,9,11,12","(1.500,0.500);(1.500,1.000);(2.500,1.000);(2.000,1.500);(2.500,1.500)","0.12500,0.18800,0.12500,0.25000,0.12500",139.17545872875743,2.0,1.1,1.7
5,"4,8,9,10,12","(1.500,0.500);(2.000,1.000);(2.500,1.000);(1.500,1.500);(2.500,1.500)","0.12500,0.12500,0.12500,0.12500,0.12500",139.17545872875743,2.0,1.1,1.7
5,"7,9,11,12,13","(1.500,1.000);(2.500,1.000);(2.000,1.500);(2.500,1.500);(1.500,2.000)","0.18800,0.12500,0.25000,0.12500,0.12500",139.17545872875743,2.0,1.4,1.7
5,"8,9,10,12,13","(2.000,1.000);(2.500,1.000);(1.500,1.500);(2.500,1.500);(1.500,2.000)","0.12500,0.12500,0.12500,0.12500,0.12500",139.17545872875743,2.0,1.4,1.7
5,"5,6,7,9,10","(2.000,0.500);(2.500,0.500);(1.500,1.000);(2.500,1.000);(1.500,1.500)","0.25000,0.18800,0.18800,0.12500,0.12500",139.17545872875746,2.0,0.9,1.7000000000000002
5,"2,3,6,9,14","(2.000,0.000);(2.500,0.000);(2.500,0.500);(2.500,1.000);(2.000,2.000)","0.12500,0.18800,0.18800,0.12500,0.12500",139.84652068545134,2.3,0.7,3.1
5,"2,9,12,14,15","(2.000,0.000);(2.500,1.000);(2.500,1.500);(2.000,2.000);(2.500,2.000)","0.12500,0.12500,0.12500,0.12500,0.18800",139.84652068545134,2.3,1.3,3.1
5,"2,4,5,8,10","(2.000,0.000);(1.500,0.500);(2.000,0.500);(2.000,1.000);(1.500,1.500)","0.12500,0.12500,0.25000,0.12500,0.12500",140.47881390048408,1.8,0.7,1.6
5,"4,8,10,11,14","(1.500,0.500);(2.000,1.000);(1.500,1.500);(2.000,1.500);(2.000,2.000)","0.12500,0.12500,0.12500,0.25000,0.12500",140.47881390048408,1.8,1.3,1.6
5,"5,7,8,11,13","(2.000,0.500);(1.500,1.000);(2.000,1.000);(2.000,1.500);(1.500,2.000)","0.25000,0.18800,0.12500,0.25000,0.12500",140.47881390048408,1.8,1.2,1.6
5,"2,6,9,12,15","(2.000,0.000);(2.500,0.500);(2.500,1.000);(2.500,1.500);(2.500,2.000)","0.12500,0.18800,0.12500,0.12500,0.18800",140.48781550236853,2.4,1.0,2.7
5,"3,6,9,12,14","(2.500,0.000);(2.500,0.500);(2.500,1.000);(2.500,1.500);(2.000,2.000)","0.18800,0.18800,0.12500,0.12500,0.12500",140.48781550236853,2.4,1.0,2.7
5,"2,3,5,8,10","(2.000,0.000);(2.500,0.000);(2.000,0.500);(2.000,1.000);(1.500,1.500)","0.12500,0.18800,0.25000,0.12500,0.12500",140.54629618124977,2.0,0.6,2.2
5,"3,4,5,6,10","(2.500,0.000);(1.500,0.500);(2.000,0.500);(2.500,0.500);(1.500,1.500)","0.18800,0.12500,0.25000,0.18800,0.12500",140.54629618124977,2.0,0.6,2.2
5,"4,10,11,12,15","(1.500,0.500);(1.500,1.500);(2.000,1.500);(2.500,1.500);(2.500,2.000)","0.12500,0.12500,0.25000,0.12500,0.18800",140.54629618124977,2.0,1.4,2.2
5,"4,8,11,14,15","(1.500,0.500);(2.000,1.000);(2.000,1.500);(2.000,2.000);(2.500,2.000)","0.12500,0.12500,0.25000,0.12500,0.18800",140.54629618124977,2.0,1.4,2.2
5,"5,6,8,11,13","(2.000,0.500);(2.500,0.500);(2.000,1.000);(2.000,1.500);(1.500,2.000)","0.25000,0.18800,0.12500,0.25000,0.12500",140.54629618124977,2.0,1.1,2.2
5,"6,7,8,9,13","(2.500,0.500);(1.500,1.000);(2.000,1.000);(2.500,1.000);(1.500,2.000)","0.18800,0.18800,0.12500,0.12500,0.12500",140.54629618124977,2.0,1.1,2.2
5,"2,5,6,8,14","(2.000,0.000);(2.000,0.500);(2.500,0.500);(2.000,1.000);(2.000,2.000)","0.12500,0.25000,0.18800,0.12500,0.12500",140.61876252078753,2.1,0.8,2.5
5,"2,8,11,12,14","(2.000,0.000);(2.000,1.000);(2.000,1.500);(2.500,1.500);(2.000,2.000)","0.12500,0.12500,0.25000,0.12500,0.12500",140.61876252078753,2.1,1.2,2.5
5,"8,10,11,14,15","(2.000,1.000);(1.500,1.500);(2.000,1.500);(2.000,2.000);(2.500,2.000)","0.12500,0.12500,0.25000,0.12500,0.18800",140.69347313192264,2.0,1.6,1.2
5,"8,9,10,11,14","(2.000,1.000);(2.500,1.000);(1.500,1.500);(2.000,1.500);(2.000,2.000)","0.12500,0.12500,0.12500,0.25000,0.12500",140.69347313192264,2.0,1.4,1.2
5,"2,3,4,5,8","(2.000,0.000);(2.500,0.000);(1.500,0.500);(2.000,0.500);(2.000,1.000)","0.12500,0.18800,0.12500,0.25000,0.12500",140.69347313192267,2.0,0.4,1.2
5,"2,4,5,8,9","(2.000,0.000);(1.500,0.500);(2.000,0.500);(2.000,1.000);(2.500,1.000)","0.12500,0.12500,0.25000,0.12500,0.12500",140.69347313192267,2.0,0.6,1.2
5,"1,2,3,5,9","(1.500,0.000);(2.000,0.000);(2.500,0.000);(2.000,0.500);(2.500,1.000)","0.18800,0.12500,0.18800,0.25000,0.12500",141.05156348746738,2.1,0.3,1.5
5,"2,5,6,9,13","(2.000,0.000);(2.000,0.500);(2.500,0.500);(2.500,1.000);(1.500,2.000)","0.12500,0.25000,0.18800,0.12500,0.12500",141.05156348746738,2.1,0.8,3.0
5,"3,5,6,8,13","(2.500,0.000);(2.000,0.500);(2.500,0.500);(2.000,1.000);(1.500,2.000)","0.18800,0.25000,0.18800,0.12500,0.12500",141.05156348746738,2.1,0.8,3.0
5,"2,5,8,11,12","(2.000,0.000);(2.000,0.500);(2.000,1.000);(2.000,1.500);(2.500,1.500)","0.12500,0.25000,0.12500,0.25000,0.12500",141.31577422307245,2.1,0.9,1.9
5,"2,7,8,9,12","(2.000,0.000);(1.500,1.000);(2.000,1.000);(2.500,1.000);(2.500,1.500)","0.12500,0.18800,0.12500,0.12500,0.12500",141.31577422307245,2.1,0.9,1.9
5,"5,6,8,11,14","(2.000,0.500);(2.500,0.500);(2.000,1.000);(2.000,1.500);(2.000,2.000)","0.25000,0.18800,0.12500,0.25000,0.12500",141.31577422307248,2.1,1.1,1.9
5,"6,7,8,9,14","(2.500,0.500);(1.500,1.000);(2.000,1.000);(2.500,1.000);(2.000,2.000)","0.18800,0.18800,0.12500,0.12500,0.12500",141.31577422307248,2.1,1.1,1.9
5,"2,6,8,9,14","(2.000,0.000);(2.500,0.500);(2.000,1.000);(2.500,1.000);(2.000,2.000)","0.12500,0.18800,0.12500,0.12500,0.12500",141.80815734400167,2.2,0.9,2.5
5,"2,8,9,11,15","(2.000,0.000);(2.000,1.000);(2.500,1.000);(2.000,1.500);(2.500,2.000)","0.12500,0.12500,0.12500,0.25000,0.18800",141.80815734400167,2.2,1.1,2.5
5,"2,8,9,12,14","(2.000,0.000);(2.000,1.000);(2.500,1.000);(2.500,1.500);(2.000,2.000)","0.12500,0.12500,0.12500,0.12500,0.12500",141.80815734400167,2.2,1.1,2.5
5,"3,5,8,9,14","(2.500,0.000);(2.000,0.500);(2.000,1.000);(2.500,1.000);(2.000,2.000)","0.18800,0.25000,0.12500,0.12500,0.12500",141.80815734400167,2.2,0.9,2.5
5,"1,2,3,6,8","(1.500,0.000);(2.000,0.000);(2.500,0.000);(2.500,0.500);(2.000,1.000)","0.18800,0.12500,0.18800,0.18800,0.12500",141.966219615632,2.1,0.3,1.4999999999999998
5,"2,5,6,8,11","(2.000,0.000);(2.000,0.500);(2.500,0.500);(2.000,1.000);(2.000,1.500)","0.12500,0.25000,0.18800,0.12500,0.25000",141.966219615632,2.1,0.7,1.5
5,"2,6,7,8,9","(2.000,0.000);(2.500,0.500);(1.500,1.000);(2.000,1.000);(2.500,1.000)","0.12500,0.18800,0.18800,0.12500,0.12500",141.966219615632,2.1,0.7,1.5
5,"5,8,11,12,14","(2.000,0.500);(2.000,1.000);(2.000,1.500);(2.500,1.500);(2.000,2.000)","0.25000,0.12500,0.25000,0.12500,0.12500",141.966219615632,2.1,1.3,1.5
5,"7,8,9,12,14","(1.500,1.000);(2.000,1.000);(2.500,1.000);(2.500,1.500);(2.000,2.000)","0.18800,0.12500,0.12500,0.12500,0.12500",141.966219615632,2.1,1.3,1.5
5,"2,3,5,6,13","(2.000,0.000);(2.500,0.000);(2.000,0.500);(2.500,0.500);(1.500,2.000)","0.12500,0.18800,0.25000,0.18800,0.12500",142.14552078668865,2.1,0.6,3.3999999999999995
5,"2,3,5,9,12","(2.000,0.000);(2.500,0.000);(2.000,0.500);(2.500,1.000);(2.500,1.500)","0.12500,0.18800,0.25000,0.12500,0.12500",142.22254370145592,2.3,0.6,2.0
5,"2,3,6,8,12","(2.000,0.000);(2.500,0.000);(2.500,0.500);(2.000,1.000);(2.500,1.500)","0.12500,0.18800,0.18800,0.12500,0.12500",142.22254370145592,2.3,0.6,2.0
5,"6,9,12,14,15","(2.500,0.500);(2.500,1.000);(2.500,1.500);(2.000,2.000);(2.500,2.000)","0.18800,0.12500,0.12500,0.12500,0.18800",142.24406824786755,2.4,1.4,1.9
5,"4,5,7,8,11","(1.500,0.500);(2.000,0.500);(1.500,1.000);(2.000,1.000);(2.000,1.500)","0.12500,0.25000,0.18800,0.12500,0.25000",142.63054809003486,1.8,0.9,1.0
5,"5,7,8,10,11","(2.000,0.500);(1.500,1.000);(2.000,1.000);(1.500,1.500);(2.000,1.500)","0.25000,0.18800,0.12500,0.12500,0.25000",142.63054809003486,1.8,1.1,1.0
5,"1,2,4,5,6","(1.500,0.000);(2.000,0.000);(1.500,0.500);(2.000,0.500);(2.500,0.500)","0.18800,0.12500,0.12500,0.25000,0.18800",142.6305480900349,1.9,0.3,1.0
5,"4,5,6,7,8","(1.500,0.500);(2.000,0.500);(2.500,0.500);(1.500,1.000);(2.000,1.000)","0.12500,0.25000,0.18800,0.18800,0.12500",142.6305480900349,1.9,0.7,1.0
5,"7,8,10,11,12","(1.500,1.000);(2.000,1.000);(1.500,1.500);(2.000,1.500);(2.500,1.500)","0.18800,0.12500,0.12500,0.25000,0.12500",142.6305480900349,1.9,1.3,1.0
5,"3,6,9,12,13","(2.500,0.000);(2.500,0.500);(2.500,1.000);(2.500,1.500);(1.500,2.000)","0.18800,0.18800,0.12500,0.12500,0.12500",143.05471909367932,2.3,1.0,3.3
5,"2,4,5,6,12","(2.000,0.000);(1.500,0.500);(2.000,0.500);(2.500,0.500);(2.500,1.500)","0.12500,0.12500,0.25000,0.18800,0.12500",143.84222984764287,2.1,0.6,1.9
5,"2,5,6,8,13","(2.000,0.000);(2.000,0.500);(2.500,0.500);(2.000,1.000);(1.500,2.000)","0.12500,0.25000,0.18800,0.12500,0.12500",144.0495167026202,2.0,0.8,2.8000000000000003
5,"1,2,5,6,10","(1.500,0.000);(2.000,0.000);(2.000,0.500);(2.500,0.500);(1.500,1.500)","0.18800,0.12500,0.25000,0.18800,0.12500",144.16775817923542,1.9,0.5,2.2
5,"2,3,4,5,10","(2.000,0.000);(2.500,0.000);(1.500,0.500);(2.000,0.500);(1.500,1.500)","0.12500,0.18800,0.12500,0.25000,0.12500",144.16775817923542,1.9,0.5,2.2
5,"4,10,11,14,15","(1.500,0.500);(1.500,1.500);(2.000,1.500);(2.000,2.000);(2.500,2.000)","0.12500,0.12500,0.25000,0.12500,0.18800",144.16775817923542,1.9,1.5,2.2
5,"4,11,12,13,14","(1.500,0.500);(2.000,1.500);(2.500,1.500);(1.500,2.000);(2.000,2.000)","0.12500,0.25000,0.12500,0.12500,0.12500",144.16775817923542,1.9,1.5,2.2
5,"4,5,8,9,13","(1.500,0.500);(2.000,0.500);(2.000,1.000);(2.500,1.000);(1.500,2.000)","0.12500,0.25000,0.12500,0.12500,0.12500",144.16775817923542,1.9,1.0,2.2
5,"5,6,7,8,13","(2.000,0.500);(2.500,0.500);(1.500,1.000);(2.000,1.000);(1.500,2.000)","0.25000,0.18800,0.18800,0.12500,0.12500",144.16775817923542,1.9,1.0,2.2
5,"1,2,4,5,10","(1.500,0.000);(2.000,0.000);(1.500,0.500);(2.000,0.500);(1.500,1.500)","0.18800,0.12500,0.12500,0.25000,0.12500",144.18009534888927,1.7,0.5,1.8
5,"4,10,11,13,14","(1.500,0.500);(1.500,1.500);(2.000,1.500);(1.500,2.000);(2.000,2.000)","0.12500,0.12500,0.25000,0.12500,0.12500",144.18009534888927,1.7,1.5,1.8
5,"4,5,7,8,13","(1.500,0.500);(2.000,0.500);(1.500,1.000);(2.000,1.000);(1.500,2.000)","0.12500,0.25000,0.18800,0.12500,0.12500",144.18009534888927,1.7,1.0,1.8
5,"1,2,4,5,9","(1.500,0.000);(2.000,0.000);(1.500,0.500);(2.000,0.500);(2.500,1.000)","0.18800,0.12500,0.12500,0.25000,0.12500",144.37409599086263,1.9,0.4,1.4
5,"4,5,7,8,12","(1.500,0.500);(2.000,0.500);(1.500,1.000);(2.000,1.000);(2.500,1.500)","0.12500,0.25000,0.18800,0.12500,0.12500",144.37409599086263,1.9,0.9,1.4
5,"9,10,11,13,14","(2.500,1.000);(1.500,1.500);(2.000,1.500);(1.500,2.000);(2.000,2.000)","0.12500,0.12500,0.25000,0.12500,0.12500",144.37409599086263,1.9,1.6,1.4
5,"7,8,11,12,14","(1.500,1.000);(2.000,1.000);(2.000,1.500);(2.500,1.500);(2.000,2.000)","0.18800,0.12500,0.25000,0.12500,0.12500",144.402424078252,2.0,1.4,1.2
5,"1,2,5,6,8","(1.500,0.000);(2.000,0.000);(2.000,0.500);(2.500,0.500);(2.000,1.000)","0.18800,0.12500,0.25000,0.18800,0.12500",144.40242407825204,2.0,0.4,1.2
5,"2,5,6,7,8","(2.000,0.000);(2.000,0.500);(2.500,0.500);(1.500,1.000);(2.000,1.000)","0.12500,0.25000,0.18800,0.18800,0.12500",144.40242407825204,2.0,0.6,1.2
5,"2,7,8,11,12","(2.000,0.000);(1.500,1.000);(2.000,1.000);(2.000,1.500);(2.500,1.500)","0.12500,0.18800,0.12500,0.25000,0.12500",144.40242407825204,2.0,1.0,2.0
5,"2,8,10,11,12","(2.000,0.000);(2.000,1.000);(1.500,1.500);(2.000,1.500);(2.500,1.500)","0.12500,0.12500,0.12500,0.25000,0.12500",144.40242407825204,2.0,1.1,2.2
5,"2,8,9,10,11","(2.000,0.000);(2.000,1.000);(2.500,1.000);(1.500,1.500);(2.000,1.500)","0.12500,0.12500,0.12500,0.12500,0.25000",144.40242407825204,2.0,1.0,2.0
5,"4,5,6,8,14","(1.500,0.500);(2.000,0.500);(2.500,0.500);(2.000,1.000);(2.000,2.000)","0.12500,0.25000,0.18800,0.12500,0.12500",144.40242407825204,2.0,0.9,2.2
5,"4,5,8,9,14","(1.500,0.500);(2.000,0.500);(2.000,1.000);(2.500,1.000);(2.000,2.000)","0.12500,0.25000,0.12500,0.12500,0.12500",144.40242407825204,2.0,1.0,2.0
5,"5,6,7,8,14","(2.000,0.500);(2.500,0.500);(1.500,1.000);(2.000,1.000);(2.000,2.000)","0.25000,0.18800,0.18800,0.12500,0.12500",144.40242407825204,2.0,1.0,2.0
5,"3,5,8,9,13","(2.500,0.000);(2.000,0.500);(2.000,1.000);(2.500,1.000);(1.500,2.000)","0.18800,0.25000,0.12500,0.12500,0.12500",144.60675455152546,2.1,0.9,2.9000000000000004
5,"2,6,8,9,13","(2.000,0.000);(2.500,0.500);(2.000,1.000);(2.500,1.000);(1.500,2.000)","0.12500,0.18800,0.12500,0.12500,0.12500",144.60675455152548,2.1,0.9,2.9000000000000004
5,"1,3,4,5,6","(1.500,0.000);(2.500,0.000);(1.500,0.500);(2.000,0.500);(2.500,0.500)","0.18800,0.18800,0.12500,0.25000,0.18800",144.81497969885737,2.0,0.3,1.3
5,"4,5,6,7,9","(1.500,0.500);(2.000,0.500);(2.500,0.500);(1.500,1.000);(2.500,1.000)","0.12500,0.25000,0.18800,0.18800,0.12500",144.81497969885737,2.0,0.7,1.3
5,"7,9,10,11,12","(1.500,1.000);(2.500,1.000);(1.500,1.500);(2.000,1.500);(2.500,1.500)","0.18800,0.12500,0.12500,0.25000,0.12500",144.81497969885737,2.0,1.3,1.3
5,"2,5,7,8,11","(2.000,0.000);(2.000,0.500);(1.500,1.000);(2.000,1.000);(2.000,1.500)","0.12500,0.25000,0.18800,0.12500,0.25000",144.9454380644321,1.9,0.8,1.5
5,"5,7,8,11,14","(2.000,0.500);(1.500,1.000);(2.000,1.000);(2.000,1.500);(2.000,2.000)","0.25000,0.18800,0.12500,0.25000,0.12500",144.9454380644321,1.9,1.2,1.5
5,"1,2,3,5,10","(1.500,0.000);(2.000,0.000);(2.500,0.000);(2.000,0.500);(1.500,1.500)","0.18800,0.12500,0.18800,0.25000,0.12500",145.43425289914651,1.9,0.4,2.4000000000000004
5,"4,11,13,14,15","(1.500,0.500);(2.000,1.500);(1.500,2.000);(2.000,2.000);(2.500,2.000)","0.12500,0.25000,0.12500,0.12500,0.18800",145.43425289914651,1.9,1.6,2.4
5,"4,5,6,8,13","(1.500,0.500);(2.000,0.500);(2.500,0.500);(2.000,1.000);(1.500,2.000)","0.12500,0.25000,0.18800,0.12500,0.12500",145.43425289914651,1.9,0.9,2.4000000000000004
5,"2,3,6,9,13","(2.000,0.000);(2.500,0.000);(2.500,0.500);(2.500,1.000);(1.500,2.000)","0.12500,0.18800,0.18800,0.12500,0.12500",145.43767330898433,2.2,0.7,3.6000000000000005
5,"3,5,8,9,12","(2.500,0.000);(2.000,0.500);(2.000,1.000);(2.500,1.000);(2.500,1.500)","0.18800,0.25000,0.12500,0.12500,0.12500",145.79730340451235,2.3,0.8,1.6
5,"5,7,8,9,12","(2.000,0.500);(1.500,1.000);(2.000,1.000);(2.500,1.000);(2.500,1.500)","0.25000,0.18800,0.12500,0.12500,0.12500",146.12497911578137,2.1,1.0,1.2
5,"2,8,9,11,14","(2.000,0.000);(2.000,1.000);(2.500,1.000);(2.000,1.500);(2.000,2.000)","0.12500,0.12500,0.12500,0.25000,0.12500",146.5993754416722,2.1,1.1,2.4
5,"2,9,10,11,12","(2.000,0.000);(2.500,1.000);(1.500,1.500);(2.000,1.500);(2.500,1.500)","0.12500,0.12500,0.12500,0.25000,0.12500",146.5993754416722,2.1,1.1,2.4
5,"4,5,6,9,14","(1.500,0.500);(2.000,0.500);(2.500,0.500);(2.500,1.000);(2.000,2.000)","0.12500,0.25000,0.18800,0.12500,0.12500",146.5993754416722,2.1,0.9,2.4000000000000004
5,"2,5,8,9,14","(2.000,0.000);(2.000,0.500);(2.000,1.000);(2.500,1.000);(2.000,2.000)","0.12500,0.25000,0.12500,0.12500,0.12500",146.59937544167224,2.1,0.9,2.4000000000000004
5,"2,3,5,8,9","(2.000,0.000);(2.500,0.000);(2.000,0.500);(2.000,1.000);(2.500,1.000)","0.12500,0.18800,0.25000,0.12500,0.12500",146.8283928225243,2.2,0.5,1.3
5,"8,9,11,14,15","(2.000,1.000);(2.500,1.000);(2.000,1.500);(2.000,2.000);(2.500,2.000)","0.12500,0.12500,0.25000,0.12500,0.18800",146.8283928225243,2.2,1.5,1.3
5,"2,7,8,10,11","(2.000,0.000);(1.500,1.000);(2.000,1.000);(1.500,1.500);(2.000,1.500)","0.12500,0.18800,0.12500,0.12500,0.25000",147.26215563702155,1.8,1.0,1.8
5,"4,5,7,8,14","(1.500,0.500);(2.000,0.500);(1.500,1.000);(2.000,1.000);(2.000,2.000)","0.12500,0.25000,0.18800,0.12500,0.12500",147.26215563702155,1.8,1.0,1.8
5,"1,3,5,6,10","(1.500,0.000);(2.500,0.000);(2.000,0.500);(2.500,0.500);(1.500,1.500)","0.18800,0.18800,0.25000,0.18800,0.12500",147.26215563702158,2.0,0.5,2.5
5,"2,3,4,6,10","(2.000,0.000);(2.500,0.000);(1.500,0.500);(2.500,0.500);(1.500,1.500)","0.12500,0.18800,0.12500,0.18800,0.12500",147.26215563702158,2.0,0.5,2.5
5,"4,10,12,14,15","(1.500,0.500);(1.500,1.500);(2.500,1.500);(2.000,2.000);(2.500,2.000)","0.12500,0.12500,0.12500,0.12500,0.18800",147.26215563702158,2.0,1.5,2.5
5,"4,11,12,13,15","(1.500,0.500);(2.000,1.500);(2.500,1.500);(1.500,2.000);(2.500,2.000)","0.12500,0.25000,0.12500,0.12500,0.18800",147.26215563702158,2.0,1.5,2.5
5,"4,6,8,9,13","(1.500,0.500);(2.500,0.500);(2.000,1.000);(2.500,1.000);(1.500,2.000)","0.12500,0.18800,0.12500,0.12500,0.12500",147.26215563702158,2.0,1.0,2.5
5,"5,6,7,9,13","(2.000,0.500);(2.500,0.500);(1.500,1.000);(2.500,1.000);(1.500,2.000)","0.25000,0.18800,0.18800,0.12500,0.12500",147.26215563702158,2.0,1.0,2.5
5,"2,7,9,11,12","(2.000,0.000);(1.500,1.000);(2.500,1.000);(2.000,1.500);(2.500,1.500)","0.12500,0.18800,0.12500,0.25000,0.12500",147.37638615630826,2.1,1.0,2.2
5,"2,8,9,10,12","(2.000,0.000);(2.000,1.000);(2.500,1.000);(1.500,1.500);(2.500,1.500)","0.12500,0.12500,0.12500,0.12500,0.12500",147.37638615630826,2.1,1.0,2.2
5,"4,6,8,9,14","(1.500,0.500);(2.500,0.500);(2.000,1.000);(2.500,1.000);(2.000,2.000)","0.12500,0.18800,0.12500,0.12500,0.12500",147.37638615630826,2.1,1.0,2.2
5,"5,6,7,9,14","(2.000,0.500);(2.500,0.500);(1.500,1.000);(2.500,1.000);(2.000,2.000)","0.25000,0.18800,0.18800,0.12500,0.12500",147.37638615630826,2.1,1.0,2.2
5,"2,3,5,8,12","(2.000,0.000);(2.500,0.000);(2.000,0.500);(2.000,1.000);(2.500,1.500)","0.12500,0.18800,0.25000,0.12500,0.12500",147.48354712604723,2.2,0.6,2.0
5,"3,4,5,6,12","(2.500,0.000);(1.500,0.500);(2.000,0.500);(2.500,0.500);(2.500,1.500)","0.18800,0.12500,0.25000,0.18800,0.12500",147.48354712604723,2.2,0.6,2.0
5,"1,2,3,6,10","(1.500,0.000);(2.000,0.000);(2.500,0.000);(2.500,0.500);(1.500,1.500)","0.18800,0.12500,0.18800,0.18800,0.12500",148.06046280553895,2.0,0.4,2.7
5,"2,5,8,9,13","(2.000,0.000);(2.000,0.500);(2.000,1.000);(2.500,1.000);(1.500,2.000)","0.12500,0.25000,0.12500,0.12500,0.12500",148.06046280553895,2.0,0.9,2.7
5,"4,12,13,14,15","(1.500,0.500);(2.500,1.500);(1.500,2.000);(2.000,2.000);(2.500,2.000)","0.12500,0.12500,0.12500,0.12500,0.18800",148.06046280553895,2.0,1.6,2.7
5,"4,5,6,9,13","(1.500,0.500);(2.000,0.500);(2.500,0.500);(2.500,1.000);(1.500,2.000)","0.12500,0.25000,0.18800,0.12500,0.12500",148.06046280553895,2.0,0.9,2.7
5,"5,8,9,11,12","(2.000,0.500);(2.000,1.000);(2.500,1.000);(2.000,1.500);(2.500,1.500)","0.25000,0.12500,0.12500,0.25000,0.12500",148.3039423388597,2.2,1.1,1.0
5,"3,8,9,10,12","(2.500,0.000);(2.000,1.000);(2.500,1.000);(1.500,1.500);(2.500,1.500)","0.18800,0.12500,0.12500,0.12500,0.12500",148.38846004245084,2.2,1.0,2.3
5,"4,6,8,9,15","(1.500,0.500);(2.500,0.500);(2.000,1.000);(2.500,1.000);(2.500,2.000)","0.12500,0.18800,0.12500,0.12500,0.18800",148.38846004245084,2.2,1.0,2.3
5,"6,11,12,13,15","(2.500,0.500);(2.000,1.500);(2.500,1.500);(1.500,2.000);(2.500,2.000)","0.18800,0.25000,0.12500,0.12500,0.18800",148.38846004245084,2.2,1.5,2.3
5,"3,5,6,10,12","(2.500,0.000);(2.000,0.500);(2.500,0.500);(1.500,1.500);(2.500,1.500)","0.18800,0.25000,0.18800,0.12500,0.12500",148.86514060009299,2.2,0.8,2.6
5,"4,6,11,12,15","(1.500,0.500);(2.500,0.500);(2.000,1.500);(2.500,1.500);(2.500,2.000)","0.12500,0.18800,0.25000,0.12500,0.18800",148.86514060009299,2.2,1.2,2.6
5,"6,8,9,13,15","(2.500,0.500);(2.000,1.000);(2.500,1.000);(1.500,2.000);(2.500,2.000)","0.18800,0.12500,0.12500,0.12500,0.18800",148.86514060009299,2.2,1.3,2.6
5,"1,2,3,6,9","(1.500,0.000);(2.000,0.000);(2.500,0.000);(2.500,0.500);(2.500,1.000)","0.18800,0.12500,0.18800,0.18800,0.12500",149.4017833694289,2.2,0.3,1.6
5,"1,2,5,6,9","(1.500,0.000);(2.000,0.000);(2.000,0.500);(2.500,0.500);(2.500,1.000)","0.18800,0.12500,0.25000,0.18800,0.12500",149.52206499536,2.1,0.4,1.4
5,"5,6,7,8,12","(2.000,0.500);(2.500,0.500);(1.500,1.000);(2.000,1.000);(2.500,1.500)","0.25000,0.18800,0.18800,0.12500,0.12500",149.52206499536,2.1,0.9,1.4
5,"3,4,8,9,12","(2.500,0.000);(1.500,0.500);(2.000,1.000);(2.500,1.000);(2.500,1.500)","0.18800,0.12500,0.12500,0.12500,0.12500",149.5308042228633,2.2,0.8,2.1
5,"6,8,9,10,15","(2.500,0.500);(2.000,1.000);(2.500,1.000);(1.500,1.500);(2.500,2.000)","0.18800,0.12500,0.12500,0.12500,0.18800",149.5308042228633,2.2,1.2,2.1
5,"2,3,5,9,14","(2.000,0.000);(2.500,0.000);(2.000,0.500);(2.500,1.000);(2.000,2.000)","0.12500,0.18800,0.25000,0.12500,0.12500",149.6706581889927,2.2,0.7,3.1
5,"2,3,6,8,14","(2.000,0.000);(2.500,0.000);(2.500,0.500);(2.000,1.000);(2.000,2.000)","0.12500,0.18800,0.18800,0.12500,0.12500",149.6706581889927,2.2,0.7,3.1
5,"2,8,12,14,15","(2.000,0.000);(2.000,1.000);(2.500,1.500);(2.000,2.000);(2.500,2.000)","0.12500,0.12500,0.12500,0.12500,0.18800",149.6706581889927,2.2,1.3,3.1
5,"2,9,11,14,15","(2.000,0.000);(2.500,1.000);(2.000,1.500);(2.000,2.000);(2.500,2.000)","0.12500,0.12500,0.25000,0.12500,0.18800",149.6706581889927,2.2,1.3,3.1
5,"6,10,11,12,15","(2.500,0.500);(1.500,1.500);(2.000,1.500);(2.500,1.500);(2.500,2.000)","0.18800,0.12500,0.25000,0.12500,0.18800",150.84978763334934,2.2,1.4,2.0
5,"1,2,3,5,12","(1.500,0.000);(2.000,0.000);(2.500,0.000);(2.000,0.500);(2.500,1.500)","0.18800,0.12500,0.18800,0.25000,0.12500",151.17483381428949,2.1,0.4,2.4000000000000004
5,"2,3,8,9,10","(2.000,0.000);(2.500,0.000);(2.000,1.000);(2.500,1.000);(1.500,1.500)","0.12500,0.18800,0.12500,0.12500,0.12500",151.31093284456406,2.1,0.7,2.5
5,"3,4,6,9,10","(2.500,0.000);(1.500,0.500);(2.500,0.500);(2.500,1.000);(1.500,1.500)","0.18800,0.12500,0.18800,0.12500,0.12500",151.31093284456406,2.1,0.7,2.5
5,"4,8,9,14,15","(1.500,0.500);(2.000,1.000);(2.500,1.000);(2.000,2.000);(2.500,2.000)","0.12500,0.12500,0.12500,0.12500,0.18800",151.31093284456406,2.1,1.3,2.5
5,"4,9,10,12,15","(1.500,0.500);(2.500,1.000);(1.500,1.500);(2.500,1.500);(2.500,2.000)","0.12500,0.12500,0.12500,0.12500,0.18800",151.31093284456406,2.1,1.3,2.5
5,"5,6,11,12,13","(2.000,0.500);(2.500,0.500);(2.000,1.500);(2.500,1.500);(1.500,2.000)","0.25000,0.18800,0.25000,0.12500,0.12500",151.31093284456406,2.1,1.2,2.5
5,"6,7,9,12,13","(2.500,0.500);(1.500,1.000);(2.500,1.000);(2.500,1.500);(1.500,2.000)","0.18800,0.18800,0.12500,0.12500,0.12500",151.31093284456406,2.1,1.2,2.5
5,"2,6,9,10,12","(2.000,0.000);(2.500,0.500);(2.500,1.000);(1.500,1.500);(2.500,1.500)","0.12500,0.18800,0.12500,0.12500,0.12500",151.51582248865034,2.2,0.9,2.5
5,"3,5,9,10,12","(2.500,0.000);(2.000,0.500);(2.500,1.000);(1.500,1.500);(2.500,1.500)","0.18800,0.25000,0.12500,0.12500,0.12500",151.51582248865034,2.2,0.9,2.5
5,"3,6,8,10,12","(2.500,0.000);(2.500,0.500);(2.000,1.000);(1.500,1.500);(2.500,1.500)","0.18800,0.18800,0.12500,0.12500,0.12500",151.51582248865034,2.2,0.9,2.5
5,"3,6,9,10,11","(2.500,0.000);(2.500,0.500);(2.500,1.000);(1.500,1.500);(2.000,1.500)","0.18800,0.18800,0.12500,0.12500,0.25000",151.51582248865034,2.2,0.9,2.5
5,"4,5,9,12,15","(1.500,0.500);(2.000,0.500);(2.500,1.000);(2.500,1.500);(2.500,2.000)","0.12500,0.25000,0.12500,0.12500,0.18800",151.51582248865034,2.2,1.1,2.5
5,"4,6,8,12,15","(1.500,0.500);(2.500,0.500);(2.000,1.000);(2.500,1.500);(2.500,2.000)","0.12500,0.18800,0.12500,0.12500,0.18800",151.51582248865034,2.2,1.1,2.5
5,"4,6,9,11,15","(1.500,0.500);(2.500,0.500);(2.500,1.000);(2.000,1.500);(2.500,2.000)","0.12500,0.18800,0.12500,0.25000,0.18800",151.51582248865034,2.2,1.1,2.5
5,"4,6,9,12,14","(1.500,0.500);(2.500,0.500);(2.500,1.000);(2.500,1.500);(2.000,2.000)","0.12500,0.18800,0.12500,0.12500,0.12500",151.51582248865034,2.2,1.1,2.5
5,"5,9,12,13,15","(2.000,0.500);(2.500,1.000);(2.500,1.500);(1.500,2.000);(2.500,2.000)","0.25000,0.12500,0.12500,0.12500,0.18800",151.51582248865034,2.2,1.4,2.5
5,"6,8,12,13,15","(2.500,0.500);(2.000,1.000);(2.500,1.500);(1.500,2.000);(2.500,2.000)","0.18800,0.12500,0.12500,0.12500,0.18800",151.51582248865034,2.2,1.4,2.5
5,"6,9,11,13,15","(2.500,0.500);(2.500,1.000);(2.000,1.500);(1.500,2.000);(2.500,2.000)","0.18800,0.12500,0.25000,0.12500,0.18800",151.51582248865034,2.2,1.4,2.5
5,"6,9,12,13,14","(2.500,0.500);(2.500,1.000);(2.500,1.500);(1.500,2.000);(2.000,2.000)","0.18800,0.12500,0.12500,0.12500,0.12500",151.51582248865034,2.2,1.4,2.5
5,"3,8,9,12,13","(2.500,0.000);(2.000,1.000);(2.500,1.000);(2.500,1.500);(1.500,2.000)","0.18800,0.12500,0.12500,0.12500,0.12500",151.53150802071076,2.2,1.1,3.0
5,"1,2,5,6,12","(1.500,0.000);(2.000,0.000);(2.000,0.500);(2.500,0.500);(2.500,1.500)","0.18800,0.12500,0.25000,0.18800,0.12500",151.54992794517204,2.1,0.5,2.2
5,"2,3,4,5,12","(2.000,0.000);(2.500,0.000);(1.500,0.500);(2.000,0.500);(2.500,1.500)","0.12500,0.18800,0.12500,0.25000,0.12500",151.54992794517204,2.1,0.5,2.2
5,"1,2,3,6,12","(1.500,0.000);(2.000,0.000);(2.500,0.000);(2.500,0.500);(2.500,1.500)","0.18800,0.12500,0.18800,0.18800,0.12500",151.798909622497,2.2,0.4,2.5000000000000004
5,"4,6,7,9,12","(1.500,0.500);(2.500,0.500);(1.500,1.000);(2.500,1.000);(2.500,1.500)","0.12500,0.18800,0.18800,0.12500,0.12500",151.8490479189504,2.1,0.9,1.9
5,"4,5,6,11,12","(1.500,0.500);(2.000,0.500);(2.500,0.500);(2.000,1.500);(2.500,1.500)","0.12500,0.25000,0.18800,0.25000,0.12500",151.84904791895042,2.1,0.9,1.9
5,"5,6,10,11,12","(2.000,0.500);(2.500,0.500);(1.500,1.500);(2.000,1.500);(2.500,1.500)","0.25000,0.18800,0.12500,0.25000,0.12500",151.84904791895042,2.1,1.1,1.9
5,"6,7,9,10,12","(2.500,0.500);(1.500,1.000);(2.500,1.000);(1.500,1.500);(2.500,1.500)","0.18800,0.18800,0.12500,0.12500,0.12500",151.84904791895042,2.1,1.1,1.9
5,"8,9,13,14,15","(2.000,1.000);(2.500,1.000);(1.500,2.000);(2.000,2.000);(2.500,2.000)","0.12500,0.12500,0.12500,0.12500,0.18800",151.84904791895042,2.1,1.6,1.9
5,"9,10,12,13,15","(2.500,1.000);(1.500,1.500);(2.500,1.500);(1.500,2.000);(2.500,2.000)","0.12500,0.12500,0.12500,0.12500,0.18800",151.84904791895042,2.1,1.6,1.9
5,"1,3,5,6,8","(1.500,0.000);(2.500,0.000);(2.000,0.500);(2.500,0.500);(2.000,1.000)","0.18800,0.18800,0.25000,0.18800,0.12500",152.4989077721616,2.1,0.4,1.4
5,"2,5,6,7,9","(2.000,0.000);(2.000,0.500);(2.500,0.500);(1.500,1.000);(2.500,1.000)","0.12500,0.25000,0.18800,0.18800,0.12500",152.4989077721616,2.1,0.6,1.4
5,"7,9,11,12,14","(1.500,1.000);(2.500,1.000);(2.000,1.500);(2.500,1.500);(2.000,2.000)","0.18800,0.12500,0.25000,0.12500,0.12500",152.49890777216163,2.1,1.4,1.4
5,"1,3,5,6,12","(1.500,0.000);(2.500,0.000);(2.000,0.500);(2.500,0.500);(2.500,1.500)","0.18800,0.18800,0.25000,0.18800,0.12500",153.32362493091304,2.2,0.5,2.3
5,"2,3,4,6,12","(2.000,0.000);(2.500,0.000);(1.500,0.500);(2.500,0.500);(2.500,1.500)","0.12500,0.18800,0.12500,0.18800,0.12500",153.32362493091304,2.2,0.5,2.3
5,"2,3,5,9,13","(2.000,0.000);(2.500,0.000);(2.000,0.500);(2.500,1.000);(1.500,2.000)","0.12500,0.18800,0.25000,0.12500,0.12500",153.3648001074504,2.1,0.7,3.5
5,"2,3,6,8,13","(2.000,0.000);(2.500,0.000);(2.500,0.500);(2.000,1.000);(1.500,2.000)","0.12500,0.18800,0.18800,0.12500,0.12500",153.3648001074504,2.1,0.7,3.5
5,"2,4,5,8,12","(2.000,0.000);(1.500,0.500);(2.000,0.500);(2.000,1.000);(2.500,1.500)","0.12500,0.12500,0.25000,0.12500,0.12500",153.82066382830325,2.0,0.7,1.8
5,"3,4,5,9,12","(2.500,0.000);(1.500,0.500);(2.000,0.500);(2.500,1.000);(2.500,1.500)","0.18800,0.12500,0.25000,0.12500,0.12500",153.9493699000443,2.2,0.7,2.1
5,"3,4,6,8,12","(2.500,0.000);(1.500,0.500);(2.500,0.500);(2.000,1.000);(2.500,1.500)","0.18800,0.12500,0.18800,0.12500,0.12500",153.9493699000443,2.2,0.7,2.1
5,"6,8,10,12,15","(2.500,0.500);(2.000,1.000);(1.500,1.500);(2.500,1.500);(2.500,2.000)","0.18800,0.12500,0.12500,0.12500,0.18800",153.9493699000443,2.2,1.3,2.1
5,"6,9,10,11,15","(2.500,0.500);(2.500,1.000);(1.500,1.500);(2.000,1.500);(2.500,2.000)","0.18800,0.12500,0.12500,0.25000,0.18800",153.9493699000443,2.2,1.3,2.1
5,"2,4,6,9,12","(2.000,0.000);(1.500,0.500);(2.500,0.500);(2.500,1.000);(2.500,1.500)","0.12500,0.12500,0.18800,0.12500,0.12500",153.94936990004433,2.2,0.7,2.1
5,"3,4,6,9,11","(2.500,0.000);(1.500,0.500);(2.500,0.500);(2.500,1.000);(2.000,1.500)","0.18800,0.12500,0.18800,0.12500,0.25000",153.94936990004433,2.2,0.7,2.1
5,"5,9,10,12,15","(2.000,0.500);(2.500,1.000);(1.500,1.500);(2.500,1.500);(2.500,2.000)","0.25000,0.12500,0.12500,0.12500,0.18800",153.94936990004433,2.2,1.3,2.1
5,"6,9,10,12,14","(2.500,0.500);(2.500,1.000);(1.500,1.500);(2.500,1.500);(2.000,2.000)","0.18800,0.12500,0.12500,0.12500,0.12500",153.94936990004433,2.2,1.3,2.1
5,"1,5,6,8,10","(1.500,0.000);(2.000,0.500);(2.500,0.500);(2.000,1.000);(1.500,1.500)","0.18800,0.25000,0.18800,0.12500,0.12500",154.03451857754527,1.9,0.7,2.0
5,"2,4,5,9,10","(2.000,0.000);(1.500,0.500);(2.000,0.500);(2.500,1.000);(1.500,1.500)","0.12500,0.12500,0.25000,0.12500,0.12500",154.03451857754527,1.9,0.7,2.0
5,"2,4,6,8,10","(2.000,0.000);(1.500,0.500);(2.500,0.500);(2.000,1.000);(1.500,1.500)","0.12500,0.12500,0.18800,0.12500,0.12500",154.03451857754527,1.9,0.7,2.0
5,"2,5,6,7,10","(2.000,0.000);(2.000,0.500);(2.500,0.500);(1.500,1.000);(1.500,1.500)","0.12500,0.25000,0.18800,0.18800,0.12500",154.03451857754527,1.9,0.7,2.0
5,"3,4,5,8,10","(2.500,0.000);(1.500,0.500);(2.000,0.500);(2.000,1.000);(1.500,1.500)","0.18800,0.12500,0.25000,0.12500,0.12500",154.03451857754527,1.9,0.7,2.0
5,"4,7,11,12,14","(1.500,0.500);(1.500,1.000);(2.000,1.500);(2.500,1.500);(2.000,2.000)","0.12500,0.18800,0.25000,0.12500,0.12500",154.03451857754527,1.9,1.3,2.0
5,"4,8,10,11,15","(1.500,0.500);(2.000,1.000);(1.500,1.500);(2.000,1.500);(2.500,2.000)","0.12500,0.12500,0.12500,0.25000,0.18800",154.03451857754527,1.9,1.3,2.0
5,"4,8,10,12,14","(1.500,0.500);(2.000,1.000);(1.500,1.500);(2.500,1.500);(2.000,2.000)","0.12500,0.12500,0.12500,0.12500,0.12500",154.03451857754527,1.9,1.3,2.0
5,"4,8,11,12,13","(1.500,0.500);(2.000,1.000);(2.000,1.500);(2.500,1.500);(1.500,2.000)","0.12500,0.12500,0.25000,0.12500,0.12500",154.03451857754527,1.9,1.3,2.0
5,"4,8,9,11,13","(1.500,0.500);(2.000,1.000);(2.500,1.000);(2.000,1.500);(1.500,2.000)","0.12500,0.12500,0.12500,0.25000,0.12500",154.03451857754527,1.9,1.2,2.0
5,"4,9,10,11,14","(1.500,0.500);(2.500,1.000);(1.500,1.500);(2.000,1.500);(2.000,2.000)","0.12500,0.12500,0.12500,0.25000,0.12500",154.03451857754527,1.9,1.3,2.0
5,"5,7,8,12,13","(2.000,0.500);(1.500,1.000);(2.000,1.000);(2.500,1.500);(1.500,2.000)","0.25000,0.18800,0.12500,0.12500,0.12500",154.03451857754527,1.9,1.2,2.0
5,"5,7,9,11,13","(2.000,0.500);(1.500,1.000);(2.500,1.000);(2.000,1.500);(1.500,2.000)","0.25000,0.18800,0.12500,0.25000,0.12500",154.03451857754527,1.9,1.2,2.0
5,"5,8,9,10,13","(2.000,0.500);(2.000,1.000);(2.500,1.000);(1.500,1.500);(1.500,2.000)","0.25000,0.12500,0.12500,0.12500,0.12500",154.03451857754527,1.9,1.2,2.0
5,"6,7,8,11,13","(2.500,0.500);(1.500,1.000);(2.000,1.000);(2.000,1.500);(1.500,2.000)","0.18800,0.18800,0.12500,0.25000,0.12500",154.03451857754527,1.9,1.2,2.0
5,"6,8,9,11,12","(2.500,0.500);(2.000,1.000);(2.500,1.000);(2.000,1.500);(2.500,1.500)","0.18800,0.12500,0.12500,0.25000,0.12500",154.0345185775453,2.3,1.1,1.0
5,"2,6,8,9,15","(2.000,0.000);(2.500,0.500);(2.000,1.000);(2.500,1.000);(2.500,2.000)","0.12500,0.18800,0.12500,0.12500,0.18800",154.18979875229107,2.3,0.9,2.5
5,"3,8,9,12,14","(2.500,0.000);(2.000,1.000);(2.500,1.000);(2.500,1.500);(2.000,2.000)","0.18800,0.12500,0.12500,0.12500,0.12500",154.18979875229107,2.3,1.1,2.5
5,"2,5,7,8,10","(2.000,0.000);(2.000,0.500);(1.500,1.000);(2.000,1.000);(1.500,1.500)","0.12500,0.25000,0.18800,0.12500,0.12500",154.45226516821577,1.8,0.8,1.6
5,"4,5,6,7,10","(1.500,0.500);(2.000,0.500);(2.500,0.500);(1.500,1.000);(1.500,1.500)","0.12500,0.25000,0.18800,0.18800,0.12500",154.45226516821577,1.8,0.8,1.6
5,"4,7,10,11,12","(1.500,0.500);(1.500,1.000);(1.500,1.500);(2.000,1.500);(2.500,1.500)","0.12500,0.18800,0.12500,0.25000,0.12500",154.45226516821577,1.8,1.2,1.6
5,"4,7,8,11,14","(1.500,0.500);(1.500,1.000);(2.000,1.000);(2.000,1.500);(2.000,2.000)","0.12500,0.18800,0.12500,0.25000,0.12500",154.45226516821577,1.8,1.2,1.6
5,"5,8,10,11,13","(2.000,0.500);(2.000,1.000);(1.500,1.500);(2.000,1.500);(1.500,2.000)","0.25000,0.12500,0.12500,0.25000,0.12500",154.45226516821577,1.8,1.3,1.6
5,"7,8,9,10,13","(1.500,1.000);(2.000,1.000);(2.500,1.000);(1.500,1.500);(1.500,2.000)","0.18800,0.12500,0.12500,0.12500,0.12500",154.45226516821577,1.8,1.3,1.6
5,"2,10,11,12,14","(2.000,0.000);(1.500,1.500);(2.000,1.500);(2.500,1.500);(2.000,2.000)","0.12500,0.12500,0.25000,0.12500,0.12500",155.03470813073142,2.0,1.3,2.8
5,"2,4,5,6,14","(2.000,0.000);(1.500,0.500);(2.000,0.500);(2.500,0.500);(2.000,2.000)","0.12500,0.12500,0.25000,0.18800,0.12500",155.03470813073142,2.0,0.7,2.8
5,"2,10,11,12,15","(2.000,0.000);(1.500,1.500);(2.000,1.500);(2.500,1.500);(2.500,2.000)","0.12500,0.12500,0.25000,0.12500,0.18800",155.1417757060122,2.1,1.3,3.0
5,"2,3,5,8,14","(2.000,0.000);(2.500,0.000);(2.000,0.500);(2.000,1.000);(2.000,2.000)","0.12500,0.18800,0.25000,0.12500,0.12500",155.1417757060122,2.1,0.7,3.0
5,"2,8,11,14,15","(2.000,0.000);(2.000,1.000);(2.000,1.500);(2.000,2.000);(2.500,2.000)","0.12500,0.12500,0.25000,0.12500,0.18800",155.1417757060122,2.1,1.3,3.0
5,"3,4,5,6,14","(2.500,0.000);(1.500,0.500);(2.000,0.500);(2.500,0.500);(2.000,2.000)","0.18800,0.12500,0.25000,0.18800,0.12500",155.1417757060122,2.1,0.7,3.0
5,"2,6,11,12,15","(2.000,0.000);(2.500,0.500);(2.000,1.500);(2.500,1.500);(2.500,2.000)","0.12500,0.18800,0.25000,0.12500,0.18800",155.56440143520868,2.3,1.1,3.0
5,"3,5,6,12,14","(2.500,0.000);(2.000,0.500);(2.500,0.500);(2.500,1.500);(2.000,2.000)","0.18800,0.25000,0.18800,0.12500,0.12500",155.5644014352087,2.3,0.9,3.0000000000000004
5,"1,4,5,8,10","(1.500,0.000);(1.500,0.500);(2.000,0.500);(2.000,1.000);(1.500,1.500)","0.18800,0.12500,0.25000,0.12500,0.12500",155.8651523548241,1.7,0.7,1.6
5,"2,4,5,7,10","(2.000,0.000);(1.500,0.500);(2.000,0.500);(1.500,1.000);(1.500,1.500)","0.12500,0.12500,0.25000,0.18800,0.12500",155.8651523548241,1.7,0.7,1.6
5,"4,7,10,11,14","(1.500,0.500);(1.500,1.000);(1.500,1.500);(2.000,1.500);(2.000,2.000)","0.12500,0.18800,0.12500,0.25000,0.12500",155.8651523548241,1.7,1.3,1.6
5,"4,7,8,11,13","(1.500,0.500);(1.500,1.000);(2.000,1.000);(2.000,1.500);(1.500,2.000)","0.12500,0.18800,0.12500,0.25000,0.12500",155.8651523548241,1.7,1.2,1.6
5,"4,8,10,11,13","(1.500,0.500);(2.000,1.000);(1.500,1.500);(2.000,1.500);(1.500,2.000)","0.12500,0.12500,0.12500,0.25000,0.12500",155.8651523548241,1.7,1.3,1.6
5,"5,7,8,10,13","(2.000,0.500);(1.500,1.000);(2.000,1.000);(1.500,1.500);(1.500,2.000)","0.25000,0.18800,0.12500,0.12500,0.12500",155.8651523548241,1.7,1.2,1.6
5,"2,6,9,12,13","(2.000,0.000);(2.500,0.500);(2.500,1.000);(2.500,1.500);(1.500,2.000)","0.12500,0.18800,0.12500,0.12500,0.12500",156.19510329463003,2.2,1.0,3.3
5,"3,5,9,12,13","(2.500,0.000);(2.000,0.500);(2.500,1.000);(2.500,1.500);(1.500,2.000)","0.18800,0.25000,0.12500,0.12500,0.12500",156.19510329463003,2.2,1.0,3.3
5,"3,6,8,12,13","(2.500,0.000);(2.500,0.500);(2.000,1.000);(2.500,1.500);(1.500,2.000)","0.18800,0.18800,0.12500,0.12500,0.12500",156.19510329463003,2.2,1.0,3.3
5,"3,6,9,11,13","(2.500,0.000);(2.500,0.500);(2.500,1.000);(2.000,1.500);(1.500,2.000)","0.18800,0.18800,0.12500,0.25000,0.12500",156.19510329463003,2.2,1.0,3.3
5,"3,5,6,12,13","(2.500,0.000);(2.000,0.500);(2.500,0.500);(2.500,1.500);(1.500,2.000)","0.18800,0.25000,0.18800,0.12500,0.12500",156.3019993783251,2.2,0.9,3.5000000000000004
5,"1,5,6,9,10","(1.500,0.000);(2.000,0.500);(2.500,0.500);(2.500,1.000);(1.500,1.500)","0.18800,0.25000,0.18800,0.12500,0.12500",156.37182350172586,2.0,0.7,2.3000000000000003
5,"2,4,6,9,10","(2.000,0.000);(1.500,0.500);(2.500,0.500);(2.500,1.000);(1.500,1.500)","0.12500,0.12500,0.18800,0.12500,0.12500",156.37182350172586,2.0,0.7,2.3
5,"3,4,5,9,10","(2.500,0.000);(1.500,0.500);(2.000,0.500);(2.500,1.000);(1.500,1.500)","0.18800,0.12500,0.25000,0.12500,0.12500",156.37182350172586,2.0,0.7,2.3000000000000003
5,"3,4,6,8,10","(2.500,0.000);(1.500,0.500);(2.500,0.500);(2.000,1.000);(1.500,1.500)","0.18800,0.12500,0.18800,0.12500,0.12500",156.37182350172586,2.0,0.7,2.3000000000000003
5,"3,5,6,7,10","(2.500,0.000);(2.000,0.500);(2.500,0.500);(1.500,1.000);(1.500,1.500)","0.18800,0.25000,0.18800,0.18800,0.12500",156.37182350172586,2.0,0.7,2.3000000000000003
5,"4,7,11,12,15","(1.500,0.500);(1.500,1.000);(2.000,1.500);(2.500,1.500);(2.500,2.000)","0.12500,0.18800,0.25000,0.12500,0.18800",156.37182350172586,2.0,1.3,2.3000000000000003
5,"4,8,10,12,15","(1.500,0.500);(2.000,1.000);(1.500,1.500);(2.500,1.500);(2.500,2.000)","0.12500,0.12500,0.12500,0.12500,0.18800",156.37182350172586,2.0,1.3,2.3000000000000003
5,"4,8,9,12,13","(1.500,0.500);(2.000,1.000);(2.500,1.000);(2.500,1.500);(1.500,2.000)","0.12500,0.12500,0.12500,0.12500,0.12500",156.37182350172586,2.0,1.2,2.3000000000000003
5,"4,9,10,11,15","(1.500,0.500);(2.500,1.000);(1.500,1.500);(2.000,1.500);(2.500,2.000)","0.12500,0.12500,0.12500,0.25000,0.18800",156.37182350172586,2.0,1.3,2.3000000000000003
5,"4,9,10,12,14","(1.500,0.500);(2.500,1.000);(1.500,1.500);(2.500,1.500);(2.000,2.000)","0.12500,0.12500,0.12500,0.12500,0.12500",156.37182350172586,2.0,1.3,2.3
5,"4,9,11,12,13","(1.500,0.500);(2.500,1.000);(2.000,1.500);(2.500,1.500);(1.500,2.000)","0.12500,0.12500,0.25000,0.12500,0.12500",156.37182350172586,2.0,1.3,2.3000000000000003
5,"5,7,9,12,13","(2.000,0.500);(1.500,1.000);(2.500,1.000);(2.500,1.500);(1.500,2.000)","0.25000,0.18800,0.12500,0.12500,0.12500",156.37182350172586,2.0,1.2,2.3
5,"6,7,8,12,13","(2.500,0.500);(1.500,1.000);(2.000,1.000);(2.500,1.500);(1.500,2.000)","0.18800,0.18800,0.12500,0.12500,0.12500",156.37182350172586,2.0,1.2,2.3000000000000003
5,"6,7,9,11,13","(2.500,0.500);(1.500,1.000);(2.500,1.000);(2.000,1.500);(1.500,2.000)","0.18800,0.18800,0.12500,0.25000,0.12500",156.37182350172586,2.0,1.2,2.3000000000000003
5,"6,8,9,10,13","(2.500,0.500);(2.000,1.000);(2.500,1.000);(1.500,1.500);(1.500,2.000)","0.18800,0.12500,0.12500,0.12500,0.12500",156.37182350172586,2.0,1.2,2.3000000000000003
5,"2,3,4,8,9","(2.000,0.000);(2.500,0.000);(1.500,0.500);(2.000,1.000);(2.500,1.000)","0.12500,0.18800,0.12500,0.12500,0.12500",156.46604036433536,2.1,0.5,1.7
5,"8,9,10,14,15","(2.000,1.000);(2.500,1.000);(1.500,1.500);(2.000,2.000);(2.500,2.000)","0.12500,0.12500,0.12500,0.12500,0.18800",156.46604036433536,2.1,1.5,1.7
5,"2,4,5,6,13","(2.000,0.000);(1.500,0.500);(2.000,0.500);(2.500,0.500);(1.500,2.000)","0.12500,0.12500,0.25000,0.18800,0.12500",156.68058600392737,1.9,0.7,3.0
5,"1,2,5,8,10","(1.500,0.000);(2.000,0.000);(2.000,0.500);(2.000,1.000);(1.500,1.500)","0.18800,0.12500,0.25000,0.12500,0.12500",157.25025440938302,1.8,0.6,2.0
5,"1,4,5,6,10","(1.500,0.000);(1.500,0.500);(2.000,0.500);(2.500,0.500);(1.500,1.500)","0.18800,0.12500,0.25000,0.18800,0.12500",157.25025440938302,1.8,0.6,2.0
5,"4,10,11,12,13","(1.500,0.500);(1.500,1.500);(2.000,1.500);(2.500,1.500);(1.500,2.000)","0.12500,0.12500,0.25000,0.12500,0.12500",157.25025440938302,1.8,1.4,2.0
5,"4,5,8,11,13","(1.500,0.500);(2.000,0.500);(2.000,1.000);(2.000,1.500);(1.500,2.000)","0.12500,0.25000,0.12500,0.25000,0.12500",157.25025440938302,1.8,1.1,2.0
5,"4,7,8,9,13","(1.500,0.500);(1.500,1.000);(2.000,1.000);(2.500,1.000);(1.500,2.000)","0.12500,0.18800,0.12500,0.12500,0.12500",157.25025440938302,1.8,1.1,2.0
5,"4,8,11,13,14","(1.500,0.500);(2.000,1.000);(2.000,1.500);(1.500,2.000);(2.000,2.000)","0.12500,0.12500,0.25000,0.12500,0.12500",157.25025440938302,1.8,1.4,2.0
5,"2,5,9,12,15","(2.000,0.000);(2.000,0.500);(2.500,1.000);(2.500,1.500);(2.500,2.000)","0.12500,0.25000,0.12500,0.12500,0.18800",157.51599563934238,2.3,1.0,2.8
5,"2,6,8,12,15","(2.000,0.000);(2.500,0.500);(2.000,1.000);(2.500,1.500);(2.500,2.000)","0.12500,0.18800,0.12500,0.12500,0.18800",157.51599563934238,2.3,1.0,2.8
5,"2,6,9,11,15","(2.000,0.000);(2.500,0.500);(2.500,1.000);(2.000,1.500);(2.500,2.000)","0.12500,0.18800,0.12500,0.25000,0.18800",157.51599563934238,2.3,1.0,2.8
5,"2,6,9,12,14","(2.000,0.000);(2.500,0.500);(2.500,1.000);(2.500,1.500);(2.000,2.000)","0.12500,0.18800,0.12500,0.12500,0.12500",157.51599563934238,2.3,1.0,2.8
5,"3,5,9,12,14","(2.500,0.000);(2.000,0.500);(2.500,1.000);(2.500,1.500);(2.000,2.000)","0.18800,0.25000,0.12500,0.12500,0.12500",157.51599563934238,2.3,1.0,2.8
5,"3,6,8,12,14","(2.500,0.000);(2.500,0.500);(2.000,1.000);(2.500,1.500);(2.000,2.000)","0.18800,0.18800,0.12500,0.12500,0.12500",157.51599563934238,2.3,1.0,2.8
5,"3,6,9,11,14","(2.500,0.000);(2.500,0.500);(2.500,1.000);(2.000,1.500);(2.000,2.000)","0.18800,0.18800,0.12500,0.25000,0.12500",157.51599563934238,2.3,1.0,2.8
5,"2,3,5,8,13","(2.000,0.000);(2.500,0.000);(2.000,0.500);(2.000,1.000);(1.500,2.000)","0.12500,0.18800,0.25000,0.12500,0.12500",157.53860826513636,2.0,0.7,3.3000000000000003
5,"3,4,5,6,13","(2.500,0.000);(1.500,0.500);(2.000,0.500);(2.500,0.500);(1.500,2.000)","0.18800,0.12500,0.25000,0.18800,0.12500",157.53860826513636,2.0,0.7,3.3000000000000003
5,"2,5,6,11,12","(2.000,0.000);(2.000,0.500);(2.500,0.500);(2.000,1.500);(2.500,1.500)","0.12500,0.25000,0.18800,0.25000,0.12500",157.87131637999582,2.2,0.8,2.1
5,"2,6,7,9,12","(2.000,0.000);(2.500,0.500);(1.500,1.000);(2.500,1.000);(2.500,1.500)","0.12500,0.18800,0.18800,0.12500,0.12500",157.87131637999582,2.2,0.8,2.1
5,"5,6,11,12,14","(2.000,0.500);(2.500,0.500);(2.000,1.500);(2.500,1.500);(2.000,2.000)","0.25000,0.18800,0.25000,0.12500,0.12500",157.87131637999582,2.2,1.2,2.1
5,"6,7,9,12,14","(2.500,0.500);(1.500,1.000);(2.500,1.000);(2.500,1.500);(2.000,2.000)","0.18800,0.18800,0.12500,0.12500,0.12500",157.87131637999582,2.2,1.2,2.1
5,"2,3,8,9,12","(2.000,0.000);(2.500,0.000);(2.000,1.000);(2.500,1.000);(2.500,1.500)","0.12500,0.18800,0.12500,0.12500,0.12500",158.13942289888664,2.3,0.7,2.1
5,"6,8,9,14,15","(2.500,0.500);(2.000,1.000);(2.500,1.000);(2.000,2.000);(2.500,2.000)","0.18800,0.12500,0.12500,0.12500,0.18800",158.13942289888664,2.3,1.3,2.1
5,"4,5,8,10,11","(1.500,0.500);(2.000,0.500);(2.000,1.000);(1.500,1.500);(2.000,1.500)","0.12500,0.25000,0.12500,0.12500,0.25000",158.9829329292437,1.8,1.0,1.3
5,"4,7,8,9,10","(1.500,0.500);(1.500,1.000);(2.000,1.000);(2.500,1.000);(1.500,1.500)","0.12500,0.18800,0.12500,0.12500,0.12500",158.9829329292437,1.8,1.0,1.3
5,"7,10,11,12,13","(1.500,1.000);(1.500,1.500);(2.000,1.500);(2.500,1.500);(1.500,2.000)","0.18800,0.12500,0.25000,0.12500,0.12500",158.9829329292437,1.8,1.5,1.3
5,"7,8,11,13,14","(1.500,1.000);(2.000,1.000);(2.000,1.500);(1.500,2.000);(2.000,2.000)","0.18800,0.12500,0.25000,0.12500,0.12500",158.9829329292437,1.8,1.5,1.3
5,"2,4,5,8,13","(2.000,0.000);(1.500,0.500);(2.000,0.500);(2.000,1.000);(1.500,2.000)","0.12500,0.12500,0.25000,0.12500,0.12500",159.13115855888094,1.8,0.8,2.6
5,"2,4,5,8,14","(2.000,0.000);(1.500,0.500);(2.000,0.500);(2.000,1.000);(2.000,2.000)","0.12500,0.12500,0.25000,0.12500,0.12500",159.99952221449215,1.9,0.8,2.5
5,"2,8,10,11,14","(2.000,0.000);(2.000,1.000);(1.500,1.500);(2.000,1.500);(2.000,2.000)","0.12500,0.12500,0.12500,0.25000,0.12500",159.99952221449215,1.9,1.2,2.5
5,"1,2,4,5,12","(1.500,0.000);(2.000,0.000);(1.500,0.500);(2.000,0.500);(2.500,1.500)","0.18800,0.12500,0.12500,0.25000,0.12500",160.00070854801484,1.9,0.5,2.2
5,"4,5,7,9,11","(1.500,0.500);(2.000,0.500);(1.500,1.000);(2.500,1.000);(2.000,1.500)","0.12500,0.25000,0.18800,0.12500,0.25000",160.05521148870085,1.9,0.9,1.4
5,"4,6,7,8,11","(1.500,0.500);(2.500,0.500);(1.500,1.000);(2.000,1.000);(2.000,1.500)","0.12500,0.18800,0.18800,0.12500,0.25000",160.05521148870085,1.9,0.9,1.4
5,"5,7,8,10,12","(2.000,0.500);(1.500,1.000);(2.000,1.000);(1.500,1.500);(2.500,1.500)","0.25000,0.18800,0.12500,0.12500,0.12500",160.05521148870088,1.9,1.1,1.4
5,"5,7,9,10,11","(2.000,0.500);(1.500,1.000);(2.500,1.000);(1.500,1.500);(2.000,1.500)","0.25000,0.18800,0.12500,0.12500,0.25000",160.05521148870088,1.9,1.1,1.4
5,"6,7,8,10,11","(2.500,0.500);(1.500,1.000);(2.000,1.000);(1.500,1.500);(2.000,1.500)","0.18800,0.18800,0.12500,0.12500,0.25000",160.05521148870088,1.9,1.1,1.4
5,"7,11,12,13,14","(1.500,1.000);(2.000,1.500);(2.500,1.500);(1.500,2.000);(2.000,2.000)","0.18800,0.25000,0.12500,0.12500,0.12500",160.05521148870088,1.9,1.6,1.4
5,"8,10,11,13,15","(2.000,1.000);(1.500,1.500);(2.000,1.500);(1.500,2.000);(2.500,2.000)","0.12500,0.12500,0.25000,0.12500,0.18800",160.05521148870088,1.9,1.6,1.4
5,"8,10,12,13,14","(2.000,1.000);(1.500,1.500);(2.500,1.500);(1.500,2.000);(2.000,2.000)","0.12500,0.12500,0.12500,0.12500,0.12500",160.05521148870088,1.9,1.6,1.4
5,"5,7,8,11,12","(2.000,0.500);(1.500,1.000);(2.000,1.000);(2.000,1.500);(2.500,1.500)","0.25000,0.18800,0.12500,0.25000,0.12500",160.14746914009956,2.0,1.1,1.2
5,"4,6,7,8,12","(1.500,0.500);(2.500,0.500);(1.500,1.000);(2.000,1.000);(2.500,1.500)","0.12500,0.18800,0.18800,0.12500,0.12500",160.41208810220218,2.0,0.9,1.7
5,"5,7,9,10,12","(2.000,0.500);(1.500,1.000);(2.500,1.000);(1.500,1.500);(2.500,1.500)","0.25000,0.18800,0.12500,0.12500,0.12500",160.41208810220218,2.0,1.1,1.7
5,"6,7,8,10,12","(2.500,0.500);(1.500,1.000);(2.000,1.000);(1.500,1.500);(2.500,1.500)","0.18800,0.18800,0.12500,0.12500,0.12500",160.41208810220218,2.0,1.1,1.7
5,"6,7,9,10,11","(2.500,0.500);(1.500,1.000);(2.500,1.000);(1.500,1.500);(2.000,1.500)","0.18800,0.18800,0.12500,0.12500,0.25000",160.41208810220218,2.0,1.1,1.7
5,"7,11,12,13,15","(1.500,1.000);(2.000,1.500);(2.500,1.500);(1.500,2.000);(2.500,2.000)","0.18800,0.25000,0.12500,0.12500,0.18800",160.41208810220218,2.0,1.6,1.7
5,"8,10,12,13,15","(2.000,1.000);(1.500,1.500);(2.500,1.500);(1.500,2.000);(2.500,2.000)","0.12500,0.12500,0.12500,0.12500,0.18800",160.41208810220218,2.0,1.6,1.7
5,"9,10,11,13,15","(2.500,1.000);(1.500,1.500);(2.000,1.500);(1.500,2.000);(2.500,2.000)","0.12500,0.12500,0.25000,0.12500,0.18800",160.41208810220218,2.0,1.6,1.7
5,"9,10,12,13,14","(2.500,1.000);(1.500,1.500);(2.500,1.500);(1.500,2.000);(2.000,2.000)","0.12500,0.12500,0.12500,0.12500,0.12500",160.41208810220218,2.0,1.6,1.7
5,"4,5,7,9,12","(1.500,0.500);(2.000,0.500);(1.500,1.000);(2.500,1.000);(2.500,1.500)","0.12500,0.25000,0.18800,0.12500,0.12500",160.41208810220223,2.0,0.9,1.7000000000000002
5,"4,6,7,9,11","(1.500,0.500);(2.500,0.500);(1.500,1.000);(2.500,1.000);(2.000,1.500)","0.12500,0.18800,0.18800,0.12500,0.25000",160.41208810220223,2.0,0.9,1.7000000000000002
5,"2,9,10,12,15","(2.000,0.000);(2.500,1.000);(1.500,1.500);(2.500,1.500);(2.500,2.000)","0.12500,0.12500,0.12500,0.12500,0.18800",160.4695781182419,2.2,1.2,3.1
5,"3,4,6,9,14","(2.500,0.000);(1.500,0.500);(2.500,0.500);(2.500,1.000);(2.000,2.000)","0.18800,0.12500,0.18800,0.12500,0.12500",160.4695781182419,2.2,0.8,3.1
5,"2,3,8,9,14","(2.000,0.000);(2.500,0.000);(2.000,1.000);(2.500,1.000);(2.000,2.000)","0.12500,0.18800,0.12500,0.12500,0.12500",160.46957811824194,2.2,0.8,3.1
5,"2,8,9,14,15","(2.000,0.000);(2.000,1.000);(2.500,1.000);(2.000,2.000);(2.500,2.000)","0.12500,0.12500,0.12500,0.12500,0.18800",160.46957811824194,2.2,1.2,3.1
5,"2,5,6,10,12","(2.000,0.000);(2.000,0.500);(2.500,0.500);(1.500,1.500);(2.500,1.500)","0.12500,0.25000,0.18800,0.12500,0.12500",160.54627110733955,2.1,0.8,2.5
5,"3,5,6,10,11","(2.500,0.000);(2.000,0.500);(2.500,0.500);(1.500,1.500);(2.000,1.500)","0.18800,0.25000,0.18800,0.12500,0.25000",160.54627110733955,2.1,0.8,2.5
5,"3,6,7,9,10","(2.500,0.000);(2.500,0.500);(1.500,1.000);(2.500,1.000);(1.500,1.500)","0.18800,0.18800,0.18800,0.12500,0.12500",160.54627110733955,2.1,0.8,2.5
5,"4,5,11,12,15","(1.500,0.500);(2.000,0.500);(2.000,1.500);(2.500,1.500);(2.500,2.000)","0.12500,0.25000,0.25000,0.12500,0.18800",160.54627110733955,2.1,1.2,2.5
5,"4,6,11,12,14","(1.500,0.500);(2.500,0.500);(2.000,1.500);(2.500,1.500);(2.000,2.000)","0.12500,0.18800,0.25000,0.12500,0.12500",160.54627110733955,2.1,1.2,2.5
5,"4,7,9,12,15","(1.500,0.500);(1.500,1.000);(2.500,1.000);(2.500,1.500);(2.500,2.000)","0.12500,0.18800,0.12500,0.12500,0.18800",160.54627110733955,2.1,1.2,2.5
5,"5,8,9,13,15","(2.000,0.500);(2.000,1.000);(2.500,1.000);(1.500,2.000);(2.500,2.000)","0.25000,0.12500,0.12500,0.12500,0.18800",160.54627110733955,2.1,1.3,2.5
5,"6,8,9,13,14","(2.500,0.500);(2.000,1.000);(2.500,1.000);(1.500,2.000);(2.000,2.000)","0.18800,0.12500,0.12500,0.12500,0.12500",160.54627110733955,2.1,1.3,2.5
5,"6,9,10,12,13","(2.500,0.500);(2.500,1.000);(1.500,1.500);(2.500,1.500);(1.500,2.000)","0.18800,0.12500,0.12500,0.12500,0.12500",160.54627110733955,2.1,1.3,2.5
5,"2,3,8,9,13","(2.000,0.000);(2.500,0.000);(2.000,1.000);(2.500,1.000);(1.500,2.000)","0.12500,0.18800,0.12500,0.12500,0.12500",161.44681817736196,2.1,0.8,3.5
5,"3,4,6,9,13","(2.500,0.000);(1.500,0.500);(2.500,0.500);(2.500,1.000);(1.500,2.000)","0.18800,0.12500,0.18800,0.12500,0.12500",161.44681817736196,2.1,0.8,3.5
5,"4,5,7,9,10","(1.500,0.500);(2.000,0.500);(1.500,1.000);(2.500,1.000);(1.500,1.500)","0.12500,0.25000,0.18800,0.12500,0.12500",161.44681817736196,1.8,0.9,1.5
5,"4,6,7,8,10","(1.500,0.500);(2.500,0.500);(1.500,1.000);(2.000,1.000);(1.500,1.500)","0.12500,0.18800,0.18800,0.12500,0.12500",161.44681817736196,1.8,0.9,1.5
5,"4,7,8,10,12","(1.500,0.500);(1.500,1.000);(2.000,1.000);(1.500,1.500);(2.500,1.500)","0.12500,0.18800,0.12500,0.12500,0.12500",161.44681817736196,1.8,1.1,1.5
5,"4,7,9,10,11","(1.500,0.500);(1.500,1.000);(2.500,1.000);(1.500,1.500);(2.000,1.500)","0.12500,0.18800,0.12500,0.12500,0.25000",161.44681817736196,1.8,1.1,1.5
5,"7,8,10,12,13","(1.500,1.000);(2.000,1.000);(1.500,1.500);(2.500,1.500);(1.500,2.000)","0.18800,0.12500,0.12500,0.12500,0.12500",161.44681817736196,1.8,1.4,1.5
5,"7,9,10,11,13","(1.500,1.000);(2.500,1.000);(1.500,1.500);(2.000,1.500);(1.500,2.000)","0.18800,0.12500,0.12500,0.25000,0.12500",161.44681817736196,1.8,1.4,1.5
5,"1,3,5,6,9","(1.500,0.000);(2.500,0.000);(2.000,0.500);(2.500,0.500);(2.500,1.000)","0.18800,0.18800,0.25000,0.18800,0.12500",161.446818177362,2.2,0.4,1.5000000000000002
5,"5,6,7,9,12","(2.000,0.500);(2.500,0.500);(1.500,1.000);(2.500,1.000);(2.500,1.500)","0.25000,0.18800,0.18800,0.12500,0.12500",161.446818177362,2.2,0.9,1.5
5,"2,4,8,9,11","(2.000,0.000);(1.500,0.500);(2.000,1.000);(2.500,1.000);(2.000,1.500)","0.12500,0.12500,0.12500,0.12500,0.25000",161.6291952113651,2.0,0.8,1.8
5,"2,5,7,8,12","(2.000,0.000);(2.000,0.500);(1.500,1.000);(2.000,1.000);(2.500,1.500)","0.12500,0.25000,0.18800,0.12500,0.12500",161.6291952113651,2.0,0.8,1.8
5,"2,5,7,9,11","(2.000,0.000);(2.000,0.500);(1.500,1.000);(2.500,1.000);(2.000,1.500)","0.12500,0.25000,0.18800,0.12500,0.25000",161.6291952113651,2.0,0.8,1.8
5,"2,6,7,8,11","(2.000,0.000);(2.500,0.500);(1.500,1.000);(2.000,1.000);(2.000,1.500)","0.12500,0.18800,0.18800,0.12500,0.25000",161.6291952113651,2.0,0.8,1.8
5,"5,7,8,12,14","(2.000,0.500);(1.500,1.000);(2.000,1.000);(2.500,1.500);(2.000,2.000)","0.25000,0.18800,0.12500,0.12500,0.12500",161.6291952113651,2.0,1.2,1.8
5,"5,7,9,11,14","(2.000,0.500);(1.500,1.000);(2.500,1.000);(2.000,1.500);(2.000,2.000)","0.25000,0.18800,0.12500,0.25000,0.12500",161.6291952113651,2.0,1.2,1.8
5,"5,8,9,10,14","(2.000,0.500);(2.000,1.000);(2.500,1.000);(1.500,1.500);(2.000,2.000)","0.25000,0.12500,0.12500,0.12500,0.12500",161.6291952113651,2.0,1.2,1.8
5,"6,7,8,11,14","(2.500,0.500);(1.500,1.000);(2.000,1.000);(2.000,1.500);(2.000,2.000)","0.18800,0.18800,0.12500,0.25000,0.12500",161.6291952113651,2.0,1.2,1.8
5,"2,8,9,12,13","(2.000,0.000);(2.000,1.000);(2.500,1.000);(2.500,1.500);(1.500,2.000)","0.12500,0.12500,0.12500,0.12500,0.12500",161.9035240294633,2.1,1.1,2.9
5,"3,8,9,11,13","(2.500,0.000);(2.000,1.000);(2.500,1.000);(2.000,1.500);(1.500,2.000)","0.18800,0.12500,0.12500,0.25000,0.12500",161.9035240294633,2.1,1.1,2.9
5,"1,3,6,9,10","(1.500,0.000);(2.500,0.000);(2.500,0.500);(2.500,1.000);(1.500,1.500)","0.18800,0.18800,0.18800,0.12500,0.12500",161.90352402946334,2.1,0.6,2.9
5,"4,6,9,12,13","(1.500,0.500);(2.500,0.500);(2.500,1.000);(2.500,1.500);(1.500,2.000)","0.12500,0.18800,0.12500,0.12500,0.12500",161.90352402946334,2.1,1.1,2.9
5,"4,9,12,13,15","(1.500,0.500);(2.500,1.000);(2.500,1.500);(1.500,2.000);(2.500,2.000)","0.12500,0.12500,0.12500,0.12500,0.18800",161.90352402946334,2.1,1.4,2.9
5,"5,11,12,13,15","(2.000,0.500);(2.000,1.500);(2.500,1.500);(1.500,2.000);(2.500,2.000)","0.25000,0.25000,0.12500,0.12500,0.18800",162.1404491918463,2.1,1.5,2.2
5,"3,8,9,10,11","(2.500,0.000);(2.000,1.000);(2.500,1.000);(1.500,1.500);(2.000,1.500)","0.18800,0.12500,0.12500,0.12500,0.25000",162.14044919184636,2.1,1.0,2.2
5,"4,5,8,9,15","(1.500,0.500);(2.000,0.500);(2.000,1.000);(2.500,1.000);(2.500,2.000)","0.12500,0.25000,0.12500,0.12500,0.18800",162.14044919184636,2.1,1.0,2.2
5,"4,6,9,10,12","(1.500,0.500);(2.500,0.500);(2.500,1.000);(1.500,1.500);(2.500,1.500)","0.12500,0.18800,0.12500,0.12500,0.12500",162.14044919184636,2.1,1.0,2.2
5,"6,11,12,13,14","(2.500,0.500);(2.000,1.500);(2.500,1.500);(1.500,2.000);(2.000,2.000)","0.18800,0.25000,0.12500,0.12500,0.12500",162.14044919184636,2.1,1.5,2.2
5,"7,9,12,13,15","(1.500,1.000);(2.500,1.000);(2.500,1.500);(1.500,2.000);(2.500,2.000)","0.18800,0.12500,0.12500,0.12500,0.18800",162.14044919184636,2.1,1.5,2.2
5,"1,4,5,7,10","(1.500,0.000);(1.500,0.500);(2.000,0.500);(1.500,1.000);(1.500,1.500)","0.18800,0.12500,0.25000,0.18800,0.12500",162.40393515808842,1.6,0.7,1.5
5,"4,7,10,11,13","(1.500,0.500);(1.500,1.000);(1.500,1.500);(2.000,1.500);(1.500,2.000)","0.12500,0.18800,0.12500,0.25000,0.12500",162.40393515808842,1.6,1.3,1.5
5,"4,7,8,10,13","(1.500,0.500);(1.500,1.000);(2.000,1.000);(1.500,1.500);(1.500,2.000)","0.12500,0.18800,0.12500,0.12500,0.12500",162.40393515808842,1.6,1.2,1.5
5,"2,5,8,10,11","(2.000,0.000);(2.000,0.500);(2.000,1.000);(1.500,1.500);(2.000,1.500)","0.12500,0.25000,0.12500,0.12500,0.25000",162.62384580067857,1.9,0.9,1.9
5,"2,7,8,9,10","(2.000,0.000);(1.500,1.000);(2.000,1.000);(2.500,1.000);(1.500,1.500)","0.12500,0.18800,0.12500,0.12500,0.12500",162.62384580067857,1.9,0.9,1.9
5,"4,5,8,11,14","(1.500,0.500);(2.000,0.500);(2.000,1.000);(2.000,1.500);(2.000,2.000)","0.12500,0.25000,0.12500,0.25000,0.12500",162.6238458006786,1.9,1.1,1.9
5,"4,7,8,9,14","(1.500,0.500);(1.500,1.000);(2.000,1.000);(2.500,1.000);(2.000,2.000)","0.12500,0.18800,0.12500,0.12500,0.12500",162.6238458006786,1.9,1.1,1.9
5,"2,3,4,6,14","(2.000,0.000);(2.500,0.000);(1.500,0.500);(2.500,0.500);(2.000,2.000)","0.12500,0.18800,0.12500,0.18800,0.12500",162.99827498039883,2.1,0.6,3.3999999999999995
5,"1,3,5,6,14","(1.500,0.000);(2.500,0.000);(2.000,0.500);(2.500,0.500);(2.000,2.000)","0.18800,0.18800,0.25000,0.18800,0.12500",162.99827498039886,2.1,0.6,3.3999999999999995
5,"2,10,12,14,15","(2.000,0.000);(1.500,1.500);(2.500,1.500);(2.000,2.000);(2.500,2.000)","0.12500,0.12500,0.12500,0.12500,0.18800",162.99827498039886,2.1,1.4,3.4
5,"2,11,12,13,15","(2.000,0.000);(2.000,1.500);(2.500,1.500);(1.500,2.000);(2.500,2.000)","0.12500,0.25000,0.12500,0.12500,0.18800",162.99827498039886,2.1,1.4,3.4
5,"5,6,8,11,12","(2.000,0.500);(2.500,0.500);(2.000,1.000);(2.000,1.500);(2.500,1.500)","0.25000,0.18800,0.12500,0.25000,0.12500",163.55891546847693,2.2,1.0,1.3
5,"6,7,8,9,12","(2.500,0.500);(1.500,1.000);(2.000,1.000);(2.500,1.000);(2.500,1.500)","0.18800,0.18800,0.12500,0.12500,0.12500",163.55891546847693,2.2,1.0,1.3
5,"2,4,7,8,11","(2.000,0.000);(1.500,0.500);(1.500,1.000);(2.000,1.000);(2.000,1.500)","0.12500,0.12500,0.18800,0.12500,0.25000",163.56152710130192,1.8,0.8,1.6
5,"5,7,8,10,14","(2.000,0.500);(1.500,1.000);(2.000,1.000);(1.500,1.500);(2.000,2.000)","0.25000,0.18800,0.12500,0.12500,0.12500",163.56152710130192,1.8,1.2,1.6
5,"6,8,9,12,15","(2.500,0.500);(2.000,1.000);(2.500,1.000);(2.500,1.500);(2.500,2.000)","0.18800,0.12500,0.12500,0.12500,0.18800",163.82699793094935,2.4,1.2,1.5
5,"2,3,6,10,12","(2.000,0.000);(2.500,0.000);(2.500,0.500);(1.500,1.500);(2.500,1.500)","0.12500,0.18800,0.18800,0.12500,0.12500",163.84472351240032,2.2,0.7,3.1
5,"3,9,11,12,13","(2.500,0.000);(2.500,1.000);(2.000,1.500);(2.500,1.500);(1.500,2.000)","0.18800,0.12500,0.25000,0.12500,0.12500",163.84472351240032,2.2,1.2,3.1
5,"4,6,12,14,15","(1.500,0.500);(2.500,0.500);(2.500,1.500);(2.000,2.000);(2.500,2.000)","0.12500,0.18800,0.12500,0.12500,0.18800",163.84472351240032,2.2,1.3,3.1
5,"5,6,9,13,15","(2.000,0.500);(2.500,0.500);(2.500,1.000);(1.500,2.000);(2.500,2.000)","0.25000,0.18800,0.12500,0.12500,0.18800",163.84472351240032,2.2,1.2,3.1
5,"7,8,9,11,12","(1.500,1.000);(2.000,1.000);(2.500,1.000);(2.000,1.500);(2.500,1.500)","0.18800,0.12500,0.12500,0.25000,0.12500",163.97927712534204,2.1,1.2,1.0
5,"5,6,9,11,12","(2.000,0.500);(2.500,0.500);(2.500,1.000);(2.000,1.500);(2.500,1.500)","0.25000,0.18800,0.12500,0.25000,0.12500",164.00845983111427,2.3,1.0,1.3
5,"1,2,5,6,14","(1.500,0.000);(2.000,0.000);(2.000,0.500);(2.500,0.500);(2.000,2.000)","0.18800,0.12500,0.25000,0.18800,0.12500",164.0683029929837,2.0,0.6,3.1999999999999997
5,"2,10,11,14,15","(2.000,0.000);(1.500,1.500);(2.000,1.500);(2.000,2.000);(2.500,2.000)","0.12500,0.12500,0.25000,0.12500,0.18800",164.0683029929837,2.0,1.4,3.2
5,"2,11,12,13,14","(2.000,0.000);(2.000,1.500);(2.500,1.500);(1.500,2.000);(2.000,2.000)","0.12500,0.25000,0.12500,0.12500,0.12500",164.0683029929837,2.0,1.4,3.2
5,"2,3,4,5,14","(2.000,0.000);(2.500,0.000);(1.500,0.500);(2.000,0.500);(2.000,2.000)","0.12500,0.18800,0.12500,0.25000,0.12500",164.0683029929837,2.0,0.6,3.1999999999999997
5,"1,2,4,6,10","(1.500,0.000);(2.000,0.000);(1.500,0.500);(2.500,0.500);(1.500,1.500)","0.18800,0.12500,0.12500,0.18800,0.12500",164.48869730506823,1.8,0.5,2.3
5,"1,3,4,5,10","(1.500,0.000);(2.500,0.000);(1.500,0.500);(2.000,0.500);(1.500,1.500)","0.18800,0.18800,0.12500,0.25000,0.12500",164.48869730506823,1.8,0.5,2.3000000000000003
5,"4,10,11,13,15","(1.500,0.500);(1.500,1.500);(2.000,1.500);(1.500,2.000);(2.500,2.000)","0.12500,0.12500,0.25000,0.12500,0.18800",164.48869730506823,1.8,1.5,2.3000000000000003
5,"4,10,12,13,14","(1.500,0.500);(1.500,1.500);(2.500,1.500);(1.500,2.000);(2.000,2.000)","0.12500,0.12500,0.12500,0.12500,0.12500",164.48869730506823,1.8,1.5,2.3
5,"4,5,7,9,13","(1.500,0.500);(2.000,0.500);(1.500,1.000);(2.500,1.000);(1.500,2.000)","0.12500,0.25000,0.18800,0.12500,0.12500",164.48869730506823,1.8,1.0,2.3
5,"4,6,7,8,13","(1.500,0.500);(2.500,0.500);(1.500,1.000);(2.000,1.000);(1.500,2.000)","0.12500,0.18800,0.18800,0.12500,0.12500",164.48869730506823,1.8,1.0,2.3000000000000003
5,"3,5,9,10,11","(2.500,0.000);(2.000,0.500);(2.500,1.000);(1.500,1.500);(2.000,1.500)","0.18800,0.25000,0.12500,0.12500,0.25000",164.51561759951417,2.1,0.9,2.4
5,"3,6,8,10,11","(2.500,0.000);(2.500,0.500);(2.000,1.000);(1.500,1.500);(2.000,1.500)","0.18800,0.18800,0.12500,0.12500,0.25000",164.51561759951417,2.1,0.9,2.4
5,"4,5,8,12,15","(1.500,0.500);(2.000,0.500);(2.000,1.000);(2.500,1.500);(2.500,2.000)","0.12500,0.25000,0.12500,0.12500,0.18800",164.51561759951417,2.1,1.1,2.4
5,"4,5,9,11,15","(1.500,0.500);(2.000,0.500);(2.500,1.000);(2.000,1.500);(2.500,2.000)","0.12500,0.25000,0.12500,0.25000,0.18800",164.51561759951417,2.1,1.1,2.4
5,"4,5,9,12,14","(1.500,0.500);(2.000,0.500);(2.500,1.000);(2.500,1.500);(2.000,2.000)","0.12500,0.25000,0.12500,0.12500,0.12500",164.51561759951417,2.1,1.1,2.4
5,"4,6,8,11,15","(1.500,0.500);(2.500,0.500);(2.000,1.000);(2.000,1.500);(2.500,2.000)","0.12500,0.18800,0.12500,0.25000,0.18800",164.51561759951417,2.1,1.1,2.4
5,"5,9,12,13,14","(2.000,0.500);(2.500,1.000);(2.500,1.500);(1.500,2.000);(2.000,2.000)","0.25000,0.12500,0.12500,0.12500,0.12500",164.51561759951417,2.1,1.4,2.4
5,"6,8,11,13,15","(2.500,0.500);(2.000,1.000);(2.000,1.500);(1.500,2.000);(2.500,2.000)","0.18800,0.12500,0.25000,0.12500,0.18800",164.51561759951417,2.1,1.4,2.4
5,"6,8,12,13,14","(2.500,0.500);(2.000,1.000);(2.500,1.500);(1.500,2.000);(2.000,2.000)","0.18800,0.12500,0.12500,0.12500,0.12500",164.51561759951417,2.1,1.4,2.4
5,"6,9,11,13,14","(2.500,0.500);(2.500,1.000);(2.000,1.500);(1.500,2.000);(2.000,2.000)","0.18800,0.12500,0.25000,0.12500,0.12500",164.51561759951417,2.1,1.4,2.4
5,"2,5,9,10,12","(2.000,0.000);(2.000,0.500);(2.500,1.000);(1.500,1.500);(2.500,1.500)","0.12500,0.25000,0.12500,0.12500,0.12500",164.51561759951423,2.1,0.9,2.4
5,"2,6,8,10,12","(2.000,0.000);(2.500,0.500);(2.000,1.000);(1.500,1.500);(2.500,1.500)","0.12500,0.18800,0.12500,0.12500,0.12500",164.51561759951423,2.1,0.9,2.4
5,"2,6,9,10,11","(2.000,0.000);(2.500,0.500);(2.500,1.000);(1.500,1.500);(2.000,1.500)","0.12500,0.18800,0.12500,0.12500,0.25000",164.51561759951423,2.1,0.9,2.4
5,"3,5,8,10,12","(2.500,0.000);(2.000,0.500);(2.000,1.000);(1.500,1.500);(2.500,1.500)","0.18800,0.25000,0.12500,0.12500,0.12500",164.51561759951423,2.1,0.9,2.4
5,"4,6,8,12,14","(1.500,0.500);(2.500,0.500);(2.000,1.000);(2.500,1.500);(2.000,2.000)","0.12500,0.18800,0.12500,0.12500,0.12500",164.51561759951423,2.1,1.1,2.4
5,"4,6,9,11,14","(1.500,0.500);(2.500,0.500);(2.500,1.000);(2.000,1.500);(2.000,2.000)","0.12500,0.18800,0.12500,0.25000,0.12500",164.51561759951423,2.1,1.1,2.4
5,"5,8,12,13,15","(2.000,0.500);(2.000,1.000);(2.500,1.500);(1.500,2.000);(2.500,2.000)","0.25000,0.12500,0.12500,0.12500,0.18800",164.51561759951423,2.1,1.4,2.4
5,"5,9,11,13,15","(2.000,0.500);(2.500,1.000);(2.000,1.500);(1.500,2.000);(2.500,2.000)","0.25000,0.12500,0.25000,0.12500,0.18800",164.51561759951423,2.1,1.4,2.4
5,"1,2,3,4,10","(1.500,0.000);(2.000,0.000);(2.500,0.000);(1.500,0.500);(1.500,1.500)","0.18800,0.12500,0.18800,0.12500,0.12500",164.61117631506923,1.8,0.4,2.5000000000000004
5,"4,10,13,14,15","(1.500,0.500);(1.500,1.500);(1.500,2.000);(2.000,2.000);(2.500,2.000)","0.12500,0.12500,0.12500,0.12500,0.18800",164.61117631506923,1.8,1.6,2.5
5,"4,5,6,7,13","(1.500,0.500);(2.000,0.500);(2.500,0.500);(1.500,1.000);(1.500,2.000)","0.12500,0.25000,0.18800,0.18800,0.12500",164.61117631506923,1.8,0.9,2.5000000000000004
5,"2,5,7,8,13","(2.000,0.000);(2.000,0.500);(1.500,1.000);(2.000,1.000);(1.500,2.000)","0.12500,0.25000,0.18800,0.12500,0.12500",164.61117631506926,1.8,0.9,2.5000000000000004
5,"2,4,8,9,12","(2.000,0.000);(1.500,0.500);(2.000,1.000);(2.500,1.000);(2.500,1.500)","0.12500,0.12500,0.12500,0.12500,0.12500",164.7857689305274,2.1,0.8,2.0
5,"2,5,7,9,12","(2.000,0.000);(2.000,0.500);(1.500,1.000);(2.500,1.000);(2.500,1.500)","0.12500,0.25000,0.18800,0.12500,0.12500",164.7857689305274,2.1,0.8,2.0
5,"2,6,7,8,12","(2.000,0.000);(2.500,0.500);(1.500,1.000);(2.000,1.000);(2.500,1.500)","0.12500,0.18800,0.18800,0.12500,0.12500",164.7857689305274,2.1,0.8,2.0
5,"2,6,7,9,11","(2.000,0.000);(2.500,0.500);(1.500,1.000);(2.500,1.000);(2.000,1.500)","0.12500,0.18800,0.18800,0.12500,0.25000",164.7857689305274,2.1,0.8,2.0
5,"5,7,9,12,14","(2.000,0.500);(1.500,1.000);(2.500,1.000);(2.500,1.500);(2.000,2.000)","0.25000,0.18800,0.12500,0.12500,0.12500",164.7857689305274,2.1,1.2,2.0
5,"6,7,8,12,14","(2.500,0.500);(1.500,1.000);(2.000,1.000);(2.500,1.500);(2.000,2.000)","0.18800,0.18800,0.12500,0.12500,0.12500",164.7857689305274,2.1,1.2,2.0
5,"6,7,9,11,14","(2.500,0.500);(1.500,1.000);(2.500,1.000);(2.000,1.500);(2.000,2.000)","0.18800,0.18800,0.12500,0.25000,0.12500",164.7857689305274,2.1,1.2,2.0
5,"6,8,9,10,14","(2.500,0.500);(2.000,1.000);(2.500,1.000);(1.500,1.500);(2.000,2.000)","0.18800,0.12500,0.12500,0.12500,0.12500",164.7857689305274,2.1,1.2,2.0
5,"1,3,5,6,13","(1.500,0.000);(2.500,0.000);(2.000,0.500);(2.500,0.500);(1.500,2.000)","0.18800,0.18800,0.25000,0.18800,0.12500",165.28218859033998,2.0,0.6,3.6999999999999997
5,"2,3,4,6,13","(2.000,0.000);(2.500,0.000);(1.500,0.500);(2.500,0.500);(1.500,2.000)","0.12500,0.18800,0.12500,0.18800,0.12500",165.28218859033998,2.0,0.6,3.7
5,"1,2,3,4,8","(1.500,0.000);(2.000,0.000);(2.500,0.000);(1.500,0.500);(2.000,1.000)","0.18800,0.12500,0.18800,0.12500,0.12500",165.51999050860178,1.9,0.3,1.4999999999999998
5,"2,4,5,8,11","(2.000,0.000);(1.500,0.500);(2.000,0.500);(2.000,1.000);(2.000,1.500)","0.12500,0.12500,0.25000,0.12500,0.25000",165.51999050860178,1.9,0.7,1.5
5,"2,4,7,8,9","(2.000,0.000);(1.500,0.500);(1.500,1.000);(2.000,1.000);(2.500,1.000)","0.12500,0.12500,0.18800,0.12500,0.12500",165.51999050860178,1.9,0.7,1.5
5,"5,8,10,11,14","(2.000,0.500);(2.000,1.000);(1.500,1.500);(2.000,1.500);(2.000,2.000)","0.25000,0.12500,0.12500,0.25000,0.12500",165.51999050860178,1.9,1.3,1.5
5,"7,8,9,10,14","(1.500,1.000);(2.000,1.000);(2.500,1.000);(1.500,1.500);(2.000,2.000)","0.18800,0.12500,0.12500,0.12500,0.12500",165.51999050860178,1.9,1.3,1.5
5,"8,10,13,14,15","(2.000,1.000);(1.500,1.500);(1.500,2.000);(2.000,2.000);(2.500,2.000)","0.12500,0.12500,0.12500,0.12500,0.18800",165.51999050860178,1.9,1.7,1.5
5,"1,2,5,6,13","(1.500,0.000);(2.000,0.000);(2.000,0.500);(2.500,0.500);(1.500,2.000)","0.18800,0.12500,0.25000,0.18800,0.12500",165.53068407143354,1.9,0.6,3.3999999999999995
5,"2,3,4,5,13","(2.000,0.000);(2.500,0.000);(1.500,0.500);(2.000,0.500);(1.500,2.000)","0.12500,0.18800,0.12500,0.25000,0.12500",165.53068407143357,1.9,0.6,3.3999999999999995
5,"1,2,3,6,14","(1.500,0.000);(2.000,0.000);(2.500,0.000);(2.500,0.500);(2.000,2.000)","0.18800,0.12500,0.18800,0.18800,0.12500",165.607089635921,2.1,0.5,3.7
5,"2,12,13,14,15","(2.000,0.000);(2.500,1.500);(1.500,2.000);(2.000,2.000);(2.500,2.000)","0.12500,0.12500,0.12500,0.12500,0.18800",165.607089635921,2.1,1.5,3.7
5,"3,4,9,11,12","(2.500,0.000);(1.500,0.500);(2.500,1.000);(2.000,1.500);(2.500,1.500)","0.18800,0.12500,0.12500,0.25000,0.12500",165.70804232537014,2.2,0.9,2.5
5,"3,9,10,11,12","(2.500,0.000);(2.500,1.000);(1.500,1.500);(2.000,1.500);(2.500,1.500)","0.18800,0.12500,0.12500,0.25000,0.12500",165.70804232537014,2.2,1.1,2.5
5,"5,6,9,10,15","(2.000,0.500);(2.500,0.500);(2.500,1.000);(1.500,1.500);(2.500,2.000)","0.25000,0.18800,0.12500,0.12500,0.18800",165.70804232537014,2.2,1.1,2.5
5,"6,12,13,14,15","(2.500,0.500);(2.500,1.500);(1.500,2.000);(2.000,2.000);(2.500,2.000)","0.18800,0.12500,0.12500,0.12500,0.18800",165.70804232537014,2.2,1.6,2.5
5,"4,5,6,9,15","(1.500,0.500);(2.000,0.500);(2.500,0.500);(2.500,1.000);(2.500,2.000)","0.12500,0.25000,0.18800,0.12500,0.18800",165.70804232537017,2.2,0.9,2.5000000000000004
5,"3,4,8,9,11","(2.500,0.000);(1.500,0.500);(2.000,1.000);(2.500,1.000);(2.000,1.500)","0.18800,0.12500,0.12500,0.12500,0.25000",165.87983758585528,2.1,0.8,2.0
5,"5,8,9,10,15","(2.000,0.500);(2.000,1.000);(2.500,1.000);(1.500,1.500);(2.500,2.000)","0.25000,0.12500,0.12500,0.12500,0.18800",165.87983758585528,2.1,1.2,2.0
5,"2,5,6,12,13","(2.000,0.000);(2.000,0.500);(2.500,0.500);(2.500,1.500);(1.500,2.000)","0.12500,0.25000,0.18800,0.12500,0.12500",165.98029538135512,2.1,0.9,3.4000000000000004
5,"3,5,6,11,13","(2.500,0.000);(2.000,0.500);(2.500,0.500);(2.000,1.500);(1.500,2.000)","0.18800,0.25000,0.18800,0.25000,0.12500",165.98029538135512,2.1,0.9,3.4000000000000004
5,"3,6,7,9,13","(2.500,0.000);(2.500,0.500);(1.500,1.000);(2.500,1.000);(1.500,2.000)","0.18800,0.18800,0.18800,0.12500,0.12500",165.98029538135512,2.1,0.9,3.4000000000000004
5,"2,5,9,12,13","(2.000,0.000);(2.000,0.500);(2.500,1.000);(2.500,1.500);(1.500,2.000)","0.12500,0.25000,0.12500,0.12500,0.12500",166.40023971923017,2.1,1.0,3.2
5,"2,6,8,12,13","(2.000,0.000);(2.500,0.500);(2.000,1.000);(2.500,1.500);(1.500,2.000)","0.12500,0.18800,0.12500,0.12500,0.12500",166.40023971923017,2.1,1.0,3.2
5,"2,6,9,11,13","(2.000,0.000);(2.500,0.500);(2.500,1.000);(2.000,1.500);(1.500,2.000)","0.12500,0.18800,0.12500,0.25000,0.12500",166.40023971923017,2.1,1.0,3.2
5,"3,5,8,12,13","(2.500,0.000);(2.000,0.500);(2.000,1.000);(2.500,1.500);(1.500,2.000)","0.18800,0.25000,0.12500,0.12500,0.12500",166.40023971923017,2.1,1.0,3.2
5,"3,5,9,11,13","(2.500,0.000);(2.000,0.500);(2.500,1.000);(2.000,1.500);(1.500,2.000)","0.18800,0.25000,0.12500,0.25000,0.12500",166.40023971923017,2.1,1.0,3.2
5,"3,6,8,11,13","(2.500,0.000);(2.500,0.500);(2.000,1.000);(2.000,1.500);(1.500,2.000)","0.18800,0.18800,0.12500,0.25000,0.12500",166.40023971923017,2.1,1.0,3.2
5,"2,4,5,9,13","(2.000,0.000);(1.500,0.500);(2.000,0.500);(2.500,1.000);(1.500,2.000)","0.12500,0.12500,0.25000,0.12500,0.12500",166.4100152690988,1.9,0.8,3.0
5,"3,4,5,8,13","(2.500,0.000);(1.500,0.500);(2.000,0.500);(2.000,1.000);(1.500,2.000)","0.18800,0.12500,0.25000,0.12500,0.12500",166.4100152690988,1.9,0.8,3.0
5,"1,5,6,8,13","(1.500,0.000);(2.000,0.500);(2.500,0.500);(2.000,1.000);(1.500,2.000)","0.18800,0.25000,0.18800,0.12500,0.12500",166.41001526909884,1.9,0.8,3.0
5,"2,4,6,8,13","(2.000,0.000);(1.500,0.500);(2.500,0.500);(2.000,1.000);(1.500,2.000)","0.12500,0.12500,0.18800,0.12500,0.12500",166.41001526909884,1.9,0.8,3.0
5,"2,5,6,7,13","(2.000,0.000);(2.000,0.500);(2.500,0.500);(1.500,1.000);(1.500,2.000)","0.12500,0.25000,0.18800,0.18800,0.12500",166.41001526909884,1.9,0.8,3.0
5,"1,5,6,9,13","(1.500,0.000);(2.000,0.500);(2.500,0.500);(2.500,1.000);(1.500,2.000)","0.18800,0.25000,0.18800,0.12500,0.12500",166.53191135613065,2.0,0.8,3.3000000000000003
5,"2,4,6,9,13","(2.000,0.000);(1.500,0.500);(2.500,0.500);(2.500,1.000);(1.500,2.000)","0.12500,0.12500,0.18800,0.12500,0.12500",166.53191135613065,2.0,0.8,3.3000000000000003
5,"3,4,5,9,13","(2.500,0.000);(1.500,0.500);(2.000,0.500);(2.500,1.000);(1.500,2.000)","0.18800,0.12500,0.25000,0.12500,0.12500",166.53191135613065,2.0,0.8,3.3000000000000003
5,"3,4,6,8,13","(2.500,0.000);(1.500,0.500);(2.500,0.500);(2.000,1.000);(1.500,2.000)","0.18800,0.12500,0.18800,0.12500,0.12500",166.53191135613065,2.0,0.8,3.3000000000000003
5,"3,5,6,7,13","(2.500,0.000);(2.000,0.500);(2.500,0.500);(1.500,1.000);(1.500,2.000)","0.18800,0.25000,0.18800,0.18800,0.12500",166.53191135613065,2.0,0.8,3.3000000000000003
5,"3,5,7,8,10","(2.500,0.000);(2.000,0.500);(1.500,1.000);(2.000,1.000);(1.500,1.500)","0.18800,0.25000,0.18800,0.12500,0.12500",166.8887191389479,1.9,0.8,2.0
5,"4,7,8,11,15","(1.500,0.500);(1.500,1.000);(2.000,1.000);(2.000,1.500);(2.500,2.000)","0.12500,0.18800,0.12500,0.25000,0.18800",166.8887191389479,1.9,1.2,2.0
5,"6,8,10,11,13","(2.500,0.500);(2.000,1.000);(1.500,1.500);(2.000,1.500);(1.500,2.000)","0.18800,0.12500,0.12500,0.25000,0.12500",166.8887191389479,1.9,1.3,2.0
5,"1,5,8,9,10","(1.500,0.000);(2.000,0.500);(2.000,1.000);(2.500,1.000);(1.500,1.500)","0.18800,0.25000,0.12500,0.12500,0.12500",166.88871913894792,1.9,0.8,2.0
5,"2,4,8,9,10","(2.000,0.000);(1.500,0.500);(2.000,1.000);(2.500,1.000);(1.500,1.500)","0.12500,0.12500,0.12500,0.12500,0.12500",166.88871913894792,1.9,0.8,2.0
5,"2,5,7,9,10","(2.000,0.000);(2.000,0.500);(1.500,1.000);(2.500,1.000);(1.500,1.500)","0.12500,0.25000,0.18800,0.12500,0.12500",166.88871913894792,1.9,0.8,2.0
5,"2,6,7,8,10","(2.000,0.000);(2.500,0.500);(1.500,1.000);(2.000,1.000);(1.500,1.500)","0.12500,0.18800,0.18800,0.12500,0.12500",166.88871913894792,1.9,0.8,2.0
5,"4,7,8,12,14","(1.500,0.500);(1.500,1.000);(2.000,1.000);(2.500,1.500);(2.000,2.000)","0.12500,0.18800,0.12500,0.12500,0.12500",166.88871913894792,1.9,1.2,2.0
5,"4,7,9,11,14","(1.500,0.500);(1.500,1.000);(2.500,1.000);(2.000,1.500);(2.000,2.000)","0.12500,0.18800,0.12500,0.25000,0.12500",166.88871913894792,1.9,1.2,2.0
5,"4,8,9,10,14","(1.500,0.500);(2.000,1.000);(2.500,1.000);(1.500,1.500);(2.000,2.000)","0.12500,0.12500,0.12500,0.12500,0.12500",166.88871913894792,1.9,1.2,2.0
5,"5,7,11,12,13","(2.000,0.500);(1.500,1.000);(2.000,1.500);(2.500,1.500);(1.500,2.000)","0.25000,0.18800,0.25000,0.12500,0.12500",166.88871913894792,1.9,1.3,2.0
5,"5,8,10,12,13","(2.000,0.500);(2.000,1.000);(1.500,1.500);(2.500,1.500);(1.500,2.000)","0.25000,0.12500,0.12500,0.12500,0.12500",166.88871913894792,1.9,1.3,2.0
5,"5,9,10,11,13","(2.000,0.500);(2.500,1.000);(1.500,1.500);(2.000,1.500);(1.500,2.000)","0.25000,0.12500,0.12500,0.25000,0.12500",166.88871913894792,1.9,1.3,2.0
5,"1,5,6,9,14","(1.500,0.000);(2.000,0.500);(2.500,0.500);(2.500,1.000);(2.000,2.000)","0.18800,0.25000,0.18800,0.12500,0.12500",166.90211686057177,2.1,0.8,3.0
5,"2,7,11,12,15","(2.000,0.000);(1.500,1.000);(2.000,1.500);(2.500,1.500);(2.500,2.000)","0.12500,0.18800,0.25000,0.12500,0.18800",166.90211686057177,2.1,1.2,3.0
5,"2,9,11,12,13","(2.000,0.000);(2.500,1.000);(2.000,1.500);(2.500,1.500);(1.500,2.000)","0.12500,0.12500,0.25000,0.12500,0.12500",166.90211686057177,2.1,1.2,3.0
5,"3,5,6,7,14","(2.500,0.000);(2.000,0.500);(2.500,0.500);(1.500,1.000);(2.000,2.000)","0.18800,0.25000,0.18800,0.18800,0.12500",166.90211686057177,2.1,0.8,3.0
5,"2,4,6,9,14","(2.000,0.000);(1.500,0.500);(2.500,0.500);(2.500,1.000);(2.000,2.000)","0.12500,0.12500,0.18800,0.12500,0.12500",166.9021168605718,2.1,0.8,3.0
5,"2,8,10,12,15","(2.000,0.000);(2.000,1.000);(1.500,1.500);(2.500,1.500);(2.500,2.000)","0.12500,0.12500,0.12500,0.12500,0.18800",166.9021168605718,2.1,1.2,3.0
5,"2,9,10,11,15","(2.000,0.000);(2.500,1.000);(1.500,1.500);(2.000,1.500);(2.500,2.000)","0.12500,0.12500,0.12500,0.25000,0.18800",166.9021168605718,2.1,1.2,3.0
5,"2,9,10,12,14","(2.000,0.000);(2.500,1.000);(1.500,1.500);(2.500,1.500);(2.000,2.000)","0.12500,0.12500,0.12500,0.12500,0.12500",166.9021168605718,2.1,1.2,3.0
5,"3,4,5,9,14","(2.500,0.000);(1.500,0.500);(2.000,0.500);(2.500,1.000);(2.000,2.000)","0.18800,0.12500,0.25000,0.12500,0.12500",166.9021168605718,2.1,0.8,3.0
5,"3,4,6,8,14","(2.500,0.000);(1.500,0.500);(2.500,0.500);(2.000,1.000);(2.000,2.000)","0.18800,0.12500,0.18800,0.12500,0.12500",166.9021168605718,2.1,0.8,3.0
5,"1,2,3,5,14","(1.500,0.000);(2.000,0.000);(2.500,0.000);(2.000,0.500);(2.000,2.000)","0.18800,0.12500,0.18800,0.25000,0.12500",167.31161509386487,2.0,0.5,3.5
5,"1,5,6,8,14","(1.500,0.000);(2.000,0.500);(2.500,0.500);(2.000,1.000);(2.000,2.000)","0.18800,0.25000,0.18800,0.12500,0.12500",167.31161509386487,2.0,0.8,2.8000000000000003
5,"2,11,13,14,15","(2.000,0.000);(2.000,1.500);(1.500,2.000);(2.000,2.000);(2.500,2.000)","0.12500,0.25000,0.12500,0.12500,0.18800",167.31161509386487,2.0,1.5,3.5
5,"2,4,5,9,14","(2.000,0.000);(1.500,0.500);(2.000,0.500);(2.500,1.000);(2.000,2.000)","0.12500,0.12500,0.25000,0.12500,0.12500",167.31161509386487,2.0,0.8,2.8000000000000003
5,"2,4,6,8,14","(2.000,0.000);(1.500,0.500);(2.500,0.500);(2.000,1.000);(2.000,2.000)","0.12500,0.12500,0.18800,0.12500,0.12500",167.31161509386487,2.0,0.8,2.8000000000000003
5,"2,5,6,7,14","(2.000,0.000);(2.000,0.500);(2.500,0.500);(1.500,1.000);(2.000,2.000)","0.12500,0.25000,0.18800,0.18800,0.12500",167.31161509386487,2.0,0.8,2.8000000000000003
5,"2,7,11,12,14","(2.000,0.000);(1.500,1.000);(2.000,1.500);(2.500,1.500);(2.000,2.000)","0.12500,0.18800,0.25000,0.12500,0.12500",167.31161509386487,2.0,1.2,2.8000000000000003
5,"2,8,10,11,15","(2.000,0.000);(2.000,1.000);(1.500,1.500);(2.000,1.500);(2.500,2.000)","0.12500,0.12500,0.12500,0.25000,0.18800",167.31161509386487,2.0,1.2,2.8000000000000003
5,"2,8,10,12,14","(2.000,0.000);(2.000,1.000);(1.500,1.500);(2.500,1.500);(2.000,2.000)","0.12500,0.12500,0.12500,0.12500,0.12500",167.31161509386487,2.0,1.2,2.8000000000000003
5,"2,8,11,12,13","(2.000,0.000);(2.000,1.000);(2.000,1.500);(2.500,1.500);(1.500,2.000)","0.12500,0.12500,0.25000,0.12500,0.12500",167.31161509386487,2.0,1.2,2.8000000000000003
5,"2,9,10,11,14","(2.000,0.000);(2.500,1.000);(1.500,1.500);(2.000,1.500);(2.000,2.000)","0.12500,0.12500,0.12500,0.25000,0.12500",167.31161509386487,2.0,1.2,2.8000000000000003
5,"3,4,5,8,14","(2.500,0.000);(1.500,0.500);(2.000,0.500);(2.000,1.000);(2.000,2.000)","0.18800,0.12500,0.25000,0.12500,0.12500",167.31161509386487,2.0,0.8,2.8000000000000003
5,"1,2,5,9,10","(1.500,0.000);(2.000,0.000);(2.000,0.500);(2.500,1.000);(1.500,1.500)","0.18800,0.12500,0.25000,0.12500,0.12500",167.32167843832073,1.9,0.6,2.4
5,"1,2,6,8,10","(1.500,0.000);(2.000,0.000);(2.500,0.500);(2.000,1.000);(1.500,1.500)","0.18800,0.12500,0.18800,0.12500,0.12500",167.32167843832073,1.9,0.6,2.4
5,"2,3,4,8,10","(2.000,0.000);(2.500,0.000);(1.500,0.500);(2.000,1.000);(1.500,1.500)","0.12500,0.18800,0.12500,0.12500,0.12500",167.32167843832073,1.9,0.6,2.4
5,"2,3,5,7,10","(2.000,0.000);(2.500,0.000);(2.000,0.500);(1.500,1.000);(1.500,1.500)","0.12500,0.18800,0.25000,0.18800,0.12500",167.32167843832073,1.9,0.6,2.4
5,"1,3,5,8,10","(1.500,0.000);(2.500,0.000);(2.000,0.500);(2.000,1.000);(1.500,1.500)","0.18800,0.18800,0.25000,0.12500,0.12500",167.32167843832076,1.9,0.6,2.4
5,"4,5,8,12,13","(1.500,0.500);(2.000,0.500);(2.000,1.000);(2.500,1.500);(1.500,2.000)","0.12500,0.25000,0.12500,0.12500,0.12500",167.32167843832076,1.9,1.1,2.4
5,"4,5,9,11,13","(1.500,0.500);(2.000,0.500);(2.500,1.000);(2.000,1.500);(1.500,2.000)","0.12500,0.25000,0.12500,0.25000,0.12500",167.32167843832076,1.9,1.1,2.4
5,"4,6,8,11,13","(1.500,0.500);(2.500,0.500);(2.000,1.000);(2.000,1.500);(1.500,2.000)","0.12500,0.18800,0.12500,0.25000,0.12500",167.32167843832076,1.9,1.1,2.4
5,"4,7,11,14,15","(1.500,0.500);(1.500,1.000);(2.000,1.500);(2.000,2.000);(2.500,2.000)","0.12500,0.18800,0.25000,0.12500,0.18800",167.32167843832076,1.9,1.4,2.4
5,"4,8,10,14,15","(1.500,0.500);(2.000,1.000);(1.500,1.500);(2.000,2.000);(2.500,2.000)","0.12500,0.12500,0.12500,0.12500,0.18800",167.32167843832076,1.9,1.4,2.4
5,"4,8,11,13,15","(1.500,0.500);(2.000,1.000);(2.000,1.500);(1.500,2.000);(2.500,2.000)","0.12500,0.12500,0.25000,0.12500,0.18800",167.32167843832076,1.9,1.4,2.4
5,"4,8,12,13,14","(1.500,0.500);(2.000,1.000);(2.500,1.500);(1.500,2.000);(2.000,2.000)","0.12500,0.12500,0.12500,0.12500,0.12500",167.32167843832076,1.9,1.4,2.4
5,"4,9,11,13,14","(1.500,0.500);(2.500,1.000);(2.000,1.500);(1.500,2.000);(2.000,2.000)","0.12500,0.12500,0.25000,0.12500,0.12500",167.32167843832076,1.9,1.4,2.4
5,"5,6,7,11,13","(2.000,0.500);(2.500,0.500);(1.500,1.000);(2.000,1.500);(1.500,2.000)","0.25000,0.18800,0.18800,0.25000,0.12500",167.32167843832076,1.9,1.1,2.4
5,"5,6,8,10,13","(2.000,0.500);(2.500,0.500);(2.000,1.000);(1.500,1.500);(1.500,2.000)","0.25000,0.18800,0.12500,0.12500,0.12500",167.32167843832076,1.9,1.1,2.4
5,"1,6,8,9,10","(1.500,0.000);(2.500,0.500);(2.000,1.000);(2.500,1.000);(1.500,1.500)","0.18800,0.18800,0.12500,0.12500,0.12500",167.44508508550993,2.0,0.8,2.3000000000000003
5,"2,5,6,10,11","(2.000,0.000);(2.000,0.500);(2.500,0.500);(1.500,1.500);(2.000,1.500)","0.12500,0.25000,0.18800,0.12500,0.25000",167.44508508550993,2.0,0.8,2.3000000000000003
5,"2,6,7,9,10","(2.000,0.000);(2.500,0.500);(1.500,1.000);(2.500,1.000);(1.500,1.500)","0.12500,0.18800,0.18800,0.12500,0.12500",167.44508508550993,2.0,0.8,2.3000000000000003
5,"3,4,8,9,10","(2.500,0.000);(1.500,0.500);(2.000,1.000);(2.500,1.000);(1.500,1.500)","0.18800,0.12500,0.12500,0.12500,0.12500",167.44508508550993,2.0,0.8,2.3000000000000003
5,"3,5,7,9,10","(2.500,0.000);(2.000,0.500);(1.500,1.000);(2.500,1.000);(1.500,1.500)","0.18800,0.25000,0.18800,0.12500,0.12500",167.44508508550993,2.0,0.8,2.3000000000000003
5,"3,6,7,8,10","(2.500,0.000);(2.500,0.500);(1.500,1.000);(2.000,1.000);(1.500,1.500)","0.18800,0.18800,0.18800,0.12500,0.12500",167.44508508550993,2.0,0.8,2.3000000000000003
5,"4,5,11,12,14","(1.500,0.500);(2.000,0.500);(2.000,1.500);(2.500,1.500);(2.000,2.000)","0.12500,0.25000,0.25000,0.12500,0.12500",167.44508508550993,2.0,1.2,2.3000000000000003
5,"4,7,8,12,15","(1.500,0.500);(1.500,1.000);(2.000,1.000);(2.500,1.500);(2.500,2.000)","0.12500,0.18800,0.12500,0.12500,0.18800",167.44508508550993,2.0,1.2,2.3000000000000003
5,"4,7,9,11,15","(1.500,0.500);(1.500,1.000);(2.500,1.000);(2.000,1.500);(2.500,2.000)","0.12500,0.18800,0.12500,0.25000,0.18800",167.44508508550993,2.0,1.2,2.3000000000000003
5,"4,7,9,12,14","(1.500,0.500);(1.500,1.000);(2.500,1.000);(2.500,1.500);(2.000,2.000)","0.12500,0.18800,0.12500,0.12500,0.12500",167.44508508550993,2.0,1.2,2.3000000000000003
5,"4,8,9,10,15","(1.500,0.500);(2.000,1.000);(2.500,1.000);(1.500,1.500);(2.500,2.000)","0.12500,0.12500,0.12500,0.12500,0.18800",167.44508508550993,2.0,1.2,2.3000000000000003
5,"5,8,9,13,14","(2.000,0.500);(2.000,1.000);(2.500,1.000);(1.500,2.000);(2.000,2.000)","0.25000,0.12500,0.12500,0.12500,0.12500",167.44508508550993,2.0,1.3,2.3000000000000003
5,"5,9,10,12,13","(2.000,0.500);(2.500,1.000);(1.500,1.500);(2.500,1.500);(1.500,2.000)","0.25000,0.12500,0.12500,0.12500,0.12500",167.44508508550993,2.0,1.3,2.3000000000000003
5,"6,7,11,12,13","(2.500,0.500);(1.500,1.000);(2.000,1.500);(2.500,1.500);(1.500,2.000)","0.18800,0.18800,0.25000,0.12500,0.12500",167.44508508550993,2.0,1.3,2.3000000000000003
5,"6,8,10,12,13","(2.500,0.500);(2.000,1.000);(1.500,1.500);(2.500,1.500);(1.500,2.000)","0.18800,0.12500,0.12500,0.12500,0.12500",167.44508508550993,2.0,1.3,2.3000000000000003
5,"6,9,10,11,13","(2.500,0.500);(2.500,1.000);(1.500,1.500);(2.000,1.500);(1.500,2.000)","0.18800,0.12500,0.12500,0.25000,0.12500",167.44508508550993,2.0,1.3,2.3000000000000003
5,"5,9,12,14,15","(2.000,0.500);(2.500,1.000);(2.500,1.500);(2.000,2.000);(2.500,2.000)","0.25000,0.12500,0.12500,0.12500,0.18800",167.48128908289925,2.3,1.4,2.0
5,"6,8,12,14,15","(2.500,0.500);(2.000,1.000);(2.500,1.500);(2.000,2.000);(2.500,2.000)","0.18800,0.12500,0.12500,0.12500,0.18800",167.48128908289925,2.3,1.4,2.0
5,"6,9,11,14,15","(2.500,0.500);(2.500,1.000);(2.000,1.500);(2.000,2.000);(2.500,2.000)","0.18800,0.12500,0.25000,0.12500,0.18800",167.48128908289925,2.3,1.4,2.0
5,"2,3,6,9,11","(2.000,0.000);(2.500,0.000);(2.500,0.500);(2.500,1.000);(2.000,1.500)","0.12500,0.18800,0.18800,0.12500,0.25000",167.48128908289928,2.3,0.6,2.0
5,"2,7,10,11,12","(2.000,0.000);(1.500,1.000);(1.500,1.500);(2.000,1.500);(2.500,1.500)","0.12500,0.18800,0.12500,0.25000,0.12500",167.50009685048911,1.9,1.1,2.4
5,"2,7,8,11,14","(2.000,0.000);(1.500,1.000);(2.000,1.000);(2.000,1.500);(2.000,2.000)","0.12500,0.18800,0.12500,0.25000,0.12500",167.50009685048911,1.9,1.1,2.4
5,"4,5,6,7,14","(1.500,0.500);(2.000,0.500);(2.500,0.500);(1.500,1.000);(2.000,2.000)","0.12500,0.25000,0.18800,0.18800,0.12500",167.50009685048911,1.9,0.9,2.4000000000000004
5,"2,5,7,8,14","(2.000,0.000);(2.000,0.500);(1.500,1.000);(2.000,1.000);(2.000,2.000)","0.12500,0.25000,0.18800,0.12500,0.12500",167.50009685048914,1.9,0.9,2.4000000000000004
5,"2,5,11,12,15","(2.000,0.000);(2.000,0.500);(2.000,1.500);(2.500,1.500);(2.500,2.000)","0.12500,0.25000,0.25000,0.12500,0.18800",167.72401899365988,2.2,1.1,3.0
5,"2,5,6,12,14","(2.000,0.000);(2.000,0.500);(2.500,0.500);(2.500,1.500);(2.000,2.000)","0.12500,0.25000,0.18800,0.12500,0.12500",167.72401899365988,2.2,0.9,3.0000000000000004
5,"2,6,11,12,14","(2.000,0.000);(2.500,0.500);(2.000,1.500);(2.500,1.500);(2.000,2.000)","0.12500,0.18800,0.25000,0.12500,0.12500",167.72401899365988,2.2,1.1,3.0
5,"2,7,9,12,15","(2.000,0.000);(1.500,1.000);(2.500,1.000);(2.500,1.500);(2.500,2.000)","0.12500,0.18800,0.12500,0.12500,0.18800",167.72401899365988,2.2,1.1,3.0
5,"3,5,6,11,14","(2.500,0.000);(2.000,0.500);(2.500,0.500);(2.000,1.500);(2.000,2.000)","0.18800,0.25000,0.18800,0.25000,0.12500",167.72401899365988,2.2,0.9,3.0000000000000004
5,"3,6,7,9,14","(2.500,0.000);(2.500,0.500);(1.500,1.000);(2.500,1.000);(2.000,2.000)","0.18800,0.18800,0.18800,0.12500,0.12500",167.72401899365988,2.2,0.9,3.0
5,"1,2,6,9,10","(1.500,0.000);(2.000,0.000);(2.500,0.500);(2.500,1.000);(1.500,1.500)","0.18800,0.12500,0.18800,0.12500,0.12500",167.84621969012136,2.0,0.6,2.7
5,"1,3,5,9,10","(1.500,0.000);(2.500,0.000);(2.000,0.500);(2.500,1.000);(1.500,1.500)","0.18800,0.18800,0.25000,0.12500,0.12500",167.84621969012136,2.0,0.6,2.7
5,"1,3,6,8,10","(1.500,0.000);(2.500,0.000);(2.500,0.500);(2.000,1.000);(1.500,1.500)","0.18800,0.18800,0.18800,0.12500,0.12500",167.84621969012136,2.0,0.6,2.7
5,"2,3,4,9,10","(2.000,0.000);(2.500,0.000);(1.500,0.500);(2.500,1.000);(1.500,1.500)","0.12500,0.18800,0.12500,0.12500,0.12500",167.84621969012136,2.0,0.6,2.7
5,"2,3,6,7,10","(2.000,0.000);(2.500,0.000);(2.500,0.500);(1.500,1.000);(1.500,1.500)","0.12500,0.18800,0.18800,0.18800,0.12500",167.84621969012136,2.0,0.6,2.7
5,"2,8,9,11,13","(2.000,0.000);(2.000,1.000);(2.500,1.000);(2.000,1.500);(1.500,2.000)","0.12500,0.12500,0.12500,0.25000,0.12500",167.8462196901214,2.0,1.1,2.7
5,"4,5,9,12,13","(1.500,0.500);(2.000,0.500);(2.500,1.000);(2.500,1.500);(1.500,2.000)","0.12500,0.25000,0.12500,0.12500,0.12500",167.8462196901214,2.0,1.1,2.7
5,"4,6,8,12,13","(1.500,0.500);(2.500,0.500);(2.000,1.000);(2.500,1.500);(1.500,2.000)","0.12500,0.18800,0.12500,0.12500,0.12500",167.8462196901214,2.0,1.1,2.7
5,"4,6,9,11,13","(1.500,0.500);(2.500,0.500);(2.500,1.000);(2.000,1.500);(1.500,2.000)","0.12500,0.18800,0.12500,0.25000,0.12500",167.8462196901214,2.0,1.1,2.7
5,"4,7,12,14,15","(1.500,0.500);(1.500,1.000);(2.500,1.500);(2.000,2.000);(2.500,2.000)","0.12500,0.18800,0.12500,0.12500,0.18800",167.8462196901214,2.0,1.4,2.7
5,"4,8,12,13,15","(1.500,0.500);(2.000,1.000);(2.500,1.500);(1.500,2.000);(2.500,2.000)","0.12500,0.12500,0.12500,0.12500,0.18800",167.8462196901214,2.0,1.4,2.7
5,"4,9,10,14,15","(1.500,0.500);(2.500,1.000);(1.500,1.500);(2.000,2.000);(2.500,2.000)","0.12500,0.12500,0.12500,0.12500,0.18800",167.8462196901214,2.0,1.4,2.7
5,"4,9,11,13,15","(1.500,0.500);(2.500,1.000);(2.000,1.500);(1.500,2.000);(2.500,2.000)","0.12500,0.12500,0.25000,0.12500,0.18800",167.8462196901214,2.0,1.4,2.7
5,"4,9,12,13,14","(1.500,0.500);(2.500,1.000);(2.500,1.500);(1.500,2.000);(2.000,2.000)","0.12500,0.12500,0.12500,0.12500,0.12500",167.8462196901214,2.0,1.4,2.7
5,"5,6,7,12,13","(2.000,0.500);(2.500,0.500);(1.500,1.000);(2.500,1.500);(1.500,2.000)","0.25000,0.18800,0.18800,0.12500,0.12500",167.8462196901214,2.0,1.1,2.7
5,"5,6,9,10,13","(2.000,0.500);(2.500,0.500);(2.500,1.000);(1.500,1.500);(1.500,2.000)","0.25000,0.18800,0.12500,0.12500,0.12500",167.8462196901214,2.0,1.1,2.7
5,"2,5,8,9,15","(2.000,0.000);(2.000,0.500);(2.000,1.000);(2.500,1.000);(2.500,2.000)","0.12500,0.25000,0.12500,0.12500,0.18800",167.96920346737912,2.2,0.9,2.5
5,"3,8,9,11,14","(2.500,0.000);(2.000,1.000);(2.500,1.000);(2.000,1.500);(2.000,2.000)","0.18800,0.12500,0.12500,0.25000,0.12500",167.96920346737912,2.2,1.1,2.5
5,"1,2,3,6,13","(1.500,0.000);(2.000,0.000);(2.500,0.000);(2.500,0.500);(1.500,2.000)","0.18800,0.12500,0.18800,0.18800,0.12500",168.36834224523423,2.0,0.5,4.0
5,"2,7,8,10,12","(2.000,0.000);(1.500,1.000);(2.000,1.000);(1.500,1.500);(2.500,1.500)","0.12500,0.18800,0.12500,0.12500,0.12500",169.05691205778695,1.9,1.0,2.2
5,"2,7,9,10,11","(2.000,0.000);(1.500,1.000);(2.500,1.000);(1.500,1.500);(2.000,1.500)","0.12500,0.18800,0.12500,0.12500,0.25000",169.05691205778695,1.9,1.0,2.2
5,"4,5,7,9,14","(1.500,0.500);(2.000,0.500);(1.500,1.000);(2.500,1.000);(2.000,2.000)","0.12500,0.25000,0.18800,0.12500,0.12500",169.05691205778695,1.9,1.0,2.2
5,"4,6,7,8,14","(1.500,0.500);(2.500,0.500);(1.500,1.000);(2.000,1.000);(2.000,2.000)","0.12500,0.18800,0.18800,0.12500,0.12500",169.05691205778695,1.9,1.0,2.2
5,"1,2,3,5,13","(1.500,0.000);(2.000,0.000);(2.500,0.000);(2.000,0.500);(1.500,2.000)","0.18800,0.12500,0.18800,0.25000,0.12500",169.18083174199026,1.9,0.5,3.7
5,"1,3,4,6,9","(1.500,0.000);(2.500,0.000);(1.500,0.500);(2.500,0.500);(2.500,1.000)","0.18800,0.18800,0.12500,0.18800,0.12500",169.2268723909495,2.1,0.4,1.9
5,"3,4,5,6,11","(2.500,0.000);(1.500,0.500);(2.000,0.500);(2.500,0.500);(2.000,1.500)","0.18800,0.12500,0.25000,0.18800,0.25000",169.2268723909495,2.1,0.6,1.9
5,"3,4,6,7,9","(2.500,0.000);(1.500,0.500);(2.500,0.500);(1.500,1.000);(2.500,1.000)","0.18800,0.12500,0.18800,0.18800,0.12500",169.2268723909495,2.1,0.6,1.9
5,"5,10,11,12,15","(2.000,0.500);(1.500,1.500);(2.000,1.500);(2.500,1.500);(2.500,2.000)","0.25000,0.12500,0.25000,0.12500,0.18800",169.2268723909495,2.1,1.4,1.9
5,"6,10,11,12,14","(2.500,0.500);(1.500,1.500);(2.000,1.500);(2.500,1.500);(2.000,2.000)","0.18800,0.12500,0.25000,0.12500,0.12500",169.2268723909495,2.1,1.4,1.9
5,"7,9,10,12,15","(1.500,1.000);(2.500,1.000);(1.500,1.500);(2.500,1.500);(2.500,2.000)","0.18800,0.12500,0.12500,0.12500,0.18800",169.2268723909495,2.1,1.4,1.9
5,"6,10,12,14,15","(2.500,0.500);(1.500,1.500);(2.500,1.500);(2.000,2.000);(2.500,2.000)","0.18800,0.12500,0.12500,0.12500,0.18800",169.35147898257478,2.2,1.5,2.3
5,"2,4,5,9,12","(2.000,0.000);(1.500,0.500);(2.000,0.500);(2.500,1.000);(2.500,1.500)","0.12500,0.12500,0.25000,0.12500,0.12500",169.59204633137287,2.1,0.7,2.0
5,"2,4,6,8,12","(2.000,0.000);(1.500,0.500);(2.500,0.500);(2.000,1.000);(2.500,1.500)","0.12500,0.12500,0.18800,0.12500,0.12500",169.59204633137287,2.1,0.7,2.0
5,"1,5,6,8,12","(1.500,0.000);(2.000,0.500);(2.500,0.500);(2.000,1.000);(2.500,1.500)","0.18800,0.25000,0.18800,0.12500,0.12500",169.59204633137293,2.1,0.7,2.0
5,"2,5,6,7,12","(2.000,0.000);(2.000,0.500);(2.500,0.500);(1.500,1.000);(2.500,1.500)","0.12500,0.25000,0.18800,0.18800,0.12500",169.59204633137293,2.1,0.7,2.0
5,"3,4,5,8,12","(2.500,0.000);(1.500,0.500);(2.000,0.500);(2.000,1.000);(2.500,1.500)","0.18800,0.12500,0.25000,0.12500,0.12500",169.59204633137293,2.1,0.7,2.0
5,"7,10,11,13,14","(1.500,1.000);(1.500,1.500);(2.000,1.500);(1.500,2.000);(2.000,2.000)","0.18800,0.12500,0.25000,0.12500,0.12500",169.59204633137296,1.7,1.6,1.0
5,"1,4,5,6,9","(1.500,0.000);(1.500,0.500);(2.000,0.500);(2.500,0.500);(2.500,1.000)","0.18800,0.12500,0.25000,0.18800,0.12500",169.91787188887105,2.0,0.5,1.5
5,"3,4,5,6,7","(2.500,0.000);(1.500,0.500);(2.000,0.500);(2.500,0.500);(1.500,1.000)","0.18800,0.12500,0.25000,0.18800,0.18800",169.91787188887105,2.0,0.5,1.5
5,"7,10,11,12,15","(1.500,1.000);(1.500,1.500);(2.000,1.500);(2.500,1.500);(2.500,2.000)","0.18800,0.12500,0.25000,0.12500,0.18800",169.91787188887105,2.0,1.5,1.5
5,"6,11,12,14,15","(2.500,0.500);(2.000,1.500);(2.500,1.500);(2.000,2.000);(2.500,2.000)","0.18800,0.25000,0.12500,0.12500,0.18800",170.2189029013457,2.3,1.5,1.8
5,"2,3,6,12,13","(2.000,0.000);(2.500,0.000);(2.500,0.500);(2.500,1.500);(1.500,2.000)","0.12500,0.18800,0.18800,0.12500,0.12500",170.50616854045145,2.2,0.8,4.1
5,"2,5,9,12,14","(2.000,0.000);(2.000,0.500);(2.500,1.000);(2.500,1.500);(2.000,2.000)","0.12500,0.25000,0.12500,0.12500,0.12500",170.62503804286837,2.2,1.0,2.8
5,"2,6,8,12,14","(2.000,0.000);(2.500,0.500);(2.000,1.000);(2.500,1.500);(2.000,2.000)","0.12500,0.18800,0.12500,0.12500,0.12500",170.62503804286837,2.2,1.0,2.8
5,"2,6,9,11,14","(2.000,0.000);(2.500,0.500);(2.500,1.000);(2.000,1.500);(2.000,2.000)","0.12500,0.18800,0.12500,0.25000,0.12500",170.62503804286837,2.2,1.0,2.8
5,"2,5,8,12,15","(2.000,0.000);(2.000,0.500);(2.000,1.000);(2.500,1.500);(2.500,2.000)","0.12500,0.25000,0.12500,0.12500,0.18800",170.6250380428684,2.2,1.0,2.8
5,"2,5,9,11,15","(2.000,0.000);(2.000,0.500);(2.500,1.000);(2.000,1.500);(2.500,2.000)","0.12500,0.25000,0.12500,0.25000,0.18800",170.6250380428684,2.2,1.0,2.8
5,"2,6,8,11,15","(2.000,0.000);(2.500,0.500);(2.000,1.000);(2.000,1.500);(2.500,2.000)","0.12500,0.18800,0.12500,0.25000,0.18800",170.6250380428684,2.2,1.0,2.8
5,"3,5,8,12,14","(2.500,0.000);(2.000,0.500);(2.000,1.000);(2.500,1.500);(2.000,2.000)","0.18800,0.25000,0.12500,0.12500,0.12500",170.6250380428684,2.2,1.0,2.8
5,"3,5,9,11,14","(2.500,0.000);(2.000,0.500);(2.500,1.000);(2.000,1.500);(2.000,2.000)","0.18800,0.25000,0.12500,0.25000,0.12500",170.6250380428684,2.2,1.0,2.8
5,"3,6,8,11,14","(2.500,0.000);(2.500,0.500);(2.000,1.000);(2.000,1.500);(2.000,2.000)","0.18800,0.18800,0.12500,0.25000,0.12500",170.6250380428684,2.2,1.0,2.8
5,"2,3,6,12,14","(2.000,0.000);(2.500,0.000);(2.500,0.500);(2.500,1.500);(2.000,2.000)","0.12500,0.18800,0.18800,0.12500,0.12500",171.05238925017227,2.3,0.8,3.6
5,"2,6,12,14,15","(2.000,0.000);(2.500,0.500);(2.500,1.500);(2.000,2.000);(2.500,2.000)","0.12500,0.18800,0.12500,0.12500,0.18800",171.05238925017227,2.3,1.2,3.6
5,"4,5,9,10,12","(1.500,0.500);(2.000,0.500);(2.500,1.000);(1.500,1.500);(2.500,1.500)","0.12500,0.25000,0.12500,0.12500,0.12500",171.1887786912857,2.0,1.0,2.0
5,"4,6,7,11,12","(1.500,0.500);(2.500,0.500);(1.500,1.000);(2.000,1.500);(2.500,1.500)","0.12500,0.18800,0.18800,0.25000,0.12500",171.1887786912857,2.0,1.0,2.0
5,"4,6,8,10,12","(1.500,0.500);(2.500,0.500);(2.000,1.000);(1.500,1.500);(2.500,1.500)","0.12500,0.18800,0.12500,0.12500,0.12500",171.1887786912857,2.0,1.0,2.0
5,"4,6,9,10,11","(1.500,0.500);(2.500,0.500);(2.500,1.000);(1.500,1.500);(2.000,1.500)","0.12500,0.18800,0.12500,0.12500,0.25000",171.1887786912857,2.0,1.0,2.0
5,"5,11,12,13,14","(2.000,0.500);(2.000,1.500);(2.500,1.500);(1.500,2.000);(2.000,2.000)","0.25000,0.25000,0.12500,0.12500,0.12500",171.1887786912857,2.0,1.5,2.0
5,"5,6,7,10,12","(2.000,0.500);(2.500,0.500);(1.500,1.000);(1.500,1.500);(2.500,1.500)","0.25000,0.18800,0.18800,0.12500,0.12500",171.1887786912857,2.0,1.0,2.0
5,"7,8,12,13,15","(1.500,1.000);(2.000,1.000);(2.500,1.500);(1.500,2.000);(2.500,2.000)","0.18800,0.12500,0.12500,0.12500,0.18800",171.1887786912857,2.0,1.5,2.0
5,"7,9,11,13,15","(1.500,1.000);(2.500,1.000);(2.000,1.500);(1.500,2.000);(2.500,2.000)","0.18800,0.12500,0.25000,0.12500,0.18800",171.1887786912857,2.0,1.5,2.0
5,"7,9,12,13,14","(1.500,1.000);(2.500,1.000);(2.500,1.500);(1.500,2.000);(2.000,2.000)","0.18800,0.12500,0.12500,0.12500,0.12500",171.1887786912857,2.0,1.5,2.0
5,"8,9,10,13,15","(2.000,1.000);(2.500,1.000);(1.500,1.500);(1.500,2.000);(2.500,2.000)","0.12500,0.12500,0.12500,0.12500,0.18800",171.1887786912857,2.0,1.5,2.0
5,"2,4,7,8,10","(2.000,0.000);(1.500,0.500);(1.500,1.000);(2.000,1.000);(1.500,1.500)","0.12500,0.12500,0.18800,0.12500,0.12500",171.58322862816243,1.7,0.8,1.6
5,"4,7,8,10,14","(1.500,0.500);(1.500,1.000);(2.000,1.000);(1.500,1.500);(2.000,2.000)","0.12500,0.18800,0.12500,0.12500,0.12500",171.58322862816243,1.7,1.2,1.6
5,"1,6,8,9,13","(1.500,0.000);(2.500,0.500);(2.000,1.000);(2.500,1.000);(1.500,2.000)","0.18800,0.18800,0.12500,0.12500,0.12500",171.73356243402498,2.0,0.9,3.2
5,"2,5,6,11,13","(2.000,0.000);(2.000,0.500);(2.500,0.500);(2.000,1.500);(1.500,2.000)","0.12500,0.25000,0.18800,0.25000,0.12500",171.73356243402498,2.0,0.9,3.2
5,"2,6,7,9,13","(2.000,0.000);(2.500,0.500);(1.500,1.000);(2.500,1.000);(1.500,2.000)","0.12500,0.18800,0.18800,0.12500,0.12500",171.73356243402498,2.0,0.9,3.2
5,"3,4,8,9,13","(2.500,0.000);(1.500,0.500);(2.000,1.000);(2.500,1.000);(1.500,2.000)","0.18800,0.12500,0.12500,0.12500,0.12500",171.73356243402498,2.0,0.9,3.2
5,"3,5,7,9,13","(2.500,0.000);(2.000,0.500);(1.500,1.000);(2.500,1.000);(1.500,2.000)","0.18800,0.25000,0.18800,0.12500,0.12500",171.73356243402498,2.0,0.9,3.2
5,"3,6,7,8,13","(2.500,0.000);(2.500,0.500);(1.500,1.000);(2.000,1.000);(1.500,2.000)","0.18800,0.18800,0.18800,0.12500,0.12500",171.73356243402498,2.0,0.9,3.2
5,"1,3,6,9,14","(1.500,0.000);(2.500,0.000);(2.500,0.500);(2.500,1.000);(2.000,2.000)","0.18800,0.18800,0.18800,0.12500,0.12500",171.77367314649908,2.2,0.7,3.6
5,"2,9,12,13,15","(2.000,0.000);(2.500,1.000);(2.500,1.500);(1.500,2.000);(2.500,2.000)","0.12500,0.12500,0.12500,0.12500,0.18800",171.77367314649908,2.2,1.3,3.6
5,"1,2,5,8,12","(1.500,0.000);(2.000,0.000);(2.000,0.500);(2.000,1.000);(2.500,1.500)","0.18800,0.12500,0.25000,0.12500,0.12500",171.86188214199723,2.0,0.6,2.2
5,"1,4,5,6,12","(1.500,0.000);(1.500,0.500);(2.000,0.500);(2.500,0.500);(2.500,1.500)","0.18800,0.12500,0.25000,0.18800,0.12500",171.86188214199723,2.0,0.6,2.2
5,"6,8,10,12,14","(2.500,0.500);(2.000,1.000);(1.500,1.500);(2.500,1.500);(2.000,2.000)","0.18800,0.12500,0.12500,0.12500,0.12500",172.00424533476468,2.1,1.3,2.0
5,"6,9,10,11,14","(2.500,0.500);(2.500,1.000);(1.500,1.500);(2.000,1.500);(2.000,2.000)","0.18800,0.12500,0.12500,0.25000,0.12500",172.00424533476468,2.1,1.3,2.0
5,"2,4,6,9,11","(2.000,0.000);(1.500,0.500);(2.500,0.500);(2.500,1.000);(2.000,1.500)","0.12500,0.12500,0.18800,0.12500,0.25000",172.0042453347647,2.1,0.7,2.0
5,"3,4,5,9,11","(2.500,0.000);(1.500,0.500);(2.000,0.500);(2.500,1.000);(2.000,1.500)","0.18800,0.12500,0.25000,0.12500,0.25000",172.0042453347647,2.1,0.7,2.0
5,"3,4,6,8,11","(2.500,0.000);(1.500,0.500);(2.500,0.500);(2.000,1.000);(2.000,1.500)","0.18800,0.12500,0.18800,0.12500,0.25000",172.0042453347647,2.1,0.7,2.0
5,"5,8,10,12,15","(2.000,0.500);(2.000,1.000);(1.500,1.500);(2.500,1.500);(2.500,2.000)","0.25000,0.12500,0.12500,0.12500,0.18800",172.0042453347647,2.1,1.3,2.0
5,"5,9,10,11,15","(2.000,0.500);(2.500,1.000);(1.500,1.500);(2.000,1.500);(2.500,2.000)","0.25000,0.12500,0.12500,0.25000,0.18800",172.0042453347647,2.1,1.3,2.0
5,"5,9,10,12,14","(2.000,0.500);(2.500,1.000);(1.500,1.500);(2.500,1.500);(2.000,2.000)","0.25000,0.12500,0.12500,0.12500,0.12500",172.0042453347647,2.1,1.3,2.0
5,"6,8,10,11,15","(2.500,0.500);(2.000,1.000);(1.500,1.500);(2.000,1.500);(2.500,2.000)","0.18800,0.12500,0.12500,0.25000,0.18800",172.0042453347647,2.1,1.3,2.0
5,"1,5,8,9,13","(1.500,0.000);(2.000,0.500);(2.000,1.000);(2.500,1.000);(1.500,2.000)","0.18800,0.25000,0.12500,0.12500,0.12500",172.01582593714966,1.9,0.9,2.9000000000000004
5,"2,4,8,9,13","(2.000,0.000);(1.500,0.500);(2.000,1.000);(2.500,1.000);(1.500,2.000)","0.12500,0.12500,0.12500,0.12500,0.12500",172.01582593714966,1.9,0.9,2.9000000000000004
5,"2,5,7,9,13","(2.000,0.000);(2.000,0.500);(1.500,1.000);(2.500,1.000);(1.500,2.000)","0.12500,0.25000,0.18800,0.12500,0.12500",172.01582593714966,1.9,0.9,2.9000000000000004
5,"2,6,7,8,13","(2.000,0.000);(2.500,0.500);(1.500,1.000);(2.000,1.000);(1.500,2.000)","0.12500,0.18800,0.18800,0.12500,0.12500",172.01582593714966,1.9,0.9,2.9000000000000004
5,"3,5,7,8,13","(2.500,0.000);(2.000,0.500);(1.500,1.000);(2.000,1.000);(1.500,2.000)","0.18800,0.25000,0.18800,0.12500,0.12500",172.01582593714966,1.9,0.9,2.9000000000000004
5,"2,3,9,10,12","(2.000,0.000);(2.500,0.000);(2.500,1.000);(1.500,1.500);(2.500,1.500)","0.12500,0.18800,0.12500,0.12500,0.12500",172.08891651838263,2.2,0.8,3.1
5,"4,6,9,14,15","(1.500,0.500);(2.500,0.500);(2.500,1.000);(2.000,2.000);(2.500,2.000)","0.12500,0.18800,0.12500,0.12500,0.18800",172.08891651838263,2.2,1.2,3.1
5,"5,6,12,13,15","(2.000,0.500);(2.500,0.500);(2.500,1.500);(1.500,2.000);(2.500,2.000)","0.25000,0.18800,0.12500,0.12500,0.18800",172.08891651838263,2.2,1.3,3.1
5,"1,2,3,4,9","(1.500,0.000);(2.000,0.000);(2.500,0.000);(1.500,0.500);(2.500,1.000)","0.18800,0.12500,0.18800,0.12500,0.12500",172.19722084921887,2.0,0.3,1.8
5,"4,5,6,7,12","(1.500,0.500);(2.000,0.500);(2.500,0.500);(1.500,1.000);(2.500,1.500)","0.12500,0.25000,0.18800,0.18800,0.12500",172.1972208492189,2.0,0.8,1.8
5,"9,10,13,14,15","(2.500,1.000);(1.500,1.500);(1.500,2.000);(2.000,2.000);(2.500,2.000)","0.12500,0.12500,0.12500,0.12500,0.18800",172.1972208492189,2.0,1.7,1.8
5,"1,3,6,9,13","(1.500,0.000);(2.500,0.000);(2.500,0.500);(2.500,1.000);(1.500,2.000)","0.18800,0.18800,0.18800,0.12500,0.12500",172.2357030665596,2.1,0.7,4.0
5,"4,5,7,11,12","(1.500,0.500);(2.000,0.500);(1.500,1.000);(2.000,1.500);(2.500,1.500)","0.12500,0.25000,0.18800,0.25000,0.12500",172.24305350147935,1.9,1.0,1.7
5,"4,5,8,10,12","(1.500,0.500);(2.000,0.500);(2.000,1.000);(1.500,1.500);(2.500,1.500)","0.12500,0.25000,0.12500,0.12500,0.12500",172.24305350147935,1.9,1.0,1.7
5,"4,5,9,10,11","(1.500,0.500);(2.000,0.500);(2.500,1.000);(1.500,1.500);(2.000,1.500)","0.12500,0.25000,0.12500,0.12500,0.25000",172.24305350147935,1.9,1.0,1.7
5,"4,6,8,10,11","(1.500,0.500);(2.500,0.500);(2.000,1.000);(1.500,1.500);(2.000,1.500)","0.12500,0.18800,0.12500,0.12500,0.25000",172.24305350147935,1.9,1.0,1.7
5,"5,6,7,10,11","(2.000,0.500);(2.500,0.500);(1.500,1.000);(1.500,1.500);(2.000,1.500)","0.25000,0.18800,0.18800,0.12500,0.25000",172.24305350147935,1.9,1.0,1.7
5,"7,8,11,13,15","(1.500,1.000);(2.000,1.000);(2.000,1.500);(1.500,2.000);(2.500,2.000)","0.18800,0.12500,0.25000,0.12500,0.18800",172.24305350147935,1.9,1.5,1.7
5,"7,8,12,13,14","(1.500,1.000);(2.000,1.000);(2.500,1.500);(1.500,2.000);(2.000,2.000)","0.18800,0.12500,0.12500,0.12500,0.12500",172.24305350147935,1.9,1.5,1.7
5,"7,9,11,13,14","(1.500,1.000);(2.500,1.000);(2.000,1.500);(1.500,2.000);(2.000,2.000)","0.18800,0.12500,0.25000,0.12500,0.12500",172.24305350147935,1.9,1.5,1.7
5,"8,9,10,13,14","(2.000,1.000);(2.500,1.000);(1.500,1.500);(1.500,2.000);(2.000,2.000)","0.12500,0.12500,0.12500,0.12500,0.12500",172.24305350147935,1.9,1.5,1.7
5,"3,6,11,12,13","(2.500,0.000);(2.500,0.500);(2.000,1.500);(2.500,1.500);(1.500,2.000)","0.18800,0.18800,0.25000,0.12500,0.12500",172.40069910929824,2.2,1.1,3.5
5,"2,5,9,11,13","(2.000,0.000);(2.000,0.500);(2.500,1.000);(2.000,1.500);(1.500,2.000)","0.12500,0.25000,0.12500,0.25000,0.12500",172.4886362224429,2.0,1.0,3.0
5,"1,2,3,9,10","(1.500,0.000);(2.000,0.000);(2.500,0.000);(2.500,1.000);(1.500,1.500)","0.18800,0.12500,0.18800,0.12500,0.12500",172.48863622244292,2.0,0.5,3.0
5,"2,5,8,12,13","(2.000,0.000);(2.000,0.500);(2.000,1.000);(2.500,1.500);(1.500,2.000)","0.12500,0.25000,0.12500,0.12500,0.12500",172.48863622244292,2.0,1.0,3.0
5,"2,6,8,11,13","(2.000,0.000);(2.500,0.500);(2.000,1.000);(2.000,1.500);(1.500,2.000)","0.12500,0.18800,0.12500,0.25000,0.12500",172.48863622244292,2.0,1.0,3.0
5,"3,5,8,11,13","(2.500,0.000);(2.000,0.500);(2.000,1.000);(2.000,1.500);(1.500,2.000)","0.18800,0.25000,0.12500,0.25000,0.12500",172.48863622244292,2.0,1.0,3.0
5,"3,7,8,9,13","(2.500,0.000);(1.500,1.000);(2.000,1.000);(2.500,1.000);(1.500,2.000)","0.18800,0.18800,0.12500,0.12500,0.12500",172.48863622244292,2.0,1.0,3.0
5,"4,5,6,12,13","(1.500,0.500);(2.000,0.500);(2.500,0.500);(2.500,1.500);(1.500,2.000)","0.12500,0.25000,0.18800,0.12500,0.12500",172.48863622244292,2.0,1.0,3.0
5,"4,9,13,14,15","(1.500,0.500);(2.500,1.000);(1.500,2.000);(2.000,2.000);(2.500,2.000)","0.12500,0.12500,0.12500,0.12500,0.18800",172.48863622244292,2.0,1.5,3.0
5,"1,2,4,5,13","(1.500,0.000);(2.000,0.000);(1.500,0.500);(2.000,0.500);(1.500,2.000)","0.18800,0.12500,0.12500,0.25000,0.12500",172.64661699397013,1.7,0.6,2.9999999999999996
5,"2,5,8,11,13","(2.000,0.000);(2.000,0.500);(2.000,1.000);(2.000,1.500);(1.500,2.000)","0.12500,0.25000,0.12500,0.25000,0.12500",172.7098006090785,1.9,1.0,2.7
5,"2,7,8,9,13","(2.000,0.000);(1.500,1.000);(2.000,1.000);(2.500,1.000);(1.500,2.000)","0.12500,0.18800,0.12500,0.12500,0.12500",172.7098006090785,1.9,1.0,2.7
5,"1,2,3,8,10","(1.500,0.000);(2.000,0.000);(2.500,0.000);(2.000,1.000);(1.500,1.500)","0.18800,0.12500,0.18800,0.12500,0.12500",172.70980060907854,1.9,0.5,2.7
5,"1,3,4,6,10","(1.500,0.000);(2.500,0.000);(1.500,0.500);(2.500,0.500);(1.500,1.500)","0.18800,0.18800,0.12500,0.18800,0.12500",172.70980060907854,1.9,0.5,2.7
5,"4,10,12,13,15","(1.500,0.500);(1.500,1.500);(2.500,1.500);(1.500,2.000);(2.500,2.000)","0.12500,0.12500,0.12500,0.12500,0.18800",172.70980060907854,1.9,1.5,2.7
5,"4,5,6,11,13","(1.500,0.500);(2.000,0.500);(2.500,0.500);(2.000,1.500);(1.500,2.000)","0.12500,0.25000,0.18800,0.25000,0.12500",172.70980060907854,1.9,1.0,2.7
5,"4,6,7,9,13","(1.500,0.500);(2.500,0.500);(1.500,1.000);(2.500,1.000);(1.500,2.000)","0.12500,0.18800,0.18800,0.12500,0.12500",172.70980060907854,1.9,1.0,2.7
5,"4,8,13,14,15","(1.500,0.500);(2.000,1.000);(1.500,2.000);(2.000,2.000);(2.500,2.000)","0.12500,0.12500,0.12500,0.12500,0.18800",172.70980060907854,1.9,1.5,2.7
5,"4,5,8,11,15","(1.500,0.500);(2.000,0.500);(2.000,1.000);(2.000,1.500);(2.500,2.000)","0.12500,0.25000,0.12500,0.25000,0.18800",172.83738028293703,2.0,1.1,2.2
5,"4,5,8,12,14","(1.500,0.500);(2.000,0.500);(2.000,1.000);(2.500,1.500);(2.000,2.000)","0.12500,0.25000,0.12500,0.12500,0.12500",172.83738028293703,2.0,1.1,2.2
5,"4,5,9,11,14","(1.500,0.500);(2.000,0.500);(2.500,1.000);(2.000,1.500);(2.000,2.000)","0.12500,0.25000,0.12500,0.25000,0.12500",172.83738028293703,2.0,1.1,2.2
5,"4,6,10,11,12","(1.500,0.500);(2.500,0.500);(1.500,1.500);(2.000,1.500);(2.500,1.500)","0.12500,0.18800,0.12500,0.25000,0.12500",172.83738028293703,2.0,1.1,2.2
5,"4,6,8,11,14","(1.500,0.500);(2.500,0.500);(2.000,1.000);(2.000,1.500);(2.000,2.000)","0.12500,0.18800,0.12500,0.25000,0.12500",172.83738028293703,2.0,1.1,2.2
5,"4,7,8,9,15","(1.500,0.500);(1.500,1.000);(2.000,1.000);(2.500,1.000);(2.500,2.000)","0.12500,0.18800,0.12500,0.12500,0.18800",172.83738028293703,2.0,1.1,2.2
5,"5,8,11,13,15","(2.000,0.500);(2.000,1.000);(2.000,1.500);(1.500,2.000);(2.500,2.000)","0.25000,0.12500,0.25000,0.12500,0.18800",172.83738028293703,2.0,1.4,2.2
5,"5,8,12,13,14","(2.000,0.500);(2.000,1.000);(2.500,1.500);(1.500,2.000);(2.000,2.000)","0.25000,0.12500,0.12500,0.12500,0.12500",172.83738028293703,2.0,1.4,2.2
5,"5,9,11,13,14","(2.000,0.500);(2.500,1.000);(2.000,1.500);(1.500,2.000);(2.000,2.000)","0.25000,0.12500,0.25000,0.12500,0.12500",172.83738028293703,2.0,1.4,2.2
5,"6,10,11,12,13","(2.500,0.500);(1.500,1.500);(2.000,1.500);(2.500,1.500);(1.500,2.000)","0.18800,0.12500,0.25000,0.12500,0.12500",172.83738028293703,2.0,1.4,2.2
5,"6,8,11,13,14","(2.500,0.500);(2.000,1.000);(2.000,1.500);(1.500,2.000);(2.000,2.000)","0.18800,0.12500,0.25000,0.12500,0.12500",172.83738028293703,2.0,1.4,2.2
5,"7,8,9,13,15","(1.500,1.000);(2.000,1.000);(2.500,1.000);(1.500,2.000);(2.500,2.000)","0.18800,0.12500,0.12500,0.12500,0.18800",172.83738028293703,2.0,1.4,2.2
5,"2,5,8,10,12","(2.000,0.000);(2.000,0.500);(2.000,1.000);(1.500,1.500);(2.500,1.500)","0.12500,0.25000,0.12500,0.12500,0.12500",172.83738028293706,2.0,0.9,2.2
5,"2,5,9,10,11","(2.000,0.000);(2.000,0.500);(2.500,1.000);(1.500,1.500);(2.000,1.500)","0.12500,0.25000,0.12500,0.12500,0.25000",172.83738028293706,2.0,0.9,2.2
5,"2,6,8,10,11","(2.000,0.000);(2.500,0.500);(2.000,1.000);(1.500,1.500);(2.000,1.500)","0.12500,0.18800,0.12500,0.12500,0.25000",172.83738028293706,2.0,0.9,2.2
5,"3,5,8,10,11","(2.500,0.000);(2.000,0.500);(2.000,1.000);(1.500,1.500);(2.000,1.500)","0.18800,0.25000,0.12500,0.12500,0.25000",172.83738028293706,2.0,0.9,2.2
5,"3,7,8,9,10","(2.500,0.000);(1.500,1.000);(2.000,1.000);(2.500,1.000);(1.500,1.500)","0.18800,0.18800,0.12500,0.12500,0.12500",172.83738028293706,2.0,0.9,2.2
5,"4,5,6,10,12","(1.500,0.500);(2.000,0.500);(2.500,0.500);(1.500,1.500);(2.500,1.500)","0.12500,0.25000,0.18800,0.12500,0.12500",172.83738028293706,2.0,0.9,2.2
5,"1,4,5,8,13","(1.500,0.000);(1.500,0.500);(2.000,0.500);(2.000,1.000);(1.500,2.000)","0.18800,0.12500,0.25000,0.12500,0.12500",172.9471019422338,1.7,0.8,2.6
5,"2,4,5,7,13","(2.000,0.000);(1.500,0.500);(2.000,0.500);(1.500,1.000);(1.500,2.000)","0.12500,0.12500,0.25000,0.18800,0.12500",172.9471019422338,1.7,0.8,2.6
5,"1,5,7,8,10","(1.500,0.000);(2.000,0.500);(1.500,1.000);(2.000,1.000);(1.500,1.500)","0.18800,0.25000,0.18800,0.12500,0.12500",173.15132642177457,1.7,0.8,1.6
5,"5,7,10,11,13","(2.000,0.500);(1.500,1.000);(1.500,1.500);(2.000,1.500);(1.500,2.000)","0.25000,0.18800,0.12500,0.25000,0.12500",173.15132642177463,1.7,1.3,1.6
5,"1,2,4,8,10","(1.500,0.000);(2.000,0.000);(1.500,0.500);(2.000,1.000);(1.500,1.500)","0.18800,0.12500,0.12500,0.12500,0.12500",173.2945733442905,1.7,0.6,2.0
5,"1,2,5,7,10","(1.500,0.000);(2.000,0.000);(2.000,0.500);(1.500,1.000);(1.500,1.500)","0.18800,0.12500,0.25000,0.18800,0.12500",173.2945733442905,1.7,0.6,2.0
5,"4,5,7,11,13","(1.500,0.500);(2.000,0.500);(1.500,1.000);(2.000,1.500);(1.500,2.000)","0.12500,0.25000,0.18800,0.25000,0.12500",173.29457334429054,1.7,1.1,2.0
5,"4,5,8,10,13","(1.500,0.500);(2.000,0.500);(2.000,1.000);(1.500,1.500);(1.500,2.000)","0.12500,0.25000,0.12500,0.12500,0.12500",173.29457334429054,1.7,1.1,2.0
5,"4,7,11,13,14","(1.500,0.500);(1.500,1.000);(2.000,1.500);(1.500,2.000);(2.000,2.000)","0.12500,0.18800,0.25000,0.12500,0.12500",173.29457334429054,1.7,1.4,2.0
5,"4,8,10,13,14","(1.500,0.500);(2.000,1.000);(1.500,1.500);(1.500,2.000);(2.000,2.000)","0.12500,0.12500,0.12500,0.12500,0.12500",173.29457334429054,1.7,1.4,2.0
5,"4,5,10,11,12","(1.500,0.500);(2.000,0.500);(1.500,1.500);(2.000,1.500);(2.500,1.500)","0.12500,0.25000,0.12500,0.25000,0.12500",173.55011477181117,1.9,1.1,1.9
5,"4,6,7,9,10","(1.500,0.500);(2.500,0.500);(1.500,1.000);(2.500,1.000);(1.500,1.500)","0.12500,0.18800,0.18800,0.12500,0.12500",173.55011477181117,1.9,0.9,1.9
5,"4,7,9,10,12","(1.500,0.500);(1.500,1.000);(2.500,1.000);(1.500,1.500);(2.500,1.500)","0.12500,0.18800,0.12500,0.12500,0.12500",173.55011477181117,1.9,1.1,1.9
5,"5,10,11,12,13","(2.000,0.500);(1.500,1.500);(2.000,1.500);(2.500,1.500);(1.500,2.000)","0.25000,0.12500,0.25000,0.12500,0.12500",173.55011477181117,1.9,1.4,1.9
5,"5,8,11,13,14","(2.000,0.500);(2.000,1.000);(2.000,1.500);(1.500,2.000);(2.000,2.000)","0.25000,0.12500,0.25000,0.12500,0.12500",173.55011477181117,1.9,1.4,1.9
5,"7,8,9,13,14","(1.500,1.000);(2.000,1.000);(2.500,1.000);(1.500,2.000);(2.000,2.000)","0.18800,0.12500,0.12500,0.12500,0.12500",173.55011477181117,1.9,1.4,1.9
5,"7,9,10,12,13","(1.500,1.000);(2.500,1.000);(1.500,1.500);(2.500,1.500);(1.500,2.000)","0.18800,0.12500,0.12500,0.12500,0.12500",173.55011477181117,1.9,1.4,1.9
5,"4,5,6,10,11","(1.500,0.500);(2.000,0.500);(2.500,0.500);(1.500,1.500);(2.000,1.500)","0.12500,0.25000,0.18800,0.12500,0.25000",173.55011477181122,1.9,0.9,1.9
5,"2,5,6,9,15","(2.000,0.000);(2.000,0.500);(2.500,0.500);(2.500,1.000);(2.500,2.000)","0.12500,0.25000,0.18800,0.12500,0.18800",173.86295805024207,2.3,0.8,2.6
5,"3,9,11,12,14","(2.500,0.000);(2.500,1.000);(2.000,1.500);(2.500,1.500);(2.000,2.000)","0.18800,0.12500,0.25000,0.12500,0.12500",173.86295805024207,2.3,1.2,2.6
5,"2,3,9,11,12","(2.000,0.000);(2.500,0.000);(2.500,1.000);(2.000,1.500);(2.500,1.500)","0.12500,0.18800,0.12500,0.25000,0.12500",173.8629580502421,2.3,0.8,2.6
5,"5,6,9,14,15","(2.000,0.500);(2.500,0.500);(2.500,1.000);(2.000,2.000);(2.500,2.000)","0.25000,0.18800,0.12500,0.12500,0.18800",173.8629580502421,2.3,1.2,2.6
5,"3,6,10,11,12","(2.500,0.000);(2.500,0.500);(1.500,1.500);(2.000,1.500);(2.500,1.500)","0.18800,0.18800,0.12500,0.25000,0.12500",173.93261522214394,2.2,1.0,2.8
5,"4,5,6,12,15","(1.500,0.500);(2.000,0.500);(2.500,0.500);(2.500,1.500);(2.500,2.000)","0.12500,0.25000,0.18800,0.12500,0.18800",173.93261522214394,2.2,1.0,2.8
5,"6,9,13,14,15","(2.500,0.500);(2.500,1.000);(1.500,2.000);(2.000,2.000);(2.500,2.000)","0.18800,0.12500,0.12500,0.12500,0.18800",173.93261522214394,2.2,1.5,2.8
5,"1,5,6,9,12","(1.500,0.000);(2.000,0.500);(2.500,0.500);(2.500,1.000);(2.500,1.500)","0.18800,0.25000,0.18800,0.12500,0.12500",174.09929061047222,2.2,0.7,2.1
5,"3,5,6,7,12","(2.500,0.000);(2.000,0.500);(2.500,0.500);(1.500,1.000);(2.500,1.500)","0.18800,0.25000,0.18800,0.18800,0.12500",174.09929061047222,2.2,0.7,2.1
5,"1,4,5,8,12","(1.500,0.000);(1.500,0.500);(2.000,0.500);(2.000,1.000);(2.500,1.500)","0.18800,0.12500,0.25000,0.12500,0.12500",174.21680179534624,1.9,0.7,2.0
5,"2,4,5,7,12","(2.000,0.000);(1.500,0.500);(2.000,0.500);(1.500,1.000);(2.500,1.500)","0.12500,0.12500,0.25000,0.18800,0.12500",174.21680179534624,1.9,0.7,2.0
5,"1,2,4,5,14","(1.500,0.000);(2.000,0.000);(1.500,0.500);(2.000,0.500);(2.000,2.000)","0.18800,0.12500,0.12500,0.25000,0.12500",174.52239192985817,1.8,0.6,2.9999999999999996
5,"2,10,11,13,14","(2.000,0.000);(1.500,1.500);(2.000,1.500);(1.500,2.000);(2.000,2.000)","0.12500,0.12500,0.25000,0.12500,0.12500",174.52239192985823,1.8,1.4,3.0
5,"1,2,5,8,13","(1.500,0.000);(2.000,0.000);(2.000,0.500);(2.000,1.000);(1.500,2.000)","0.18800,0.12500,0.25000,0.12500,0.12500",174.79236379829635,1.8,0.7,3.1
5,"1,4,5,6,13","(1.500,0.000);(1.500,0.500);(2.000,0.500);(2.500,0.500);(1.500,2.000)","0.18800,0.12500,0.25000,0.18800,0.12500",174.79236379829635,1.8,0.7,3.1
5,"2,4,8,11,12","(2.000,0.000);(1.500,0.500);(2.000,1.000);(2.000,1.500);(2.500,1.500)","0.12500,0.12500,0.12500,0.25000,0.12500",174.83926983157136,2.0,0.9,2.2
5,"2,5,7,11,12","(2.000,0.000);(2.000,0.500);(1.500,1.000);(2.000,1.500);(2.500,1.500)","0.12500,0.25000,0.18800,0.25000,0.12500",174.83926983157136,2.0,0.9,2.2
5,"5,6,7,11,14","(2.000,0.500);(2.500,0.500);(1.500,1.000);(2.000,1.500);(2.000,2.000)","0.25000,0.18800,0.18800,0.25000,0.12500",174.83926983157136,2.0,1.1,2.2
5,"5,6,8,10,14","(2.000,0.500);(2.500,0.500);(2.000,1.000);(1.500,1.500);(2.000,2.000)","0.25000,0.18800,0.12500,0.12500,0.12500",174.83926983157136,2.0,1.1,2.2
5,"2,7,9,11,15","(2.000,0.000);(1.500,1.000);(2.500,1.000);(2.000,1.500);(2.500,2.000)","0.12500,0.18800,0.12500,0.25000,0.18800",174.92775993941507,2.1,1.1,2.9
5,"1,6,8,9,14","(1.500,0.000);(2.500,0.500);(2.000,1.000);(2.500,1.000);(2.000,2.000)","0.18800,0.18800,0.12500,0.12500,0.12500",174.9277599394151,2.1,0.9,2.9000000000000004
5,"2,5,11,12,14","(2.000,0.000);(2.000,0.500);(2.000,1.500);(2.500,1.500);(2.000,2.000)","0.12500,0.25000,0.25000,0.12500,0.12500",174.9277599394151,2.1,1.1,2.9
5,"2,7,8,12,15","(2.000,0.000);(1.500,1.000);(2.000,1.000);(2.500,1.500);(2.500,2.000)","0.12500,0.18800,0.12500,0.12500,0.18800",174.9277599394151,2.1,1.1,2.9
5,"2,7,9,12,14","(2.000,0.000);(1.500,1.000);(2.500,1.000);(2.500,1.500);(2.000,2.000)","0.12500,0.18800,0.12500,0.12500,0.12500",174.9277599394151,2.1,1.1,2.9
5,"2,8,9,10,15","(2.000,0.000);(2.000,1.000);(2.500,1.000);(1.500,1.500);(2.500,2.000)","0.12500,0.12500,0.12500,0.12500,0.18800",174.9277599394151,2.1,1.1,2.9
5,"3,4,8,9,14","(2.500,0.000);(1.500,0.500);(2.000,1.000);(2.500,1.000);(2.000,2.000)","0.18800,0.12500,0.12500,0.12500,0.12500",174.9277599394151,2.1,0.9,2.9000000000000004
5,"3,5,7,9,14","(2.500,0.000);(2.000,0.500);(1.500,1.000);(2.500,1.000);(2.000,2.000)","0.18800,0.25000,0.18800,0.12500,0.12500",174.9277599394151,2.1,0.9,2.9000000000000004
5,"3,6,7,8,14","(2.500,0.000);(2.500,0.500);(1.500,1.000);(2.000,1.000);(2.000,2.000)","0.18800,0.18800,0.18800,0.12500,0.12500",174.9277599394151,2.1,0.9,2.9000000000000004
5,"2,5,6,11,14","(2.000,0.000);(2.000,0.500);(2.500,0.500);(2.000,1.500);(2.000,2.000)","0.12500,0.25000,0.18800,0.25000,0.12500",174.92775993941513,2.1,0.9,2.9000000000000004
5,"2,6,7,9,14","(2.000,0.000);(2.500,0.500);(1.500,1.000);(2.500,1.000);(2.000,2.000)","0.12500,0.18800,0.18800,0.12500,0.12500",174.92775993941513,2.1,0.9,2.9000000000000004
5,"2,3,9,12,13","(2.000,0.000);(2.500,0.000);(2.500,1.000);(2.500,1.500);(1.500,2.000)","0.12500,0.18800,0.12500,0.12500,0.12500",174.98380736083143,2.2,0.9,4.0
5,"3,9,12,13,15","(2.500,0.000);(2.500,1.000);(2.500,1.500);(1.500,2.000);(2.500,2.000)","0.18800,0.12500,0.12500,0.12500,0.18800",175.30131684771152,2.3,1.3,3.6
5,"2,3,8,9,11","(2.000,0.000);(2.500,0.000);(2.000,1.000);(2.500,1.000);(2.000,1.500)","0.12500,0.18800,0.12500,0.12500,0.25000",175.3260639659149,2.2,0.7,2.1
5,"5,8,9,14,15","(2.000,0.500);(2.000,1.000);(2.500,1.000);(2.000,2.000);(2.500,2.000)","0.25000,0.12500,0.12500,0.12500,0.18800",175.3260639659149,2.2,1.3,2.1
5,"1,5,8,9,14","(1.500,0.000);(2.000,0.500);(2.000,1.000);(2.500,1.000);(2.000,2.000)","0.18800,0.25000,0.12500,0.12500,0.12500",175.52077157477032,2.0,0.9,2.7
5,"2,4,8,9,14","(2.000,0.000);(1.500,0.500);(2.000,1.000);(2.500,1.000);(2.000,2.000)","0.12500,0.12500,0.12500,0.12500,0.12500",175.52077157477032,2.0,0.9,2.7
5,"2,5,7,9,14","(2.000,0.000);(2.000,0.500);(1.500,1.000);(2.500,1.000);(2.000,2.000)","0.12500,0.25000,0.18800,0.12500,0.12500",175.52077157477032,2.0,0.9,2.7
5,"2,6,7,8,14","(2.000,0.000);(2.500,0.500);(1.500,1.000);(2.000,1.000);(2.000,2.000)","0.12500,0.18800,0.18800,0.12500,0.12500",175.52077157477032,2.0,0.9,2.7
5,"2,7,8,11,15","(2.000,0.000);(1.500,1.000);(2.000,1.000);(2.000,1.500);(2.500,2.000)","0.12500,0.18800,0.12500,0.25000,0.18800",175.52077157477032,2.0,1.1,2.7
5,"2,7,8,12,14","(2.000,0.000);(1.500,1.000);(2.000,1.000);(2.500,1.500);(2.000,2.000)","0.12500,0.18800,0.12500,0.12500,0.12500",175.52077157477032,2.0,1.1,2.7
5,"2,7,9,11,14","(2.000,0.000);(1.500,1.000);(2.500,1.000);(2.000,1.500);(2.000,2.000)","0.12500,0.18800,0.12500,0.25000,0.12500",175.52077157477032,2.0,1.1,2.7
5,"2,8,9,10,14","(2.000,0.000);(2.000,1.000);(2.500,1.000);(1.500,1.500);(2.000,2.000)","0.12500,0.12500,0.12500,0.12500,0.12500",175.52077157477032,2.0,1.1,2.7
5,"3,5,7,8,14","(2.500,0.000);(2.000,0.500);(1.500,1.000);(2.000,1.000);(2.000,2.000)","0.18800,0.25000,0.18800,0.12500,0.12500",175.52077157477032,2.0,0.9,2.7
5,"3,6,9,13,15","(2.500,0.000);(2.500,0.500);(2.500,1.000);(1.500,2.000);(2.500,2.000)","0.18800,0.18800,0.12500,0.12500,0.18800",175.5852547360739,2.3,1.1,4.0
5,"2,4,9,11,12","(2.000,0.000);(1.500,0.500);(2.500,1.000);(2.000,1.500);(2.500,1.500)","0.12500,0.12500,0.12500,0.25000,0.12500",175.65940803826004,2.1,0.9,2.4
5,"2,6,7,11,12","(2.000,0.000);(2.500,0.500);(1.500,1.000);(2.000,1.500);(2.500,1.500)","0.12500,0.18800,0.18800,0.25000,0.12500",175.65940803826004,2.1,0.9,2.4
5,"5,6,7,12,14","(2.000,0.500);(2.500,0.500);(1.500,1.000);(2.500,1.500);(2.000,2.000)","0.25000,0.18800,0.18800,0.12500,0.12500",175.65940803826007,2.1,1.1,2.4
5,"5,6,9,10,14","(2.000,0.500);(2.500,0.500);(2.500,1.000);(1.500,1.500);(2.000,2.000)","0.25000,0.18800,0.12500,0.12500,0.12500",175.65940803826012,2.1,1.1,2.4
5,"2,3,5,10,12","(2.000,0.000);(2.500,0.000);(2.000,0.500);(1.500,1.500);(2.500,1.500)","0.12500,0.18800,0.25000,0.12500,0.12500",176.26392721848885,2.1,0.7,3.0
5,"4,6,11,14,15","(1.500,0.500);(2.500,0.500);(2.000,1.500);(2.000,2.000);(2.500,2.000)","0.12500,0.18800,0.25000,0.12500,0.18800",176.26392721848885,2.1,1.3,3.0
5,"5,6,8,13,15","(2.000,0.500);(2.500,0.500);(2.000,1.000);(1.500,2.000);(2.500,2.000)","0.25000,0.18800,0.12500,0.12500,0.18800",176.26392721848885,2.1,1.2,3.0
5,"2,3,6,10,11","(2.000,0.000);(2.500,0.000);(2.500,0.500);(1.500,1.500);(2.000,1.500)","0.12500,0.18800,0.18800,0.12500,0.25000",176.26392721848887,2.1,0.7,3.0
5,"3,8,11,12,13","(2.500,0.000);(2.000,1.000);(2.000,1.500);(2.500,1.500);(1.500,2.000)","0.18800,0.12500,0.25000,0.12500,0.12500",176.26392721848887,2.1,1.2,3.0
5,"4,5,12,14,15","(1.500,0.500);(2.000,0.500);(2.500,1.500);(2.000,2.000);(2.500,2.000)","0.12500,0.25000,0.12500,0.12500,0.18800",176.26392721848887,2.1,1.3,3.0
5,"5,6,9,13,14","(2.000,0.500);(2.500,0.500);(2.500,1.000);(1.500,2.000);(2.000,2.000)","0.25000,0.18800,0.12500,0.12500,0.12500",176.26392721848887,2.1,1.2,3.0
5,"1,2,5,8,14","(1.500,0.000);(2.000,0.000);(2.000,0.500);(2.000,1.000);(2.000,2.000)","0.18800,0.12500,0.25000,0.12500,0.12500",176.44659146726224,1.9,0.7,3.0
5,"1,4,5,6,14","(1.500,0.000);(1.500,0.500);(2.000,0.500);(2.500,0.500);(2.000,2.000)","0.18800,0.12500,0.25000,0.18800,0.12500",176.44659146726224,1.9,0.7,3.0
5,"2,10,11,12,13","(2.000,0.000);(1.500,1.500);(2.000,1.500);(2.500,1.500);(1.500,2.000)","0.12500,0.12500,0.25000,0.12500,0.12500",176.44659146726224,1.9,1.3,3.0
5,"2,8,11,13,14","(2.000,0.000);(2.000,1.000);(2.000,1.500);(1.500,2.000);(2.000,2.000)","0.12500,0.12500,0.25000,0.12500,0.12500",176.44659146726224,1.9,1.3,3.0
5,"3,4,9,12,15","(2.500,0.000);(1.500,0.500);(2.500,1.000);(2.500,1.500);(2.500,2.000)","0.18800,0.12500,0.12500,0.12500,0.18800",176.5978664169726,2.3,1.0,3.3
5,"3,6,9,10,15","(2.500,0.000);(2.500,0.500);(2.500,1.000);(1.500,1.500);(2.500,2.000)","0.18800,0.18800,0.12500,0.12500,0.18800",176.5978664169726,2.3,1.0,3.3
5,"1,4,5,6,8","(1.500,0.000);(1.500,0.500);(2.000,0.500);(2.500,0.500);(2.000,1.000)","0.18800,0.12500,0.25000,0.18800,0.12500",176.7145867644259,1.9,0.5,1.2
5,"2,4,5,6,7","(2.000,0.000);(1.500,0.500);(2.000,0.500);(2.500,0.500);(1.500,1.000)","0.12500,0.12500,0.25000,0.18800,0.18800",176.7145867644259,1.9,0.5,1.2
5,"7,10,11,12,14","(1.500,1.000);(1.500,1.500);(2.000,1.500);(2.500,1.500);(2.000,2.000)","0.18800,0.12500,0.25000,0.12500,0.12500",176.7145867644259,1.9,1.5,1.2
5,"1,4,5,8,14","(1.500,0.000);(1.500,0.500);(2.000,0.500);(2.000,1.000);(2.000,2.000)","0.18800,0.12500,0.25000,0.12500,0.12500",176.77568430478053,1.8,0.8,2.6
5,"2,4,5,7,14","(2.000,0.000);(1.500,0.500);(2.000,0.500);(1.500,1.000);(2.000,2.000)","0.12500,0.12500,0.25000,0.18800,0.12500",176.77568430478053,1.8,0.8,2.6
5,"2,7,10,11,14","(2.000,0.000);(1.500,1.000);(1.500,1.500);(2.000,1.500);(2.000,2.000)","0.12500,0.18800,0.12500,0.25000,0.12500",176.77568430478053,1.8,1.2,2.6
5,"2,8,10,11,13","(2.000,0.000);(2.000,1.000);(1.500,1.500);(2.000,1.500);(1.500,2.000)","0.12500,0.12500,0.12500,0.25000,0.12500",176.77568430478053,1.8,1.2,2.6
5,"1,2,3,4,12","(1.500,0.000);(2.000,0.000);(2.500,0.000);(1.500,0.500);(2.500,1.500)","0.18800,0.12500,0.18800,0.12500,0.12500",176.90513540893573,2.0,0.4,2.7
5,"3,4,6,11,12","(2.500,0.000);(1.500,0.500);(2.500,0.500);(2.000,1.500);(2.500,1.500)","0.18800,0.12500,0.18800,0.25000,0.12500",177.0022134024222,2.2,0.8,2.6
5,"5,6,10,12,15","(2.000,0.500);(2.500,0.500);(1.500,1.500);(2.500,1.500);(2.500,2.000)","0.25000,0.18800,0.12500,0.12500,0.18800",177.0022134024222,2.2,1.2,2.6
5,"1,3,6,9,12","(1.500,0.000);(2.500,0.000);(2.500,0.500);(2.500,1.000);(2.500,1.500)","0.18800,0.18800,0.18800,0.12500,0.12500",177.81964876188985,2.3,0.6,2.5
5,"1,2,6,9,13","(1.500,0.000);(2.000,0.000);(2.500,0.500);(2.500,1.000);(1.500,2.000)","0.18800,0.12500,0.18800,0.12500,0.12500",178.23342564871592,2.0,0.7,3.8000000000000003
5,"1,3,5,9,13","(1.500,0.000);(2.500,0.000);(2.000,0.500);(2.500,1.000);(1.500,2.000)","0.18800,0.18800,0.25000,0.12500,0.12500",178.23342564871592,2.0,0.7,3.8000000000000003
5,"1,3,6,8,13","(1.500,0.000);(2.500,0.000);(2.500,0.500);(2.000,1.000);(1.500,2.000)","0.18800,0.18800,0.18800,0.12500,0.12500",178.23342564871592,2.0,0.7,3.8000000000000003
5,"2,3,4,9,13","(2.000,0.000);(2.500,0.000);(1.500,0.500);(2.500,1.000);(1.500,2.000)","0.12500,0.18800,0.12500,0.12500,0.12500",178.23342564871592,2.0,0.7,3.8000000000000003
5,"2,3,6,7,13","(2.000,0.000);(2.500,0.000);(2.500,0.500);(1.500,1.000);(1.500,2.000)","0.12500,0.18800,0.18800,0.18800,0.12500",178.23342564871592,2.0,0.7,3.8000000000000003
5,"2,5,9,11,14","(2.000,0.000);(2.000,0.500);(2.500,1.000);(2.000,1.500);(2.000,2.000)","0.12500,0.25000,0.12500,0.25000,0.12500",178.30664222809514,2.1,1.0,2.7
5,"2,5,8,11,15","(2.000,0.000);(2.000,0.500);(2.000,1.000);(2.000,1.500);(2.500,2.000)","0.12500,0.25000,0.12500,0.25000,0.18800",178.30664222809517,2.1,1.0,2.7
5,"2,5,8,12,14","(2.000,0.000);(2.000,0.500);(2.000,1.000);(2.500,1.500);(2.000,2.000)","0.12500,0.25000,0.12500,0.12500,0.12500",178.30664222809517,2.1,1.0,2.7
5,"2,6,10,11,12","(2.000,0.000);(2.500,0.500);(1.500,1.500);(2.000,1.500);(2.500,1.500)","0.12500,0.18800,0.12500,0.25000,0.12500",178.30664222809517,2.1,1.0,2.7
5,"2,6,8,11,14","(2.000,0.000);(2.500,0.500);(2.000,1.000);(2.000,1.500);(2.000,2.000)","0.12500,0.18800,0.12500,0.25000,0.12500",178.30664222809517,2.1,1.0,2.7
5,"2,7,8,9,15","(2.000,0.000);(1.500,1.000);(2.000,1.000);(2.500,1.000);(2.500,2.000)","0.12500,0.18800,0.12500,0.12500,0.18800",178.30664222809517,2.1,1.0,2.7
5,"3,5,8,11,14","(2.500,0.000);(2.000,0.500);(2.000,1.000);(2.000,1.500);(2.000,2.000)","0.18800,0.25000,0.12500,0.25000,0.12500",178.30664222809517,2.1,1.0,2.7
5,"3,7,8,9,14","(2.500,0.000);(1.500,1.000);(2.000,1.000);(2.500,1.000);(2.000,2.000)","0.18800,0.18800,0.12500,0.12500,0.12500",178.30664222809517,2.1,1.0,2.7
5,"4,5,6,12,14","(1.500,0.500);(2.000,0.500);(2.500,0.500);(2.500,1.500);(2.000,2.000)","0.12500,0.25000,0.18800,0.12500,0.12500",178.30664222809517,2.1,1.0,2.7
5,"6,7,10,11,12","(2.500,0.500);(1.500,1.000);(1.500,1.500);(2.000,1.500);(2.500,1.500)","0.18800,0.18800,0.12500,0.25000,0.12500",178.322780766593,2.0,1.2,1.8
5,"7,12,13,14,15","(1.500,1.000);(2.500,1.500);(1.500,2.000);(2.000,2.000);(2.500,2.000)","0.18800,0.12500,0.12500,0.12500,0.18800",178.322780766593,2.0,1.7,1.8
5,"2,6,9,14,15","(2.000,0.000);(2.500,0.500);(2.500,1.000);(2.000,2.000);(2.500,2.000)","0.12500,0.18800,0.12500,0.12500,0.18800",178.5494459414352,2.3,1.1,3.5
5,"2,3,9,12,14","(2.000,0.000);(2.500,0.000);(2.500,1.000);(2.500,1.500);(2.000,2.000)","0.12500,0.18800,0.12500,0.12500,0.12500",178.54944594143524,2.3,0.9,3.5
5,"2,5,10,11,12","(2.000,0.000);(2.000,0.500);(1.500,1.500);(2.000,1.500);(2.500,1.500)","0.12500,0.25000,0.12500,0.25000,0.12500",178.58159480811383,2.0,1.0,2.5
5,"2,5,8,11,14","(2.000,0.000);(2.000,0.500);(2.000,1.000);(2.000,1.500);(2.000,2.000)","0.12500,0.25000,0.12500,0.25000,0.12500",178.58159480811383,2.0,1.0,2.5
5,"2,7,8,9,14","(2.000,0.000);(1.500,1.000);(2.000,1.000);(2.500,1.000);(2.000,2.000)","0.12500,0.18800,0.12500,0.12500,0.12500",178.58159480811383,2.0,1.0,2.5
5,"2,7,9,10,12","(2.000,0.000);(1.500,1.000);(2.500,1.000);(1.500,1.500);(2.500,1.500)","0.12500,0.18800,0.12500,0.12500,0.12500",178.58159480811383,2.0,1.0,2.5
5,"4,5,6,11,14","(1.500,0.500);(2.000,0.500);(2.500,0.500);(2.000,1.500);(2.000,2.000)","0.12500,0.25000,0.18800,0.25000,0.12500",178.58159480811383,2.0,1.0,2.5
5,"4,6,7,9,14","(1.500,0.500);(2.500,0.500);(1.500,1.000);(2.500,1.000);(2.000,2.000)","0.12500,0.18800,0.18800,0.12500,0.12500",178.58159480811383,2.0,1.0,2.5
5,"1,2,4,6,12","(1.500,0.000);(2.000,0.000);(1.500,0.500);(2.500,0.500);(2.500,1.500)","0.18800,0.12500,0.12500,0.18800,0.12500",178.58159480811386,2.0,0.5,2.5
5,"1,3,4,5,12","(1.500,0.000);(2.500,0.000);(1.500,0.500);(2.000,0.500);(2.500,1.500)","0.18800,0.18800,0.12500,0.25000,0.12500",178.58159480811386,2.0,0.5,2.5
5,"3,4,6,9,15","(2.500,0.000);(1.500,0.500);(2.500,0.500);(2.500,1.000);(2.500,2.000)","0.18800,0.12500,0.18800,0.12500,0.18800",178.67868756188128,2.3,0.8,3.1
5,"3,9,10,12,15","(2.500,0.000);(2.500,1.000);(1.500,1.500);(2.500,1.500);(2.500,2.000)","0.18800,0.12500,0.12500,0.12500,0.18800",178.67868756188128,2.3,1.2,3.1
5,"1,4,5,9,10","(1.500,0.000);(1.500,0.500);(2.000,0.500);(2.500,1.000);(1.500,1.500)","0.18800,0.12500,0.25000,0.12500,0.12500",178.68888324963834,1.8,0.7,2.1
5,"1,4,6,8,10","(1.500,0.000);(1.500,0.500);(2.500,0.500);(2.000,1.000);(1.500,1.500)","0.18800,0.12500,0.18800,0.12500,0.12500",178.68888324963834,1.8,0.7,2.1
5,"1,5,6,7,10","(1.500,0.000);(2.000,0.500);(2.500,0.500);(1.500,1.000);(1.500,1.500)","0.18800,0.25000,0.18800,0.18800,0.12500",178.68888324963834,1.8,0.7,2.1
5,"2,4,6,7,10","(2.000,0.000);(1.500,0.500);(2.500,0.500);(1.500,1.000);(1.500,1.500)","0.12500,0.12500,0.18800,0.18800,0.12500",178.68888324963834,1.8,0.7,2.1
5,"3,4,5,7,10","(2.500,0.000);(1.500,0.500);(2.000,0.500);(1.500,1.000);(1.500,1.500)","0.18800,0.12500,0.25000,0.18800,0.12500",178.68888324963834,1.8,0.7,2.1
5,"4,7,10,11,15","(1.500,0.500);(1.500,1.000);(1.500,1.500);(2.000,1.500);(2.500,2.000)","0.12500,0.18800,0.12500,0.25000,0.18800",178.68888324963834,1.8,1.3,2.1
5,"4,7,10,12,14","(1.500,0.500);(1.500,1.000);(1.500,1.500);(2.500,1.500);(2.000,2.000)","0.12500,0.18800,0.12500,0.12500,0.12500",178.68888324963834,1.8,1.3,2.1
5,"4,7,11,12,13","(1.500,0.500);(1.500,1.000);(2.000,1.500);(2.500,1.500);(1.500,2.000)","0.12500,0.18800,0.25000,0.12500,0.12500",178.68888324963834,1.8,1.3,2.1
5,"4,7,8,12,13","(1.500,0.500);(1.500,1.000);(2.000,1.000);(2.500,1.500);(1.500,2.000)","0.12500,0.18800,0.12500,0.12500,0.12500",178.68888324963834,1.8,1.2,2.1
5,"4,7,9,11,13","(1.500,0.500);(1.500,1.000);(2.500,1.000);(2.000,1.500);(1.500,2.000)","0.12500,0.18800,0.12500,0.25000,0.12500",178.68888324963834,1.8,1.2,2.1
5,"4,8,10,12,13","(1.500,0.500);(2.000,1.000);(1.500,1.500);(2.500,1.500);(1.500,2.000)","0.12500,0.12500,0.12500,0.12500,0.12500",178.68888324963834,1.8,1.3,2.1
5,"4,8,9,10,13","(1.500,0.500);(2.000,1.000);(2.500,1.000);(1.500,1.500);(1.500,2.000)","0.12500,0.12500,0.12500,0.12500,0.12500",178.68888324963834,1.8,1.2,2.1
5,"4,9,10,11,13","(1.500,0.500);(2.500,1.000);(1.500,1.500);(2.000,1.500);(1.500,2.000)","0.12500,0.12500,0.12500,0.25000,0.12500",178.68888324963834,1.8,1.3,2.1
5,"5,7,9,10,13","(2.000,0.500);(1.500,1.000);(2.500,1.000);(1.500,1.500);(1.500,2.000)","0.25000,0.18800,0.12500,0.12500,0.12500",178.68888324963834,1.8,1.2,2.1
5,"6,7,8,10,13","(2.500,0.500);(1.500,1.000);(2.000,1.000);(1.500,1.500);(1.500,2.000)","0.18800,0.18800,0.12500,0.12500,0.12500",178.68888324963834,1.8,1.2,2.1
5,"2,3,4,9,14","(2.000,0.000);(2.500,0.000);(1.500,0.500);(2.500,1.000);(2.000,2.000)","0.12500,0.18800,0.12500,0.12500,0.12500",179.10916344584314,2.1,0.7,3.5
5,"2,9,10,14,15","(2.000,0.000);(2.500,1.000);(1.500,1.500);(2.000,2.000);(2.500,2.000)","0.12500,0.12500,0.12500,0.12500,0.18800",179.10916344584314,2.1,1.3,3.5
5,"1,2,6,9,14","(1.500,0.000);(2.000,0.000);(2.500,0.500);(2.500,1.000);(2.000,2.000)","0.18800,0.12500,0.18800,0.12500,0.12500",179.10916344584317,2.1,0.7,3.5
5,"1,3,5,9,14","(1.500,0.000);(2.500,0.000);(2.000,0.500);(2.500,1.000);(2.000,2.000)","0.18800,0.18800,0.25000,0.12500,0.12500",179.10916344584317,2.1,0.7,3.5
5,"1,3,6,8,14","(1.500,0.000);(2.500,0.000);(2.500,0.500);(2.000,1.000);(2.000,2.000)","0.18800,0.18800,0.18800,0.12500,0.12500",179.10916344584317,2.1,0.7,3.5
5,"2,3,6,7,14","(2.000,0.000);(2.500,0.000);(2.500,0.500);(1.500,1.000);(2.000,2.000)","0.12500,0.18800,0.18800,0.18800,0.12500",179.10916344584317,2.1,0.7,3.5
5,"2,7,12,14,15","(2.000,0.000);(1.500,1.000);(2.500,1.500);(2.000,2.000);(2.500,2.000)","0.12500,0.18800,0.12500,0.12500,0.18800",179.10916344584317,2.1,1.3,3.5
5,"2,8,12,13,15","(2.000,0.000);(2.000,1.000);(2.500,1.500);(1.500,2.000);(2.500,2.000)","0.12500,0.12500,0.12500,0.12500,0.18800",179.10916344584317,2.1,1.3,3.5
5,"2,9,11,13,15","(2.000,0.000);(2.500,1.000);(2.000,1.500);(1.500,2.000);(2.500,2.000)","0.12500,0.12500,0.25000,0.12500,0.18800",179.10916344584317,2.1,1.3,3.5
5,"2,9,12,13,14","(2.000,0.000);(2.500,1.000);(2.500,1.500);(1.500,2.000);(2.000,2.000)","0.12500,0.12500,0.12500,0.12500,0.12500",179.10916344584317,2.1,1.3,3.5
5,"2,3,4,9,12","(2.000,0.000);(2.500,0.000);(1.500,0.500);(2.500,1.000);(2.500,1.500)","0.12500,0.18800,0.12500,0.12500,0.12500",179.42795781874315,2.2,0.6,2.5
5,"6,9,10,14,15","(2.500,0.500);(2.500,1.000);(1.500,1.500);(2.000,2.000);(2.500,2.000)","0.18800,0.12500,0.12500,0.12500,0.18800",179.42795781874315,2.2,1.4,2.5
5,"1,5,7,8,13","(1.500,0.000);(2.000,0.500);(1.500,1.000);(2.000,1.000);(1.500,2.000)","0.18800,0.25000,0.18800,0.12500,0.12500",179.5879946792946,1.7,0.9,2.5000000000000004
5,"2,4,7,8,13","(2.000,0.000);(1.500,0.500);(1.500,1.000);(2.000,1.000);(1.500,2.000)","0.12500,0.12500,0.18800,0.12500,0.12500",179.5879946792946,1.7,0.9,2.5000000000000004
5,"1,2,6,8,13","(1.500,0.000);(2.000,0.000);(2.500,0.500);(2.000,1.000);(1.500,2.000)","0.18800,0.12500,0.18800,0.12500,0.12500",179.63598020146537,1.9,0.7,3.5
5,"1,4,5,8,9","(1.500,0.000);(1.500,0.500);(2.000,0.500);(2.000,1.000);(2.500,1.000)","0.18800,0.12500,0.25000,0.12500,0.12500",179.63598020146537,1.9,0.6,1.4
5,"2,4,5,7,9","(2.000,0.000);(1.500,0.500);(2.000,0.500);(1.500,1.000);(2.500,1.000)","0.12500,0.12500,0.25000,0.18800,0.12500",179.63598020146537,1.9,0.6,1.4
5,"7,9,10,11,14","(1.500,1.000);(2.500,1.000);(1.500,1.500);(2.000,1.500);(2.000,2.000)","0.18800,0.12500,0.12500,0.25000,0.12500",179.63598020146537,1.9,1.4,1.4
5,"1,2,5,9,13","(1.500,0.000);(2.000,0.000);(2.000,0.500);(2.500,1.000);(1.500,2.000)","0.18800,0.12500,0.25000,0.12500,0.12500",179.6359802014654,1.9,0.7,3.5
5,"1,3,5,8,13","(1.500,0.000);(2.500,0.000);(2.000,0.500);(2.000,1.000);(1.500,2.000)","0.18800,0.18800,0.25000,0.12500,0.12500",179.6359802014654,1.9,0.7,3.5
5,"2,3,4,8,13","(2.000,0.000);(2.500,0.000);(1.500,0.500);(2.000,1.000);(1.500,2.000)","0.12500,0.18800,0.12500,0.12500,0.12500",179.6359802014654,1.9,0.7,3.5
5,"2,3,5,7,13","(2.000,0.000);(2.500,0.000);(2.000,0.500);(1.500,1.000);(1.500,2.000)","0.12500,0.18800,0.25000,0.18800,0.12500",179.6359802014654,1.9,0.7,3.5
5,"7,8,10,12,14","(1.500,1.000);(2.000,1.000);(1.500,1.500);(2.500,1.500);(2.000,2.000)","0.18800,0.12500,0.12500,0.12500,0.12500",180.2872968857649,1.9,1.4,1.4
5,"1,2,4,6,8","(1.500,0.000);(2.000,0.000);(1.500,0.500);(2.500,0.500);(2.000,1.000)","0.18800,0.12500,0.12500,0.18800,0.12500",180.28729688576493,1.9,0.4,1.4
5,"1,3,4,5,8","(1.500,0.000);(2.500,0.000);(1.500,0.500);(2.000,0.500);(2.000,1.000)","0.18800,0.18800,0.12500,0.25000,0.12500",180.28729688576493,1.9,0.4,1.4
5,"2,4,6,7,8","(2.000,0.000);(1.500,0.500);(2.500,0.500);(1.500,1.000);(2.000,1.000)","0.12500,0.12500,0.18800,0.18800,0.12500",180.28729688576493,1.9,0.6,1.4
5,"1,2,5,8,9","(1.500,0.000);(2.000,0.000);(2.000,0.500);(2.000,1.000);(2.500,1.000)","0.18800,0.12500,0.25000,0.12500,0.12500",180.96278787343653,2.0,0.5,1.5
5,"2,3,5,12,13","(2.000,0.000);(2.500,0.000);(2.000,0.500);(2.500,1.500);(1.500,2.000)","0.12500,0.18800,0.25000,0.12500,0.12500",180.97607309797172,2.1,0.8,4.0
5,"2,3,6,11,13","(2.000,0.000);(2.500,0.000);(2.500,0.500);(2.000,1.500);(1.500,2.000)","0.12500,0.18800,0.18800,0.25000,0.12500",180.97607309797172,2.1,0.8,4.0
5,"2,5,6,12,15","(2.000,0.000);(2.000,0.500);(2.500,0.500);(2.500,1.500);(2.500,2.000)","0.12500,0.25000,0.18800,0.12500,0.18800",181.1300152512146,2.3,0.9,3.0000000000000004
5,"3,6,11,12,14","(2.500,0.000);(2.500,0.500);(2.000,1.500);(2.500,1.500);(2.000,2.000)","0.18800,0.18800,0.25000,0.12500,0.12500",181.13001525121462,2.3,1.1,3.0
5,"1,2,5,9,14","(1.500,0.000);(2.000,0.000);(2.000,0.500);(2.500,1.000);(2.000,2.000)","0.18800,0.12500,0.25000,0.12500,0.12500",181.16386887093793,2.0,0.7,3.3000000000000003
5,"1,2,6,8,14","(1.500,0.000);(2.000,0.000);(2.500,0.500);(2.000,1.000);(2.000,2.000)","0.18800,0.12500,0.18800,0.12500,0.12500",181.16386887093793,2.0,0.7,3.3000000000000003
5,"1,3,5,8,14","(1.500,0.000);(2.500,0.000);(2.000,0.500);(2.000,1.000);(2.000,2.000)","0.18800,0.18800,0.25000,0.12500,0.12500",181.16386887093793,2.0,0.7,3.3000000000000003
5,"2,3,4,8,14","(2.000,0.000);(2.500,0.000);(1.500,0.500);(2.000,1.000);(2.000,2.000)","0.12500,0.18800,0.12500,0.12500,0.12500",181.16386887093793,2.0,0.7,3.3000000000000003
5,"2,3,5,7,14","(2.000,0.000);(2.500,0.000);(2.000,0.500);(1.500,1.000);(2.000,2.000)","0.12500,0.18800,0.25000,0.18800,0.12500",181.16386887093793,2.0,0.7,3.3000000000000003
5,"2,7,11,14,15","(2.000,0.000);(1.500,1.000);(2.000,1.500);(2.000,2.000);(2.500,2.000)","0.12500,0.18800,0.25000,0.12500,0.18800",181.16386887093793,2.0,1.3,3.3000000000000003
5,"2,8,10,14,15","(2.000,0.000);(2.000,1.000);(1.500,1.500);(2.000,2.000);(2.500,2.000)","0.12500,0.12500,0.12500,0.12500,0.18800",181.16386887093793,2.0,1.3,3.3000000000000003
5,"2,8,11,13,15","(2.000,0.000);(2.000,1.000);(2.000,1.500);(1.500,2.000);(2.500,2.000)","0.12500,0.12500,0.25000,0.12500,0.18800",181.16386887093793,2.0,1.3,3.3000000000000003
5,"2,8,12,13,14","(2.000,0.000);(2.000,1.000);(2.500,1.500);(1.500,2.000);(2.000,2.000)","0.12500,0.12500,0.12500,0.12500,0.12500",181.16386887093793,2.0,1.3,3.3000000000000003
5,"2,9,11,13,14","(2.000,0.000);(2.500,1.000);(2.000,1.500);(1.500,2.000);(2.000,2.000)","0.12500,0.12500,0.25000,0.12500,0.12500",181.16386887093793,2.0,1.3,3.3000000000000003
5,"1,4,5,7,13","(1.500,0.000);(1.500,0.500);(2.000,0.500);(1.500,1.000);(1.500,2.000)","0.18800,0.12500,0.25000,0.18800,0.12500",181.3331343368215,1.6,0.8,2.5
5,"2,4,8,10,11","(2.000,0.000);(1.500,0.500);(2.000,1.000);(1.500,1.500);(2.000,1.500)","0.12500,0.12500,0.12500,0.12500,0.25000",181.74973579857559,1.8,0.9,2.0
5,"2,5,7,10,11","(2.000,0.000);(2.000,0.500);(1.500,1.000);(1.500,1.500);(2.000,1.500)","0.12500,0.25000,0.18800,0.12500,0.25000",181.74973579857559,1.8,0.9,2.0
5,"4,5,7,11,14","(1.500,0.500);(2.000,0.500);(1.500,1.000);(2.000,1.500);(2.000,2.000)","0.12500,0.25000,0.18800,0.25000,0.12500",181.7497357985756,1.8,1.1,2.0
5,"4,5,8,10,14","(1.500,0.500);(2.000,0.500);(2.000,1.000);(1.500,1.500);(2.000,2.000)","0.12500,0.25000,0.12500,0.12500,0.12500",181.7497357985756,1.8,1.1,2.0
5,"1,2,4,7,10","(1.500,0.000);(2.000,0.000);(1.500,0.500);(1.500,1.000);(1.500,1.500)","0.18800,0.12500,0.12500,0.18800,0.12500",181.9327228068391,1.6,0.6,1.9
5,"4,5,7,10,13","(1.500,0.500);(2.000,0.500);(1.500,1.000);(1.500,1.500);(1.500,2.000)","0.12500,0.25000,0.18800,0.12500,0.12500",181.9327228068391,1.6,1.1,1.9
5,"4,7,10,13,14","(1.500,0.500);(1.500,1.000);(1.500,1.500);(1.500,2.000);(2.000,2.000)","0.12500,0.18800,0.12500,0.12500,0.12500",181.9327228068391,1.6,1.4,1.9
5,"1,4,7,8,10","(1.500,0.000);(1.500,0.500);(1.500,1.000);(2.000,1.000);(1.500,1.500)","0.18800,0.12500,0.18800,0.12500,0.12500",182.4380524036301,1.6,0.8,1.5
5,"1,3,4,5,9","(1.500,0.000);(2.500,0.000);(1.500,0.500);(2.000,0.500);(2.500,1.000)","0.18800,0.18800,0.12500,0.25000,0.12500",182.79737831316407,2.0,0.4,1.7
5,"1,2,4,6,9","(1.500,0.000);(2.000,0.000);(1.500,0.500);(2.500,0.500);(2.500,1.000)","0.18800,0.12500,0.12500,0.18800,0.12500",182.79737831316416,2.0,0.4,1.7000000000000002
5,"3,4,8,11,12","(2.500,0.000);(1.500,0.500);(2.000,1.000);(2.000,1.500);(2.500,1.500)","0.18800,0.12500,0.12500,0.25000,0.12500",182.92024170137236,2.1,0.9,2.4
5,"3,8,10,11,12","(2.500,0.000);(2.000,1.000);(1.500,1.500);(2.000,1.500);(2.500,1.500)","0.18800,0.12500,0.12500,0.25000,0.12500",182.92024170137236,2.1,1.1,2.4
5,"4,5,6,8,15","(1.500,0.500);(2.000,0.500);(2.500,0.500);(2.000,1.000);(2.500,2.000)","0.12500,0.25000,0.18800,0.12500,0.18800",182.92024170137236,2.1,0.9,2.4000000000000004
5,"5,12,13,14,15","(2.000,0.500);(2.500,1.500);(1.500,2.000);(2.000,2.000);(2.500,2.000)","0.25000,0.12500,0.12500,0.12500,0.18800",182.92024170137236,2.1,1.6,2.4
5,"5,6,8,10,15","(2.000,0.500);(2.500,0.500);(2.000,1.000);(1.500,1.500);(2.500,2.000)","0.25000,0.18800,0.12500,0.12500,0.18800",182.92024170137236,2.1,1.1,2.4
5,"6,11,13,14,15","(2.500,0.500);(2.000,1.500);(1.500,2.000);(2.000,2.000);(2.500,2.000)","0.18800,0.25000,0.12500,0.12500,0.18800",182.92024170137236,2.1,1.6,2.4
5,"2,4,5,9,11","(2.000,0.000);(1.500,0.500);(2.000,0.500);(2.500,1.000);(2.000,1.500)","0.12500,0.12500,0.25000,0.12500,0.25000",183.3716018229849,2.0,0.7,1.8
5,"2,4,6,8,11","(2.000,0.000);(1.500,0.500);(2.500,0.500);(2.000,1.000);(2.000,1.500)","0.12500,0.12500,0.18800,0.12500,0.25000",183.3716018229849,2.0,0.7,1.8
5,"2,5,6,7,11","(2.000,0.000);(2.000,0.500);(2.500,0.500);(1.500,1.000);(2.000,1.500)","0.12500,0.25000,0.18800,0.18800,0.25000",183.3716018229849,2.0,0.7,1.8
5,"5,7,11,12,14","(2.000,0.500);(1.500,1.000);(2.000,1.500);(2.500,1.500);(2.000,2.000)","0.25000,0.18800,0.25000,0.12500,0.12500",183.3716018229849,2.0,1.3,1.8
5,"5,8,10,12,14","(2.000,0.500);(2.000,1.000);(1.500,1.500);(2.500,1.500);(2.000,2.000)","0.25000,0.12500,0.12500,0.12500,0.12500",183.3716018229849,2.0,1.3,1.8
5,"5,9,10,11,14","(2.000,0.500);(2.500,1.000);(1.500,1.500);(2.000,1.500);(2.000,2.000)","0.25000,0.12500,0.12500,0.25000,0.12500",183.3716018229849,2.0,1.3,1.8
5,"6,8,10,11,14","(2.500,0.500);(2.000,1.000);(1.500,1.500);(2.000,1.500);(2.000,2.000)","0.18800,0.12500,0.12500,0.25000,0.12500",183.3716018229849,2.0,1.3,1.8
5,"1,2,4,6,13","(1.500,0.000);(2.000,0.000);(1.500,0.500);(2.500,0.500);(1.500,2.000)","0.18800,0.12500,0.12500,0.18800,0.12500",183.51676578288624,1.8,0.6,3.4999999999999996
5,"1,3,4,5,13","(1.500,0.000);(2.500,0.000);(1.500,0.500);(2.000,0.500);(1.500,2.000)","0.18800,0.18800,0.12500,0.25000,0.12500",183.51676578288624,1.8,0.6,3.4999999999999996
5,"4,5,6,7,11","(1.500,0.500);(2.000,0.500);(2.500,0.500);(1.500,1.000);(2.000,1.500)","0.12500,0.25000,0.18800,0.18800,0.25000",183.53680308106988,1.9,0.8,1.5
5,"5,7,10,11,12","(2.000,0.500);(1.500,1.000);(1.500,1.500);(2.000,1.500);(2.500,1.500)","0.25000,0.18800,0.12500,0.25000,0.12500",183.53680308106988,1.9,1.2,1.5
5,"7,11,13,14,15","(1.500,1.000);(2.000,1.500);(1.500,2.000);(2.000,2.000);(2.500,2.000)","0.18800,0.25000,0.12500,0.12500,0.18800",183.53680308106988,1.9,1.7,1.5
5,"1,2,5,9,12","(1.500,0.000);(2.000,0.000);(2.000,0.500);(2.500,1.000);(2.500,1.500)","0.18800,0.12500,0.25000,0.12500,0.12500",183.69688235778423,2.1,0.6,2.4
5,"1,2,6,8,12","(1.500,0.000);(2.000,0.000);(2.500,0.500);(2.000,1.000);(2.500,1.500)","0.18800,0.12500,0.18800,0.12500,0.12500",183.69688235778423,2.1,0.6,2.4
5,"2,3,4,8,12","(2.000,0.000);(2.500,0.000);(1.500,0.500);(2.000,1.000);(2.500,1.500)","0.12500,0.18800,0.12500,0.12500,0.12500",183.69688235778423,2.1,0.6,2.4
5,"2,3,5,7,12","(2.000,0.000);(2.500,0.000);(2.000,0.500);(1.500,1.000);(2.500,1.500)","0.12500,0.18800,0.25000,0.18800,0.12500",183.69688235778423,2.1,0.6,2.4
5,"1,3,5,8,12","(1.500,0.000);(2.500,0.000);(2.000,0.500);(2.000,1.000);(2.500,1.500)","0.18800,0.18800,0.25000,0.12500,0.12500",183.69688235778426,2.1,0.6,2.4
5,"2,3,5,12,14","(2.000,0.000);(2.500,0.000);(2.000,0.500);(2.500,1.500);(2.000,2.000)","0.12500,0.18800,0.25000,0.12500,0.12500",183.84732044599195,2.2,0.8,3.6
5,"2,6,11,14,15","(2.000,0.000);(2.500,0.500);(2.000,1.500);(2.000,2.000);(2.500,2.000)","0.12500,0.18800,0.25000,0.12500,0.18800",183.84732044599195,2.2,1.2,3.6
5,"2,3,6,11,14","(2.000,0.000);(2.500,0.000);(2.500,0.500);(2.000,1.500);(2.000,2.000)","0.12500,0.18800,0.18800,0.25000,0.12500",183.847320445992,2.2,0.8,3.6
5,"2,5,12,14,15","(2.000,0.000);(2.000,0.500);(2.500,1.500);(2.000,2.000);(2.500,2.000)","0.12500,0.25000,0.12500,0.12500,0.18800",183.847320445992,2.2,1.2,3.6
5,"4,5,7,10,11","(1.500,0.500);(2.000,0.500);(1.500,1.000);(1.500,1.500);(2.000,1.500)","0.12500,0.25000,0.18800,0.12500,0.25000",184.0011567290616,1.7,1.0,1.3
5,"7,8,10,13,14","(1.500,1.000);(2.000,1.000);(1.500,1.500);(1.500,2.000);(2.000,2.000)","0.18800,0.12500,0.12500,0.12500,0.12500",184.0011567290616,1.7,1.5,1.3
5,"5,7,8,9,11","(2.000,0.500);(1.500,1.000);(2.000,1.000);(2.500,1.000);(2.000,1.500)","0.25000,0.18800,0.12500,0.12500,0.25000",184.07769454627692,2.0,1.0,1.0
5,"1,4,5,7,9","(1.500,0.000);(1.500,0.500);(2.000,0.500);(1.500,1.000);(2.500,1.000)","0.18800,0.12500,0.25000,0.18800,0.12500",184.07769454627694,1.8,0.6,1.5
5,"1,3,8,9,10","(1.500,0.000);(2.500,0.000);(2.000,1.000);(2.500,1.000);(1.500,1.500)","0.18800,0.18800,0.12500,0.12500,0.12500",184.51951699449734,2.0,0.7,2.8000000000000003
5,"2,3,5,10,11","(2.000,0.000);(2.500,0.000);(2.000,0.500);(1.500,1.500);(2.000,1.500)","0.12500,0.18800,0.25000,0.12500,0.25000",184.51951699449734,2.0,0.7,2.8000000000000003
5,"2,3,7,9,10","(2.000,0.000);(2.500,0.000);(1.500,1.000);(2.500,1.000);(1.500,1.500)","0.12500,0.18800,0.18800,0.12500,0.12500",184.51951699449734,2.0,0.7,2.8000000000000003
5,"4,5,11,14,15","(1.500,0.500);(2.000,0.500);(2.000,1.500);(2.000,2.000);(2.500,2.000)","0.12500,0.25000,0.25000,0.12500,0.18800",184.51951699449734,2.0,1.3,2.8000000000000003
5,"4,6,11,12,13","(1.500,0.500);(2.500,0.500);(2.000,1.500);(2.500,1.500);(1.500,2.000)","0.12500,0.18800,0.25000,0.12500,0.12500",184.51951699449734,2.0,1.2,2.8000000000000003
5,"4,7,9,14,15","(1.500,0.500);(1.500,1.000);(2.500,1.000);(2.000,2.000);(2.500,2.000)","0.12500,0.18800,0.12500,0.12500,0.18800",184.51951699449734,2.0,1.3,2.8000000000000003
5,"4,8,9,13,15","(1.500,0.500);(2.000,1.000);(2.500,1.000);(1.500,2.000);(2.500,2.000)","0.12500,0.12500,0.12500,0.12500,0.18800",184.51951699449734,2.0,1.3,2.8000000000000003
5,"5,6,10,12,13","(2.000,0.500);(2.500,0.500);(1.500,1.500);(2.500,1.500);(1.500,2.000)","0.25000,0.18800,0.12500,0.12500,0.12500",184.51951699449734,2.0,1.2,2.8000000000000003
5,"5,6,8,13,14","(2.000,0.500);(2.500,0.500);(2.000,1.000);(1.500,2.000);(2.000,2.000)","0.25000,0.18800,0.12500,0.12500,0.12500",184.51951699449734,2.0,1.2,2.8000000000000003
5,"1,2,3,9,13","(1.500,0.000);(2.000,0.000);(2.500,0.000);(2.500,1.000);(1.500,2.000)","0.18800,0.12500,0.18800,0.12500,0.12500",184.60168562772114,2.0,0.6,4.2
5,"2,3,9,12,15","(2.000,0.000);(2.500,0.000);(2.500,1.000);(2.500,1.500);(2.500,2.000)","0.12500,0.18800,0.12500,0.12500,0.18800",184.61748367704263,2.4,0.9,3.4000000000000004
5,"3,6,9,14,15","(2.500,0.000);(2.500,0.500);(2.500,1.000);(2.000,2.000);(2.500,2.000)","0.18800,0.18800,0.12500,0.12500,0.18800",184.61748367704266,2.4,1.1,3.4
5,"1,3,4,6,8","(1.500,0.000);(2.500,0.000);(1.500,0.500);(2.500,0.500);(2.000,1.000)","0.18800,0.18800,0.12500,0.18800,0.12500",184.77833535963734,2.0,0.4,1.7000000000000002
5,"1,4,6,8,9","(1.500,0.000);(1.500,0.500);(2.500,0.500);(2.000,1.000);(2.500,1.000)","0.18800,0.12500,0.18800,0.12500,0.12500",184.77833535963734,2.0,0.6,1.7000000000000002
5,"2,3,4,6,7","(2.000,0.000);(2.500,0.000);(1.500,0.500);(2.500,0.500);(1.500,1.000)","0.12500,0.18800,0.12500,0.18800,0.18800",184.77833535963734,2.0,0.4,1.7000000000000002
5,"2,4,5,6,11","(2.000,0.000);(1.500,0.500);(2.000,0.500);(2.500,0.500);(2.000,1.500)","0.12500,0.12500,0.25000,0.18800,0.25000",184.77833535963734,2.0,0.6,1.7
5,"2,4,6,7,9","(2.000,0.000);(1.500,0.500);(2.500,0.500);(1.500,1.000);(2.500,1.000)","0.12500,0.12500,0.18800,0.18800,0.12500",184.77833535963734,2.0,0.6,1.7000000000000002
5,"3,4,5,7,9","(2.500,0.000);(1.500,0.500);(2.000,0.500);(1.500,1.000);(2.500,1.000)","0.18800,0.12500,0.25000,0.18800,0.12500",184.77833535963734,2.0,0.6,1.7
5,"3,4,6,7,8","(2.500,0.000);(1.500,0.500);(2.500,0.500);(1.500,1.000);(2.000,1.000)","0.18800,0.12500,0.18800,0.18800,0.12500",184.77833535963734,2.0,0.6,1.7000000000000002
5,"5,10,11,12,14","(2.000,0.500);(1.500,1.500);(2.000,1.500);(2.500,1.500);(2.000,2.000)","0.25000,0.12500,0.25000,0.12500,0.12500",184.77833535963734,2.0,1.4,1.7
5,"7,10,12,14,15","(1.500,1.000);(1.500,1.500);(2.500,1.500);(2.000,2.000);(2.500,2.000)","0.18800,0.12500,0.12500,0.12500,0.18800",184.77833535963734,2.0,1.6,1.7
5,"7,8,10,12,15","(1.500,1.000);(2.000,1.000);(1.500,1.500);(2.500,1.500);(2.500,2.000)","0.18800,0.12500,0.12500,0.12500,0.18800",184.77833535963734,2.0,1.4,1.7
5,"7,9,10,11,15","(1.500,1.000);(2.500,1.000);(1.500,1.500);(2.000,1.500);(2.500,2.000)","0.18800,0.12500,0.12500,0.25000,0.18800",184.77833535963734,2.0,1.4,1.7
5,"7,9,10,12,14","(1.500,1.000);(2.500,1.000);(1.500,1.500);(2.500,1.500);(2.000,2.000)","0.18800,0.12500,0.12500,0.12500,0.12500",184.77833535963734,2.0,1.4,1.7
5,"2,6,11,12,13","(2.000,0.000);(2.500,0.500);(2.000,1.500);(2.500,1.500);(1.500,2.000)","0.12500,0.18800,0.25000,0.12500,0.12500",184.8626989713794,2.1,1.1,3.4
5,"3,5,11,12,13","(2.500,0.000);(2.000,0.500);(2.000,1.500);(2.500,1.500);(1.500,2.000)","0.18800,0.25000,0.25000,0.12500,0.12500",184.8626989713794,2.1,1.1,3.4
5,"3,7,9,12,13","(2.500,0.000);(1.500,1.000);(2.500,1.000);(2.500,1.500);(1.500,2.000)","0.18800,0.18800,0.12500,0.12500,0.12500",184.8626989713794,2.1,1.1,3.4
5,"6,7,11,12,14","(2.500,0.500);(1.500,1.000);(2.000,1.500);(2.500,1.500);(2.000,2.000)","0.18800,0.18800,0.25000,0.12500,0.12500",185.05616344418573,2.1,1.3,2.0
5,"3,8,9,13,15","(2.500,0.000);(2.000,1.000);(2.500,1.000);(1.500,2.000);(2.500,2.000)","0.18800,0.12500,0.12500,0.12500,0.18800",185.07555845724366,2.2,1.2,3.6
5,"1,2,4,6,14","(1.500,0.000);(2.000,0.000);(1.500,0.500);(2.500,0.500);(2.000,2.000)","0.18800,0.12500,0.12500,0.18800,0.12500",185.1152196116839,1.9,0.6,3.3999999999999995
5,"1,3,4,5,14","(1.500,0.000);(2.500,0.000);(1.500,0.500);(2.000,0.500);(2.000,2.000)","0.18800,0.18800,0.12500,0.25000,0.12500",185.1152196116839,1.9,0.6,3.3999999999999995
5,"2,10,11,13,15","(2.000,0.000);(1.500,1.500);(2.000,1.500);(1.500,2.000);(2.500,2.000)","0.12500,0.12500,0.25000,0.12500,0.18800",185.1152196116839,1.9,1.4,3.4
5,"2,10,12,13,14","(2.000,0.000);(1.500,1.500);(2.500,1.500);(1.500,2.000);(2.000,2.000)","0.12500,0.12500,0.12500,0.12500,0.12500",185.1152196116839,1.9,1.4,3.4
5,"1,2,3,9,14","(1.500,0.000);(2.000,0.000);(2.500,0.000);(2.500,1.000);(2.000,2.000)","0.18800,0.12500,0.18800,0.12500,0.12500",185.1333766568784,2.1,0.6,3.8999999999999995
5,"2,9,13,14,15","(2.000,0.000);(2.500,1.000);(1.500,2.000);(2.000,2.000);(2.500,2.000)","0.12500,0.12500,0.12500,0.12500,0.18800",185.1333766568784,2.1,1.4,3.9
5,"1,2,6,9,12","(1.500,0.000);(2.000,0.000);(2.500,0.500);(2.500,1.000);(2.500,1.500)","0.18800,0.12500,0.18800,0.12500,0.12500",185.33294276810608,2.2,0.6,2.5
5,"1,3,5,9,12","(1.500,0.000);(2.500,0.000);(2.000,0.500);(2.500,1.000);(2.500,1.500)","0.18800,0.18800,0.25000,0.12500,0.12500",185.33294276810608,2.2,0.6,2.5
5,"1,3,6,8,12","(1.500,0.000);(2.500,0.000);(2.500,0.500);(2.000,1.000);(2.500,1.500)","0.18800,0.18800,0.18800,0.12500,0.12500",185.33294276810608,2.2,0.6,2.5
5,"2,3,6,7,12","(2.000,0.000);(2.500,0.000);(2.500,0.500);(1.500,1.000);(2.500,1.500)","0.12500,0.18800,0.18800,0.18800,0.12500",185.33294276810608,2.2,0.6,2.5
5,"1,5,7,8,14","(1.500,0.000);(2.000,0.500);(1.500,1.000);(2.000,1.000);(2.000,2.000)","0.18800,0.25000,0.18800,0.12500,0.12500",185.4740055383203,1.8,0.9,2.5000000000000004
5,"2,4,7,8,14","(2.000,0.000);(1.500,0.500);(1.500,1.000);(2.000,1.000);(2.000,2.000)","0.12500,0.12500,0.18800,0.12500,0.12500",185.4740055383203,1.8,0.9,2.5000000000000004
5,"2,7,8,10,14","(2.000,0.000);(1.500,1.000);(2.000,1.000);(1.500,1.500);(2.000,2.000)","0.12500,0.18800,0.12500,0.12500,0.12500",185.4740055383203,1.8,1.1,2.5
5,"2,7,8,11,13","(2.000,0.000);(1.500,1.000);(2.000,1.000);(2.000,1.500);(1.500,2.000)","0.12500,0.18800,0.12500,0.25000,0.12500",185.4740055383203,1.8,1.1,2.5
5,"1,4,5,7,12","(1.500,0.000);(1.500,0.500);(2.000,0.500);(1.500,1.000);(2.500,1.500)","0.18800,0.12500,0.25000,0.18800,0.12500",185.5028334542841,1.8,0.7,2.1
5,"1,4,5,9,13","(1.500,0.000);(1.500,0.500);(2.000,0.500);(2.500,1.000);(1.500,2.000)","0.18800,0.12500,0.25000,0.12500,0.12500",186.19681952063152,1.8,0.8,3.1
5,"1,4,6,8,13","(1.500,0.000);(1.500,0.500);(2.500,0.500);(2.000,1.000);(1.500,2.000)","0.18800,0.12500,0.18800,0.12500,0.12500",186.19681952063152,1.8,0.8,3.1
5,"1,5,6,7,13","(1.500,0.000);(2.000,0.500);(2.500,0.500);(1.500,1.000);(1.500,2.000)","0.18800,0.25000,0.18800,0.18800,0.12500",186.19681952063152,1.8,0.8,3.1
5,"2,4,6,7,13","(2.000,0.000);(1.500,0.500);(2.500,0.500);(1.500,1.000);(1.500,2.000)","0.12500,0.12500,0.18800,0.18800,0.12500",186.19681952063152,1.8,0.8,3.1
5,"3,4,5,7,13","(2.500,0.000);(1.500,0.500);(2.000,0.500);(1.500,1.000);(1.500,2.000)","0.18800,0.12500,0.25000,0.18800,0.12500",186.19681952063152,1.8,0.8,3.1
5,"2,3,8,10,12","(2.000,0.000);(2.500,0.000);(2.000,1.000);(1.500,1.500);(2.500,1.500)","0.12500,0.18800,0.12500,0.12500,0.12500",186.34808413114217,2.1,0.8,3.0
5,"2,3,9,10,11","(2.000,0.000);(2.500,0.000);(2.500,1.000);(1.500,1.500);(2.000,1.500)","0.12500,0.18800,0.12500,0.12500,0.25000",186.34808413114217,2.1,0.8,3.0
5,"3,4,6,10,12","(2.500,0.000);(1.500,0.500);(2.500,0.500);(1.500,1.500);(2.500,1.500)","0.18800,0.12500,0.18800,0.12500,0.12500",186.34808413114217,2.1,0.8,3.0
5,"4,5,9,14,15","(1.500,0.500);(2.000,0.500);(2.500,1.000);(2.000,2.000);(2.500,2.000)","0.12500,0.25000,0.12500,0.12500,0.18800",186.34808413114217,2.1,1.2,3.0
5,"4,6,10,12,15","(1.500,0.500);(2.500,0.500);(1.500,1.500);(2.500,1.500);(2.500,2.000)","0.12500,0.18800,0.12500,0.12500,0.18800",186.34808413114217,2.1,1.2,3.0
5,"4,6,8,14,15","(1.500,0.500);(2.500,0.500);(2.000,1.000);(2.000,2.000);(2.500,2.000)","0.12500,0.18800,0.12500,0.12500,0.18800",186.34808413114217,2.1,1.2,3.0
5,"5,6,11,13,15","(2.000,0.500);(2.500,0.500);(2.000,1.500);(1.500,2.000);(2.500,2.000)","0.25000,0.18800,0.25000,0.12500,0.18800",186.34808413114217,2.1,1.3,3.0
5,"5,6,12,13,14","(2.000,0.500);(2.500,0.500);(2.500,1.500);(1.500,2.000);(2.000,2.000)","0.25000,0.18800,0.12500,0.12500,0.12500",186.34808413114217,2.1,1.3,3.0
5,"6,7,9,13,15","(2.500,0.500);(1.500,1.000);(2.500,1.000);(1.500,2.000);(2.500,2.000)","0.18800,0.18800,0.12500,0.12500,0.18800",186.34808413114217,2.1,1.3,3.0
5,"2,3,8,12,13","(2.000,0.000);(2.500,0.000);(2.000,1.000);(2.500,1.500);(1.500,2.000)","0.12500,0.18800,0.12500,0.12500,0.12500",186.35735451025286,2.1,0.9,3.9000000000000004
5,"2,3,9,11,13","(2.000,0.000);(2.500,0.000);(2.500,1.000);(2.000,1.500);(1.500,2.000)","0.12500,0.18800,0.12500,0.25000,0.12500",186.35735451025286,2.1,0.9,3.9000000000000004
5,"3,4,6,12,13","(2.500,0.000);(1.500,0.500);(2.500,0.500);(2.500,1.500);(1.500,2.000)","0.18800,0.12500,0.18800,0.12500,0.12500",186.35735451025286,2.1,0.9,3.9000000000000004
5,"1,2,8,9,10","(1.500,0.000);(2.000,0.000);(2.000,1.000);(2.500,1.000);(1.500,1.500)","0.18800,0.12500,0.12500,0.12500,0.12500",186.47054696121532,1.9,0.7,2.5
5,"1,4,6,9,10","(1.500,0.000);(1.500,0.500);(2.500,0.500);(2.500,1.000);(1.500,1.500)","0.18800,0.12500,0.18800,0.12500,0.12500",186.47054696121532,1.9,0.7,2.5
5,"2,3,7,8,10","(2.000,0.000);(2.500,0.000);(1.500,1.000);(2.000,1.000);(1.500,1.500)","0.12500,0.18800,0.18800,0.12500,0.12500",186.47054696121532,1.9,0.7,2.5
5,"3,4,6,7,10","(2.500,0.000);(1.500,0.500);(2.500,0.500);(1.500,1.000);(1.500,1.500)","0.18800,0.12500,0.18800,0.18800,0.12500",186.47054696121532,1.9,0.7,2.5
5,"4,5,11,12,13","(1.500,0.500);(2.000,0.500);(2.000,1.500);(2.500,1.500);(1.500,2.000)","0.12500,0.25000,0.25000,0.12500,0.12500",186.47054696121532,1.9,1.2,2.5
5,"4,7,10,12,15","(1.500,0.500);(1.500,1.000);(1.500,1.500);(2.500,1.500);(2.500,2.000)","0.12500,0.18800,0.12500,0.12500,0.18800",186.47054696121532,1.9,1.3,2.5
5,"4,7,8,14,15","(1.500,0.500);(1.500,1.000);(2.000,1.000);(2.000,2.000);(2.500,2.000)","0.12500,0.18800,0.12500,0.12500,0.18800",186.47054696121532,1.9,1.3,2.5
5,"4,7,9,12,13","(1.500,0.500);(1.500,1.000);(2.500,1.000);(2.500,1.500);(1.500,2.000)","0.12500,0.18800,0.12500,0.12500,0.12500",186.47054696121532,1.9,1.2,2.5
5,"4,8,9,13,14","(1.500,0.500);(2.000,1.000);(2.500,1.000);(1.500,2.000);(2.000,2.000)","0.12500,0.12500,0.12500,0.12500,0.12500",186.47054696121532,1.9,1.3,2.5
5,"4,9,10,12,13","(1.500,0.500);(2.500,1.000);(1.500,1.500);(2.500,1.500);(1.500,2.000)","0.12500,0.12500,0.12500,0.12500,0.12500",186.47054696121532,1.9,1.3,2.5
5,"5,6,10,11,13","(2.000,0.500);(2.500,0.500);(1.500,1.500);(2.000,1.500);(1.500,2.000)","0.25000,0.18800,0.12500,0.25000,0.12500",186.47054696121532,1.9,1.2,2.5
5,"6,7,9,10,13","(2.500,0.500);(1.500,1.000);(2.500,1.000);(1.500,1.500);(1.500,2.000)","0.18800,0.18800,0.12500,0.12500,0.12500",186.47054696121532,1.9,1.2,2.5
5,"3,6,12,13,15","(2.500,0.000);(2.500,0.500);(2.500,1.500);(1.500,2.000);(2.500,2.000)","0.18800,0.18800,0.12500,0.12500,0.18800",186.67418227633786,2.3,1.2,4.1
5,"1,2,3,4,13","(1.500,0.000);(2.000,0.000);(2.500,0.000);(1.500,0.500);(1.500,2.000)","0.18800,0.12500,0.18800,0.12500,0.12500",186.7396677262471,1.8,0.5,3.8
5,"1,2,3,8,13","(1.500,0.000);(2.000,0.000);(2.500,0.000);(2.000,1.000);(1.500,2.000)","0.18800,0.12500,0.18800,0.12500,0.12500",186.8547771973967,1.9,0.6,3.8999999999999995
5,"1,3,4,6,13","(1.500,0.000);(2.500,0.000);(1.500,0.500);(2.500,0.500);(1.500,2.000)","0.18800,0.18800,0.12500,0.18800,0.12500",186.8547771973967,1.9,0.6,3.8999999999999995
5,"2,4,5,7,11","(2.000,0.000);(1.500,0.500);(2.000,0.500);(1.500,1.000);(2.000,1.500)","0.12500,0.12500,0.25000,0.18800,0.25000",186.90540381409633,1.8,0.7,1.6
5,"5,7,10,11,14","(2.000,0.500);(1.500,1.000);(1.500,1.500);(2.000,1.500);(2.000,2.000)","0.25000,0.18800,0.12500,0.25000,0.12500",186.90540381409633,1.8,1.3,1.6
5,"3,4,5,8,11","(2.500,0.000);(1.500,0.500);(2.000,0.500);(2.000,1.000);(2.000,1.500)","0.18800,0.12500,0.25000,0.12500,0.25000",186.9858950362646,2.0,0.7,1.8
5,"3,4,7,8,9","(2.500,0.000);(1.500,0.500);(1.500,1.000);(2.000,1.000);(2.500,1.000)","0.18800,0.12500,0.18800,0.12500,0.12500",186.9858950362646,2.0,0.7,1.8
5,"5,8,10,11,15","(2.000,0.500);(2.000,1.000);(1.500,1.500);(2.000,1.500);(2.500,2.000)","0.25000,0.12500,0.12500,0.25000,0.18800",186.9858950362646,2.0,1.3,1.8
5,"7,8,9,10,15","(1.500,1.000);(2.000,1.000);(2.500,1.000);(1.500,1.500);(2.500,2.000)","0.18800,0.12500,0.12500,0.12500,0.18800",186.9858950362646,2.0,1.3,1.8
5,"1,2,3,9,12","(1.500,0.000);(2.000,0.000);(2.500,0.000);(2.500,1.000);(2.500,1.500)","0.18800,0.12500,0.18800,0.12500,0.12500",187.23124082082936,2.2,0.5,2.8
5,"1,2,3,8,12","(1.500,0.000);(2.000,0.000);(2.500,0.000);(2.000,1.000);(2.500,1.500)","0.18800,0.12500,0.18800,0.12500,0.12500",187.43412395355605,2.1,0.5,2.7
5,"1,3,4,6,12","(1.500,0.000);(2.500,0.000);(1.500,0.500);(2.500,0.500);(2.500,1.500)","0.18800,0.18800,0.12500,0.18800,0.12500",187.43412395355605,2.1,0.5,2.7
5,"1,4,5,7,14","(1.500,0.000);(1.500,0.500);(2.000,0.500);(1.500,1.000);(2.000,2.000)","0.18800,0.12500,0.25000,0.18800,0.12500",187.68480615984905,1.7,0.8,2.6
5,"2,7,10,11,13","(2.000,0.000);(1.500,1.000);(1.500,1.500);(2.000,1.500);(1.500,2.000)","0.12500,0.18800,0.12500,0.25000,0.12500",187.68480615984905,1.7,1.2,2.6
5,"1,2,3,4,14","(1.500,0.000);(2.000,0.000);(2.500,0.000);(1.500,0.500);(2.000,2.000)","0.18800,0.12500,0.18800,0.12500,0.12500",187.7188663144229,1.9,0.5,3.7
5,"2,10,13,14,15","(2.000,0.000);(1.500,1.500);(1.500,2.000);(2.000,2.000);(2.500,2.000)","0.12500,0.12500,0.12500,0.12500,0.18800",187.7188663144229,1.9,1.5,3.7
5,"1,6,9,12,13","(1.500,0.000);(2.500,0.500);(2.500,1.000);(2.500,1.500);(1.500,2.000)","0.18800,0.18800,0.12500,0.12500,0.12500",187.88619857137226,2.1,1.0,3.7
5,"3,4,9,12,13","(2.500,0.000);(1.500,0.500);(2.500,1.000);(2.500,1.500);(1.500,2.000)","0.18800,0.12500,0.12500,0.12500,0.12500",187.88619857137226,2.1,1.0,3.7
5,"3,6,7,12,13","(2.500,0.000);(2.500,0.500);(1.500,1.000);(2.500,1.500);(1.500,2.000)","0.18800,0.18800,0.18800,0.12500,0.12500",187.88619857137226,2.1,1.0,3.7
5,"3,6,9,10,13","(2.500,0.000);(2.500,0.500);(2.500,1.000);(1.500,1.500);(1.500,2.000)","0.18800,0.18800,0.12500,0.12500,0.12500",187.88619857137226,2.1,1.0,3.7
5,"1,3,8,9,13","(1.500,0.000);(2.500,0.000);(2.000,1.000);(2.500,1.000);(1.500,2.000)","0.18800,0.18800,0.12500,0.12500,0.12500",188.02548517644314,2.0,0.8,3.8000000000000003
5,"2,3,5,11,13","(2.000,0.000);(2.500,0.000);(2.000,0.500);(2.000,1.500);(1.500,2.000)","0.12500,0.18800,0.25000,0.25000,0.12500",188.02548517644314,2.0,0.8,3.8000000000000003
5,"2,3,7,9,13","(2.000,0.000);(2.500,0.000);(1.500,1.000);(2.500,1.000);(1.500,2.000)","0.12500,0.18800,0.18800,0.12500,0.12500",188.02548517644314,2.0,0.8,3.8000000000000003
5,"1,2,3,8,14","(1.500,0.000);(2.000,0.000);(2.500,0.000);(2.000,1.000);(2.000,2.000)","0.18800,0.12500,0.18800,0.12500,0.12500",188.1369165764416,2.0,0.6,3.6999999999999997
5,"1,3,4,6,14","(1.500,0.000);(2.500,0.000);(1.500,0.500);(2.500,0.500);(2.000,2.000)","0.18800,0.18800,0.12500,0.18800,0.12500",188.1369165764416,2.0,0.6,3.6999999999999997
5,"2,10,12,13,15","(2.000,0.000);(1.500,1.500);(2.500,1.500);(1.500,2.000);(2.500,2.000)","0.12500,0.12500,0.12500,0.12500,0.18800",188.13691657644165,2.0,1.4,3.7
5,"2,8,13,14,15","(2.000,0.000);(2.000,1.000);(1.500,2.000);(2.000,2.000);(2.500,2.000)","0.12500,0.12500,0.12500,0.12500,0.18800",188.13691657644165,2.0,1.4,3.7
5,"5,8,12,14,15","(2.000,0.500);(2.000,1.000);(2.500,1.500);(2.000,2.000);(2.500,2.000)","0.25000,0.12500,0.12500,0.12500,0.18800",188.24152925964654,2.2,1.4,2.0
5,"5,9,11,14,15","(2.000,0.500);(2.500,1.000);(2.000,1.500);(2.000,2.000);(2.500,2.000)","0.25000,0.12500,0.25000,0.12500,0.18800",188.24152925964654,2.2,1.4,2.0
5,"6,8,11,14,15","(2.500,0.500);(2.000,1.000);(2.000,1.500);(2.000,2.000);(2.500,2.000)","0.18800,0.12500,0.25000,0.12500,0.18800",188.24152925964654,2.2,1.4,2.0
5,"2,3,5,9,11","(2.000,0.000);(2.500,0.000);(2.000,0.500);(2.500,1.000);(2.000,1.500)","0.12500,0.18800,0.25000,0.12500,0.25000",188.24152925964657,2.2,0.6,2.0
5,"2,3,6,8,11","(2.000,0.000);(2.500,0.000);(2.500,0.500);(2.000,1.000);(2.000,1.500)","0.12500,0.18800,0.18800,0.12500,0.25000",188.24152925964657,2.2,0.6,2.0
5,"1,4,7,8,13","(1.500,0.000);(1.500,0.500);(1.500,1.000);(2.000,1.000);(1.500,2.000)","0.18800,0.12500,0.18800,0.12500,0.12500",188.72182554055027,1.6,0.9,2.4000000000000004
5,"1,2,4,8,13","(1.500,0.000);(2.000,0.000);(1.500,0.500);(2.000,1.000);(1.500,2.000)","0.18800,0.12500,0.12500,0.12500,0.12500",189.46349829613877,1.7,0.7,3.1
5,"1,2,5,7,13","(1.500,0.000);(2.000,0.000);(2.000,0.500);(1.500,1.000);(1.500,2.000)","0.18800,0.12500,0.25000,0.18800,0.12500",189.46349829613877,1.7,0.7,3.1
5,"2,3,6,11,12","(2.000,0.000);(2.500,0.000);(2.500,0.500);(2.000,1.500);(2.500,1.500)","0.12500,0.18800,0.18800,0.25000,0.12500",190.10993836538393,2.3,0.7,2.6
5,"5,6,12,14,15","(2.000,0.500);(2.500,0.500);(2.500,1.500);(2.000,2.000);(2.500,2.000)","0.25000,0.18800,0.12500,0.12500,0.18800",190.10993836538393,2.3,1.3,2.6
5,"1,2,8,9,13","(1.500,0.000);(2.000,0.000);(2.000,1.000);(2.500,1.000);(1.500,2.000)","0.18800,0.12500,0.12500,0.12500,0.12500",190.3738138666867,1.9,0.8,3.5
5,"1,4,6,9,13","(1.500,0.000);(1.500,0.500);(2.500,0.500);(2.500,1.000);(1.500,2.000)","0.18800,0.12500,0.18800,0.12500,0.12500",190.3738138666867,1.9,0.8,3.5
5,"2,3,7,8,13","(2.000,0.000);(2.500,0.000);(1.500,1.000);(2.000,1.000);(1.500,2.000)","0.12500,0.18800,0.18800,0.12500,0.12500",190.3738138666867,1.9,0.8,3.5
5,"3,4,6,7,13","(2.500,0.000);(1.500,0.500);(2.500,0.500);(1.500,1.000);(1.500,2.000)","0.18800,0.12500,0.18800,0.18800,0.12500",190.3738138666867,1.9,0.8,3.5
5,"2,3,4,6,11","(2.000,0.000);(2.500,0.000);(1.500,0.500);(2.500,0.500);(2.000,1.500)","0.12500,0.18800,0.12500,0.18800,0.25000",190.57455435379254,2.1,0.5,2.2
5,"5,10,12,14,15","(2.000,0.500);(1.500,1.500);(2.500,1.500);(2.000,2.000);(2.500,2.000)","0.25000,0.12500,0.12500,0.12500,0.18800",190.57455435379254,2.1,1.5,2.2
5,"6,10,11,14,15","(2.500,0.500);(1.500,1.500);(2.000,1.500);(2.000,2.000);(2.500,2.000)","0.18800,0.12500,0.25000,0.12500,0.18800",190.5745543537926,2.1,1.5,2.2
5,"1,4,5,9,14","(1.500,0.000);(1.500,0.500);(2.000,0.500);(2.500,1.000);(2.000,2.000)","0.18800,0.12500,0.25000,0.12500,0.12500",190.7070908788189,1.9,0.8,3.0
5,"2,7,10,11,15","(2.000,0.000);(1.500,1.000);(1.500,1.500);(2.000,1.500);(2.500,2.000)","0.12500,0.18800,0.12500,0.25000,0.18800",190.7070908788189,1.9,1.2,3.0
5,"2,9,10,11,13","(2.000,0.000);(2.500,1.000);(1.500,1.500);(2.000,1.500);(1.500,2.000)","0.12500,0.12500,0.12500,0.25000,0.12500",190.7070908788189,1.9,1.2,3.0
5,"3,4,5,7,14","(2.500,0.000);(1.500,0.500);(2.000,0.500);(1.500,1.000);(2.000,2.000)","0.18800,0.12500,0.25000,0.18800,0.12500",190.7070908788189,1.9,0.8,3.0
5,"1,4,6,8,14","(1.500,0.000);(1.500,0.500);(2.500,0.500);(2.000,1.000);(2.000,2.000)","0.18800,0.12500,0.18800,0.12500,0.12500",190.70709087881892,1.9,0.8,3.0
5,"1,5,6,7,14","(1.500,0.000);(2.000,0.500);(2.500,0.500);(1.500,1.000);(2.000,2.000)","0.18800,0.25000,0.18800,0.18800,0.12500",190.70709087881892,1.9,0.8,3.0
5,"2,4,6,7,14","(2.000,0.000);(1.500,0.500);(2.500,0.500);(1.500,1.000);(2.000,2.000)","0.12500,0.12500,0.18800,0.18800,0.12500",190.70709087881892,1.9,0.8,3.0
5,"2,7,10,12,14","(2.000,0.000);(1.500,1.000);(1.500,1.500);(2.500,1.500);(2.000,2.000)","0.12500,0.18800,0.12500,0.12500,0.12500",190.70709087881892,1.9,1.2,3.0
5,"2,7,11,12,13","(2.000,0.000);(1.500,1.000);(2.000,1.500);(2.500,1.500);(1.500,2.000)","0.12500,0.18800,0.25000,0.12500,0.12500",190.70709087881892,1.9,1.2,3.0
5,"2,8,10,12,13","(2.000,0.000);(2.000,1.000);(1.500,1.500);(2.500,1.500);(1.500,2.000)","0.12500,0.12500,0.12500,0.12500,0.12500",190.70709087881892,1.9,1.2,3.0
5,"3,4,6,12,15","(2.500,0.000);(1.500,0.500);(2.500,0.500);(2.500,1.500);(2.500,2.000)","0.18800,0.12500,0.18800,0.12500,0.18800",190.7907293703857,2.3,0.9,3.5
5,"3,6,10,12,15","(2.500,0.000);(2.500,0.500);(1.500,1.500);(2.500,1.500);(2.500,2.000)","0.18800,0.18800,0.12500,0.12500,0.18800",190.7907293703857,2.3,1.1,3.5
5,"5,9,13,14,15","(2.000,0.500);(2.500,1.000);(1.500,2.000);(2.000,2.000);(2.500,2.000)","0.25000,0.12500,0.12500,0.12500,0.18800",190.8029144101207,2.1,1.5,2.7
5,"3,5,10,11,12","(2.500,0.000);(2.000,0.500);(1.500,1.500);(2.000,1.500);(2.500,1.500)","0.18800,0.25000,0.12500,0.25000,0.12500",190.80291441012076,2.1,1.0,2.7
5,"3,7,9,10,12","(2.500,0.000);(1.500,1.000);(2.500,1.000);(1.500,1.500);(2.500,1.500)","0.18800,0.18800,0.12500,0.12500,0.12500",190.80291441012076,2.1,1.0,2.7
5,"4,5,6,11,15","(1.500,0.500);(2.000,0.500);(2.500,0.500);(2.000,1.500);(2.500,2.000)","0.12500,0.25000,0.18800,0.25000,0.18800",190.80291441012076,2.1,1.0,2.7
5,"4,6,7,9,15","(1.500,0.500);(2.500,0.500);(1.500,1.000);(2.500,1.000);(2.500,2.000)","0.12500,0.18800,0.18800,0.12500,0.18800",190.80291441012076,2.1,1.0,2.7
5,"6,10,12,13,15","(2.500,0.500);(1.500,1.500);(2.500,1.500);(1.500,2.000);(2.500,2.000)","0.18800,0.12500,0.12500,0.12500,0.18800",190.80291441012076,2.1,1.5,2.7
5,"6,8,13,14,15","(2.500,0.500);(2.000,1.000);(1.500,2.000);(2.000,2.000);(2.500,2.000)","0.18800,0.12500,0.12500,0.12500,0.18800",190.80291441012076,2.1,1.5,2.7
5,"3,4,8,9,15","(2.500,0.000);(1.500,0.500);(2.000,1.000);(2.500,1.000);(2.500,2.000)","0.18800,0.12500,0.12500,0.12500,0.18800",190.92958330215092,2.2,0.9,3.0000000000000004
5,"3,8,9,10,15","(2.500,0.000);(2.000,1.000);(2.500,1.000);(1.500,1.500);(2.500,2.000)","0.18800,0.12500,0.12500,0.12500,0.18800",190.92958330215092,2.2,1.1,3.0
5,"2,3,8,11,12","(2.000,0.000);(2.500,0.000);(2.000,1.000);(2.000,1.500);(2.500,1.500)","0.12500,0.18800,0.12500,0.25000,0.12500",190.98299186254692,2.2,0.8,2.6
5,"2,5,6,8,15","(2.000,0.000);(2.000,0.500);(2.500,0.500);(2.000,1.000);(2.500,2.000)","0.12500,0.25000,0.18800,0.12500,0.18800",190.98299186254692,2.2,0.8,2.6
5,"3,8,11,12,14","(2.500,0.000);(2.000,1.000);(2.000,1.500);(2.500,1.500);(2.000,2.000)","0.18800,0.12500,0.25000,0.12500,0.12500",190.98299186254692,2.2,1.2,2.6
5,"5,6,8,14,15","(2.000,0.500);(2.500,0.500);(2.000,1.000);(2.000,2.000);(2.500,2.000)","0.25000,0.18800,0.12500,0.12500,0.18800",190.98299186254692,2.2,1.2,2.6
5,"1,2,4,9,10","(1.500,0.000);(2.000,0.000);(1.500,0.500);(2.500,1.000);(1.500,1.500)","0.18800,0.12500,0.12500,0.12500,0.12500",191.23987652108465,1.8,0.6,2.5
5,"1,2,6,7,10","(1.500,0.000);(2.000,0.000);(2.500,0.500);(1.500,1.000);(1.500,1.500)","0.18800,0.12500,0.18800,0.18800,0.12500",191.23987652108465,1.8,0.6,2.5
5,"1,3,4,8,10","(1.500,0.000);(2.500,0.000);(1.500,0.500);(2.000,1.000);(1.500,1.500)","0.18800,0.18800,0.12500,0.12500,0.12500",191.23987652108465,1.8,0.6,2.5
5,"1,3,5,7,10","(1.500,0.000);(2.500,0.000);(2.000,0.500);(1.500,1.000);(1.500,1.500)","0.18800,0.18800,0.25000,0.18800,0.12500",191.23987652108465,1.8,0.6,2.5
5,"2,3,4,7,10","(2.000,0.000);(2.500,0.000);(1.500,0.500);(1.500,1.000);(1.500,1.500)","0.12500,0.18800,0.12500,0.18800,0.12500",191.23987652108465,1.8,0.6,2.5
5,"4,5,7,12,13","(1.500,0.500);(2.000,0.500);(1.500,1.000);(2.500,1.500);(1.500,2.000)","0.12500,0.25000,0.18800,0.12500,0.12500",191.23987652108468,1.8,1.1,2.5
5,"4,5,9,10,13","(1.500,0.500);(2.000,0.500);(2.500,1.000);(1.500,1.500);(1.500,2.000)","0.12500,0.25000,0.12500,0.12500,0.12500",191.23987652108468,1.8,1.1,2.5
5,"4,6,7,11,13","(1.500,0.500);(2.500,0.500);(1.500,1.000);(2.000,1.500);(1.500,2.000)","0.12500,0.18800,0.18800,0.25000,0.12500",191.23987652108468,1.8,1.1,2.5
5,"4,6,8,10,13","(1.500,0.500);(2.500,0.500);(2.000,1.000);(1.500,1.500);(1.500,2.000)","0.12500,0.18800,0.12500,0.12500,0.12500",191.23987652108468,1.8,1.1,2.5
5,"4,7,10,14,15","(1.500,0.500);(1.500,1.000);(1.500,1.500);(2.000,2.000);(2.500,2.000)","0.12500,0.18800,0.12500,0.12500,0.18800",191.23987652108468,1.8,1.4,2.5
5,"4,7,11,13,15","(1.500,0.500);(1.500,1.000);(2.000,1.500);(1.500,2.000);(2.500,2.000)","0.12500,0.18800,0.25000,0.12500,0.18800",191.23987652108468,1.8,1.4,2.5
5,"4,7,12,13,14","(1.500,0.500);(1.500,1.000);(2.500,1.500);(1.500,2.000);(2.000,2.000)","0.12500,0.18800,0.12500,0.12500,0.12500",191.23987652108468,1.8,1.4,2.5
5,"4,8,10,13,15","(1.500,0.500);(2.000,1.000);(1.500,1.500);(1.500,2.000);(2.500,2.000)","0.12500,0.12500,0.12500,0.12500,0.18800",191.23987652108468,1.8,1.4,2.5
5,"4,9,10,13,14","(1.500,0.500);(2.500,1.000);(1.500,1.500);(1.500,2.000);(2.000,2.000)","0.12500,0.12500,0.12500,0.12500,0.12500",191.23987652108468,1.8,1.4,2.5
5,"5,6,7,10,13","(2.000,0.500);(2.500,0.500);(1.500,1.000);(1.500,1.500);(1.500,2.000)","0.25000,0.18800,0.18800,0.12500,0.12500",191.23987652108468,1.8,1.1,2.5
5,"4,6,7,12,15","(1.500,0.500);(2.500,0.500);(1.500,1.000);(2.500,1.500);(2.500,2.000)","0.12500,0.18800,0.18800,0.12500,0.18800",191.50106291668706,2.1,1.1,2.9
5,"6,9,10,13,15","(2.500,0.500);(2.500,1.000);(1.500,1.500);(1.500,2.000);(2.500,2.000)","0.18800,0.12500,0.12500,0.12500,0.18800",191.50106291668706,2.1,1.4,2.9
5,"1,6,9,10,12","(1.500,0.000);(2.500,0.500);(2.500,1.000);(1.500,1.500);(2.500,1.500)","0.18800,0.18800,0.12500,0.12500,0.12500",191.5010629166871,2.1,0.9,2.9
5,"3,4,9,10,12","(2.500,0.000);(1.500,0.500);(2.500,1.000);(1.500,1.500);(2.500,1.500)","0.18800,0.12500,0.12500,0.12500,0.12500",191.5010629166871,2.1,0.9,2.9
5,"3,6,7,10,12","(2.500,0.000);(2.500,0.500);(1.500,1.000);(1.500,1.500);(2.500,1.500)","0.18800,0.18800,0.18800,0.12500,0.12500",191.5010629166871,2.1,0.9,2.9
5,"4,6,9,10,15","(1.500,0.500);(2.500,0.500);(2.500,1.000);(1.500,1.500);(2.500,2.000)","0.12500,0.18800,0.12500,0.12500,0.18800",191.5010629166871,2.1,1.1,2.9
5,"6,7,12,13,15","(2.500,0.500);(1.500,1.000);(2.500,1.500);(1.500,2.000);(2.500,2.000)","0.18800,0.18800,0.12500,0.12500,0.18800",191.5010629166871,2.1,1.4,2.9
5,"1,5,8,9,12","(1.500,0.000);(2.000,0.500);(2.000,1.000);(2.500,1.000);(2.500,1.500)","0.18800,0.25000,0.12500,0.12500,0.12500",191.94278932300068,2.1,0.8,2.0
5,"2,4,7,8,12","(2.000,0.000);(1.500,0.500);(1.500,1.000);(2.000,1.000);(2.500,1.500)","0.12500,0.12500,0.18800,0.12500,0.12500",191.9427893230007,1.9,0.8,2.0
5,"2,4,7,9,11","(2.000,0.000);(1.500,0.500);(1.500,1.000);(2.500,1.000);(2.000,1.500)","0.12500,0.12500,0.18800,0.12500,0.25000",191.9427893230007,1.9,0.8,2.0
5,"5,7,9,10,14","(2.000,0.500);(1.500,1.000);(2.500,1.000);(1.500,1.500);(2.000,2.000)","0.25000,0.18800,0.12500,0.12500,0.12500",191.9427893230007,1.9,1.2,2.0
5,"6,7,8,10,14","(2.500,0.500);(1.500,1.000);(2.000,1.000);(1.500,1.500);(2.000,2.000)","0.18800,0.18800,0.12500,0.12500,0.12500",191.9427893230007,1.9,1.2,2.0
5,"3,5,7,8,12","(2.500,0.000);(2.000,0.500);(1.500,1.000);(2.000,1.000);(2.500,1.500)","0.18800,0.25000,0.18800,0.12500,0.12500",191.94278932300074,2.1,0.8,2.0
5,"2,4,7,10,11","(2.000,0.000);(1.500,0.500);(1.500,1.000);(1.500,1.500);(2.000,1.500)","0.12500,0.12500,0.18800,0.12500,0.25000",192.00395981034202,1.7,0.9,2.0
5,"4,5,7,10,14","(1.500,0.500);(2.000,0.500);(1.500,1.000);(1.500,1.500);(2.000,2.000)","0.12500,0.25000,0.18800,0.12500,0.12500",192.00395981034202,1.7,1.1,2.0
5,"3,5,6,11,12","(2.500,0.000);(2.000,0.500);(2.500,0.500);(2.000,1.500);(2.500,1.500)","0.18800,0.25000,0.18800,0.25000,0.12500",192.02181800568448,2.3,0.8,2.1
5,"3,6,7,9,12","(2.500,0.000);(2.500,0.500);(1.500,1.000);(2.500,1.000);(2.500,1.500)","0.18800,0.18800,0.18800,0.12500,0.12500",192.02181800568448,2.3,0.8,2.1
5,"2,6,9,13,15","(2.000,0.000);(2.500,0.500);(2.500,1.000);(1.500,2.000);(2.500,2.000)","0.12500,0.18800,0.12500,0.12500,0.18800",192.16736746528935,2.2,1.1,4.0
5,"3,5,9,13,15","(2.500,0.000);(2.000,0.500);(2.500,1.000);(1.500,2.000);(2.500,2.000)","0.18800,0.25000,0.12500,0.12500,0.18800",192.16736746528935,2.2,1.1,4.0
5,"3,6,8,13,15","(2.500,0.000);(2.500,0.500);(2.000,1.000);(1.500,2.000);(2.500,2.000)","0.18800,0.18800,0.12500,0.12500,0.18800",192.16736746528935,2.2,1.1,4.0
5,"3,6,9,13,14","(2.500,0.000);(2.500,0.500);(2.500,1.000);(1.500,2.000);(2.000,2.000)","0.18800,0.18800,0.12500,0.12500,0.12500",192.16736746528935,2.2,1.1,4.0
5,"1,3,8,9,14","(1.500,0.000);(2.500,0.000);(2.000,1.000);(2.500,1.000);(2.000,2.000)","0.18800,0.18800,0.12500,0.12500,0.12500",192.37221494639724,2.1,0.8,3.5
5,"2,3,5,11,14","(2.000,0.000);(2.500,0.000);(2.000,0.500);(2.000,1.500);(2.000,2.000)","0.12500,0.18800,0.25000,0.25000,0.12500",192.37221494639724,2.1,0.8,3.5
5,"2,3,7,9,14","(2.000,0.000);(2.500,0.000);(1.500,1.000);(2.500,1.000);(2.000,2.000)","0.12500,0.18800,0.18800,0.12500,0.12500",192.37221494639724,2.1,0.8,3.5
5,"2,5,11,14,15","(2.000,0.000);(2.000,0.500);(2.000,1.500);(2.000,2.000);(2.500,2.000)","0.12500,0.25000,0.25000,0.12500,0.18800",192.37221494639724,2.1,1.2,3.5
5,"2,7,9,14,15","(2.000,0.000);(1.500,1.000);(2.500,1.000);(2.000,2.000);(2.500,2.000)","0.12500,0.18800,0.12500,0.12500,0.18800",192.37221494639724,2.1,1.2,3.5
5,"2,8,9,13,15","(2.000,0.000);(2.000,1.000);(2.500,1.000);(1.500,2.000);(2.500,2.000)","0.12500,0.12500,0.12500,0.12500,0.18800",192.37221494639724,2.1,1.2,3.5
5,"5,6,7,8,9","(2.000,0.500);(2.500,0.500);(1.500,1.000);(2.000,1.000);(2.500,1.000)","0.25000,0.18800,0.18800,0.12500,0.12500",192.37221494639726,2.1,0.8,1.0
5,"6,8,11,12,15","(2.500,0.500);(2.000,1.000);(2.000,1.500);(2.500,1.500);(2.500,2.000)","0.18800,0.12500,0.25000,0.12500,0.18800",192.62662297211622,2.3,1.3,1.6
5,"2,3,8,12,14","(2.000,0.000);(2.500,0.000);(2.000,1.000);(2.500,1.500);(2.000,2.000)","0.12500,0.18800,0.12500,0.12500,0.12500",192.67440736113687,2.2,0.9,3.5
5,"2,3,9,11,14","(2.000,0.000);(2.500,0.000);(2.500,1.000);(2.000,1.500);(2.000,2.000)","0.12500,0.18800,0.12500,0.25000,0.12500",192.67440736113687,2.2,0.9,3.5
5,"2,5,9,14,15","(2.000,0.000);(2.000,0.500);(2.500,1.000);(2.000,2.000);(2.500,2.000)","0.12500,0.25000,0.12500,0.12500,0.18800",192.67440736113687,2.2,1.1,3.5
5,"2,6,10,12,15","(2.000,0.000);(2.500,0.500);(1.500,1.500);(2.500,1.500);(2.500,2.000)","0.12500,0.18800,0.12500,0.12500,0.18800",192.67440736113687,2.2,1.1,3.5
5,"2,6,8,14,15","(2.000,0.000);(2.500,0.500);(2.000,1.000);(2.000,2.000);(2.500,2.000)","0.12500,0.18800,0.12500,0.12500,0.18800",192.67440736113687,2.2,1.1,3.5
5,"3,4,6,12,14","(2.500,0.000);(1.500,0.500);(2.500,0.500);(2.500,1.500);(2.000,2.000)","0.18800,0.12500,0.18800,0.12500,0.12500",192.67440736113687,2.2,0.9,3.5000000000000004
5,"2,3,6,9,15","(2.000,0.000);(2.500,0.000);(2.500,0.500);(2.500,1.000);(2.500,2.000)","0.12500,0.18800,0.18800,0.12500,0.18800",192.70133788155093,2.4,0.7,3.0
5,"3,9,12,14,15","(2.500,0.000);(2.500,1.000);(2.500,1.500);(2.000,2.000);(2.500,2.000)","0.18800,0.12500,0.12500,0.12500,0.18800",192.70133788155093,2.4,1.3,3.0
5,"1,2,4,8,12","(1.500,0.000);(2.000,0.000);(1.500,0.500);(2.000,1.000);(2.500,1.500)","0.18800,0.12500,0.12500,0.12500,0.12500",192.82002971748435,1.9,0.6,2.4
5,"1,2,5,7,12","(1.500,0.000);(2.000,0.000);(2.000,0.500);(1.500,1.000);(2.500,1.500)","0.18800,0.12500,0.25000,0.18800,0.12500",192.82002971748435,1.9,0.6,2.4
5,"1,4,8,9,13","(1.500,0.000);(1.500,0.500);(2.000,1.000);(2.500,1.000);(1.500,2.000)","0.18800,0.12500,0.12500,0.12500,0.12500",193.36468351930583,1.8,0.9,3.0000000000000004
5,"1,5,7,9,13","(1.500,0.000);(2.000,0.500);(1.500,1.000);(2.500,1.000);(1.500,2.000)","0.18800,0.25000,0.18800,0.12500,0.12500",193.36468351930583,1.8,0.9,3.0000000000000004
5,"1,6,7,8,13","(1.500,0.000);(2.500,0.500);(1.500,1.000);(2.000,1.000);(1.500,2.000)","0.18800,0.18800,0.18800,0.12500,0.12500",193.36468351930583,1.8,0.9,3.0000000000000004
5,"2,4,5,11,13","(2.000,0.000);(1.500,0.500);(2.000,0.500);(2.000,1.500);(1.500,2.000)","0.12500,0.12500,0.25000,0.25000,0.12500",193.36468351930583,1.8,0.9,3.0000000000000004
5,"2,4,7,9,13","(2.000,0.000);(1.500,0.500);(1.500,1.000);(2.500,1.000);(1.500,2.000)","0.12500,0.12500,0.18800,0.12500,0.12500",193.36468351930583,1.8,0.9,3.0000000000000004
5,"3,4,7,8,13","(2.500,0.000);(1.500,0.500);(1.500,1.000);(2.000,1.000);(1.500,2.000)","0.18800,0.12500,0.18800,0.12500,0.12500",193.36468351930583,1.8,0.9,3.0000000000000004
5,"3,6,9,11,12","(2.500,0.000);(2.500,0.500);(2.500,1.000);(2.000,1.500);(2.500,1.500)","0.18800,0.18800,0.12500,0.25000,0.12500",193.39239479804743,2.4,0.9,1.9
5,"1,5,7,8,12","(1.500,0.000);(2.000,0.500);(1.500,1.000);(2.000,1.000);(2.500,1.500)","0.18800,0.25000,0.18800,0.12500,0.12500",193.51070574030334,1.9,0.8,2.0
5,"1,8,9,12,13","(1.500,0.000);(2.000,1.000);(2.500,1.000);(2.500,1.500);(1.500,2.000)","0.18800,0.12500,0.12500,0.12500,0.12500",193.5211485619153,2.0,1.1,3.2
5,"2,5,11,12,13","(2.000,0.000);(2.000,0.500);(2.000,1.500);(2.500,1.500);(1.500,2.000)","0.12500,0.25000,0.25000,0.12500,0.12500",193.5211485619153,2.0,1.1,3.2
5,"2,7,9,12,13","(2.000,0.000);(1.500,1.000);(2.500,1.000);(2.500,1.500);(1.500,2.000)","0.12500,0.18800,0.12500,0.12500,0.12500",193.5211485619153,2.0,1.1,3.2
5,"3,7,8,12,13","(2.500,0.000);(1.500,1.000);(2.000,1.000);(2.500,1.500);(1.500,2.000)","0.18800,0.18800,0.12500,0.12500,0.12500",193.5211485619153,2.0,1.1,3.2
5,"3,7,9,11,13","(2.500,0.000);(1.500,1.000);(2.500,1.000);(2.000,1.500);(1.500,2.000)","0.18800,0.18800,0.12500,0.25000,0.12500",193.5211485619153,2.0,1.1,3.2
5,"3,8,9,10,13","(2.500,0.000);(2.000,1.000);(2.500,1.000);(1.500,1.500);(1.500,2.000)","0.18800,0.12500,0.12500,0.12500,0.12500",193.5211485619153,2.0,1.1,3.2
5,"3,8,12,13,15","(2.500,0.000);(2.000,1.000);(2.500,1.500);(1.500,2.000);(2.500,2.000)","0.18800,0.12500,0.12500,0.12500,0.18800",193.85012295669347,2.2,1.3,3.6
5,"3,9,11,13,15","(2.500,0.000);(2.500,1.000);(2.000,1.500);(1.500,2.000);(2.500,2.000)","0.18800,0.12500,0.25000,0.12500,0.18800",193.85012295669347,2.2,1.3,3.6
5,"3,9,12,13,14","(2.500,0.000);(2.500,1.000);(2.500,1.500);(1.500,2.000);(2.000,2.000)","0.18800,0.12500,0.12500,0.12500,0.12500",193.85012295669347,2.2,1.3,3.6
5,"1,2,4,8,14","(1.500,0.000);(2.000,0.000);(1.500,0.500);(2.000,1.000);(2.000,2.000)","0.18800,0.12500,0.12500,0.12500,0.12500",193.89766230080906,1.8,0.7,3.1
5,"1,2,5,7,14","(1.500,0.000);(2.000,0.000);(2.000,0.500);(1.500,1.000);(2.000,2.000)","0.18800,0.12500,0.25000,0.18800,0.12500",193.89766230080906,1.8,0.7,3.1
5,"2,7,11,13,14","(2.000,0.000);(1.500,1.000);(2.000,1.500);(1.500,2.000);(2.000,2.000)","0.12500,0.18800,0.25000,0.12500,0.12500",193.89766230080906,1.8,1.3,3.1
5,"2,8,10,13,14","(2.000,0.000);(2.000,1.000);(1.500,1.500);(1.500,2.000);(2.000,2.000)","0.12500,0.12500,0.12500,0.12500,0.12500",193.89766230080906,1.8,1.3,3.1
5,"1,5,6,12,13","(1.500,0.000);(2.000,0.500);(2.500,0.500);(2.500,1.500);(1.500,2.000)","0.18800,0.25000,0.18800,0.12500,0.12500",194.25479227374547,2.0,0.9,3.7
5,"2,3,8,11,13","(2.000,0.000);(2.500,0.000);(2.000,1.000);(2.000,1.500);(1.500,2.000)","0.12500,0.18800,0.12500,0.25000,0.12500",194.25479227374547,2.0,0.9,3.7
5,"2,4,6,12,13","(2.000,0.000);(1.500,0.500);(2.500,0.500);(2.500,1.500);(1.500,2.000)","0.12500,0.12500,0.18800,0.12500,0.12500",194.25479227374547,2.0,0.9,3.7
5,"3,4,5,12,13","(2.500,0.000);(1.500,0.500);(2.000,0.500);(2.500,1.500);(1.500,2.000)","0.18800,0.12500,0.25000,0.12500,0.12500",194.25479227374547,2.0,0.9,3.7
5,"3,4,6,11,13","(2.500,0.000);(1.500,0.500);(2.500,0.500);(2.000,1.500);(1.500,2.000)","0.18800,0.12500,0.18800,0.25000,0.12500",194.25479227374547,2.0,0.9,3.7
5,"3,5,6,10,13","(2.500,0.000);(2.000,0.500);(2.500,0.500);(1.500,1.500);(1.500,2.000)","0.18800,0.25000,0.18800,0.12500,0.12500",194.25479227374547,2.0,0.9,3.7
5,"3,5,6,13,15","(2.500,0.000);(2.000,0.500);(2.500,0.500);(1.500,2.000);(2.500,2.000)","0.18800,0.25000,0.18800,0.12500,0.18800",194.49420966986688,2.2,1.0,4.3
5,"1,3,6,8,9","(1.500,0.000);(2.500,0.000);(2.500,0.500);(2.000,1.000);(2.500,1.000)","0.18800,0.18800,0.18800,0.12500,0.12500",194.88472218970608,2.2,0.5,1.8
5,"2,3,5,6,11","(2.000,0.000);(2.500,0.000);(2.000,0.500);(2.500,0.500);(2.000,1.500)","0.12500,0.18800,0.25000,0.18800,0.25000",194.88472218970608,2.2,0.5,1.8
5,"2,3,6,7,9","(2.000,0.000);(2.500,0.000);(2.500,0.500);(1.500,1.000);(2.500,1.000)","0.12500,0.18800,0.18800,0.18800,0.12500",194.88472218970608,2.2,0.5,1.8
5,"5,11,12,14,15","(2.000,0.500);(2.000,1.500);(2.500,1.500);(2.000,2.000);(2.500,2.000)","0.25000,0.25000,0.12500,0.12500,0.18800",194.88472218970608,2.2,1.5,1.8
5,"7,9,12,14,15","(1.500,1.000);(2.500,1.000);(2.500,1.500);(2.000,2.000);(2.500,2.000)","0.18800,0.12500,0.12500,0.12500,0.18800",194.88472218970608,2.2,1.5,1.8
5,"2,3,4,5,7","(2.000,0.000);(2.500,0.000);(1.500,0.500);(2.000,0.500);(1.500,1.000)","0.12500,0.18800,0.12500,0.25000,0.18800",195.00985691269833,1.9,0.4,1.4
5,"3,4,5,7,8","(2.500,0.000);(1.500,0.500);(2.000,0.500);(1.500,1.000);(2.000,1.000)","0.18800,0.12500,0.25000,0.18800,0.12500",195.00985691269833,1.9,0.6,1.4
5,"7,10,11,14,15","(1.500,1.000);(1.500,1.500);(2.000,1.500);(2.000,2.000);(2.500,2.000)","0.18800,0.12500,0.25000,0.12500,0.18800",195.00985691269833,1.9,1.6,1.4
5,"7,8,10,11,15","(1.500,1.000);(2.000,1.000);(1.500,1.500);(2.000,1.500);(2.500,2.000)","0.18800,0.12500,0.12500,0.25000,0.18800",195.00985691269833,1.9,1.4,1.4
5,"1,4,8,9,10","(1.500,0.000);(1.500,0.500);(2.000,1.000);(2.500,1.000);(1.500,1.500)","0.18800,0.12500,0.12500,0.12500,0.12500",195.22831625674928,1.8,0.8,2.1
5,"1,5,7,9,10","(1.500,0.000);(2.000,0.500);(1.500,1.000);(2.500,1.000);(1.500,1.500)","0.18800,0.25000,0.18800,0.12500,0.12500",195.22831625674928,1.8,0.8,2.1
5,"1,6,7,8,10","(1.500,0.000);(2.500,0.500);(1.500,1.000);(2.000,1.000);(1.500,1.500)","0.18800,0.18800,0.18800,0.12500,0.12500",195.22831625674928,1.8,0.8,2.1
5,"2,4,5,10,11","(2.000,0.000);(1.500,0.500);(2.000,0.500);(1.500,1.500);(2.000,1.500)","0.12500,0.12500,0.25000,0.12500,0.25000",195.22831625674928,1.8,0.8,2.1
5,"2,4,7,9,10","(2.000,0.000);(1.500,0.500);(1.500,1.000);(2.500,1.000);(1.500,1.500)","0.12500,0.12500,0.18800,0.12500,0.12500",195.22831625674928,1.8,0.8,2.1
5,"3,4,7,8,10","(2.500,0.000);(1.500,0.500);(1.500,1.000);(2.000,1.000);(1.500,1.500)","0.18800,0.12500,0.18800,0.12500,0.12500",195.22831625674928,1.8,0.8,2.1
5,"4,5,10,11,14","(1.500,0.500);(2.000,0.500);(1.500,1.500);(2.000,1.500);(2.000,2.000)","0.12500,0.25000,0.12500,0.25000,0.12500",195.22831625674928,1.8,1.2,2.1
5,"4,7,8,10,15","(1.500,0.500);(1.500,1.000);(2.000,1.000);(1.500,1.500);(2.500,2.000)","0.12500,0.18800,0.12500,0.12500,0.18800",195.22831625674928,1.8,1.2,2.1
5,"4,7,9,10,14","(1.500,0.500);(1.500,1.000);(2.500,1.000);(1.500,1.500);(2.000,2.000)","0.12500,0.18800,0.12500,0.12500,0.12500",195.22831625674928,1.8,1.2,2.1
5,"5,7,10,12,13","(2.000,0.500);(1.500,1.000);(1.500,1.500);(2.500,1.500);(1.500,2.000)","0.25000,0.18800,0.12500,0.12500,0.12500",195.22831625674928,1.8,1.3,2.1
5,"5,7,8,13,14","(2.000,0.500);(1.500,1.000);(2.000,1.000);(1.500,2.000);(2.000,2.000)","0.25000,0.18800,0.12500,0.12500,0.12500",195.22831625674928,1.8,1.3,2.1
5,"6,7,10,11,13","(2.500,0.500);(1.500,1.000);(1.500,1.500);(2.000,1.500);(1.500,2.000)","0.18800,0.18800,0.12500,0.25000,0.12500",195.22831625674928,1.8,1.3,2.1
5,"1,2,8,9,14","(1.500,0.000);(2.000,0.000);(2.000,1.000);(2.500,1.000);(2.000,2.000)","0.18800,0.12500,0.12500,0.12500,0.12500",195.23757635405002,2.0,0.8,3.3000000000000003
5,"1,4,6,9,14","(1.500,0.000);(1.500,0.500);(2.500,0.500);(2.500,1.000);(2.000,2.000)","0.18800,0.12500,0.18800,0.12500,0.12500",195.23757635405002,2.0,0.8,3.3000000000000003
5,"2,3,7,8,14","(2.000,0.000);(2.500,0.000);(1.500,1.000);(2.000,1.000);(2.000,2.000)","0.12500,0.18800,0.18800,0.12500,0.12500",195.23757635405002,2.0,0.8,3.3000000000000003
5,"2,7,10,12,15","(2.000,0.000);(1.500,1.000);(1.500,1.500);(2.500,1.500);(2.500,2.000)","0.12500,0.18800,0.12500,0.12500,0.18800",195.23757635405002,2.0,1.2,3.3000000000000003
5,"2,7,8,14,15","(2.000,0.000);(1.500,1.000);(2.000,1.000);(2.000,2.000);(2.500,2.000)","0.12500,0.18800,0.12500,0.12500,0.18800",195.23757635405002,2.0,1.2,3.3000000000000003
5,"2,8,9,13,14","(2.000,0.000);(2.000,1.000);(2.500,1.000);(1.500,2.000);(2.000,2.000)","0.12500,0.12500,0.12500,0.12500,0.12500",195.23757635405002,2.0,1.2,3.3000000000000003
5,"2,9,10,12,13","(2.000,0.000);(2.500,1.000);(1.500,1.500);(2.500,1.500);(1.500,2.000)","0.12500,0.12500,0.12500,0.12500,0.12500",195.23757635405002,2.0,1.2,3.3000000000000003
5,"3,4,6,7,14","(2.500,0.000);(1.500,0.500);(2.500,0.500);(1.500,1.000);(2.000,2.000)","0.18800,0.12500,0.18800,0.18800,0.12500",195.23757635405002,2.0,0.8,3.3000000000000003
5,"1,2,3,7,10","(1.500,0.000);(2.000,0.000);(2.500,0.000);(1.500,1.000);(1.500,1.500)","0.18800,0.12500,0.18800,0.18800,0.12500",195.4650789614412,1.8,0.5,2.8000000000000003
5,"1,5,8,11,13","(1.500,0.000);(2.000,0.500);(2.000,1.000);(2.000,1.500);(1.500,2.000)","0.18800,0.25000,0.12500,0.25000,0.12500",195.4650789614412,1.8,1.0,2.8000000000000003
5,"1,7,8,9,13","(1.500,0.000);(1.500,1.000);(2.000,1.000);(2.500,1.000);(1.500,2.000)","0.18800,0.18800,0.12500,0.12500,0.12500",195.4650789614412,1.8,1.0,2.8000000000000003
5,"2,4,8,11,13","(2.000,0.000);(1.500,0.500);(2.000,1.000);(2.000,1.500);(1.500,2.000)","0.12500,0.12500,0.12500,0.25000,0.12500",195.4650789614412,1.8,1.0,2.8000000000000003
5,"2,5,7,11,13","(2.000,0.000);(2.000,0.500);(1.500,1.000);(2.000,1.500);(1.500,2.000)","0.12500,0.25000,0.18800,0.25000,0.12500",195.4650789614412,1.8,1.0,2.8000000000000003
5,"2,5,8,10,13","(2.000,0.000);(2.000,0.500);(2.000,1.000);(1.500,1.500);(1.500,2.000)","0.12500,0.25000,0.12500,0.12500,0.12500",195.4650789614412,1.8,1.0,2.8000000000000003
5,"4,5,6,10,13","(1.500,0.500);(2.000,0.500);(2.500,0.500);(1.500,1.500);(1.500,2.000)","0.12500,0.25000,0.18800,0.12500,0.12500",195.4650789614412,1.8,1.0,2.8000000000000003
5,"4,7,13,14,15","(1.500,0.500);(1.500,1.000);(1.500,2.000);(2.000,2.000);(2.500,2.000)","0.12500,0.18800,0.12500,0.12500,0.18800",195.4650789614412,1.8,1.5,2.8000000000000003
5,"1,5,9,12,13","(1.500,0.000);(2.000,0.500);(2.500,1.000);(2.500,1.500);(1.500,2.000)","0.18800,0.25000,0.12500,0.12500,0.12500",196.35844619625416,2.0,1.0,3.5
5,"1,6,8,12,13","(1.500,0.000);(2.500,0.500);(2.000,1.000);(2.500,1.500);(1.500,2.000)","0.18800,0.18800,0.12500,0.12500,0.12500",196.35844619625416,2.0,1.0,3.5
5,"1,6,9,11,13","(1.500,0.000);(2.500,0.500);(2.500,1.000);(2.000,1.500);(1.500,2.000)","0.18800,0.18800,0.12500,0.25000,0.12500",196.35844619625416,2.0,1.0,3.5
5,"2,4,9,12,13","(2.000,0.000);(1.500,0.500);(2.500,1.000);(2.500,1.500);(1.500,2.000)","0.12500,0.12500,0.12500,0.12500,0.12500",196.35844619625416,2.0,1.0,3.5
5,"2,6,7,12,13","(2.000,0.000);(2.500,0.500);(1.500,1.000);(2.500,1.500);(1.500,2.000)","0.12500,0.18800,0.18800,0.12500,0.12500",196.35844619625416,2.0,1.0,3.5
5,"2,6,9,10,13","(2.000,0.000);(2.500,0.500);(2.500,1.000);(1.500,1.500);(1.500,2.000)","0.12500,0.18800,0.12500,0.12500,0.12500",196.35844619625416,2.0,1.0,3.5
5,"3,4,8,12,13","(2.500,0.000);(1.500,0.500);(2.000,1.000);(2.500,1.500);(1.500,2.000)","0.18800,0.12500,0.12500,0.12500,0.12500",196.35844619625416,2.0,1.0,3.5
5,"3,4,9,11,13","(2.500,0.000);(1.500,0.500);(2.500,1.000);(2.000,1.500);(1.500,2.000)","0.18800,0.12500,0.12500,0.25000,0.12500",196.35844619625416,2.0,1.0,3.5
5,"3,5,7,12,13","(2.500,0.000);(2.000,0.500);(1.500,1.000);(2.500,1.500);(1.500,2.000)","0.18800,0.25000,0.18800,0.12500,0.12500",196.35844619625416,2.0,1.0,3.5
5,"3,5,9,10,13","(2.500,0.000);(2.000,0.500);(2.500,1.000);(1.500,1.500);(1.500,2.000)","0.18800,0.25000,0.12500,0.12500,0.12500",196.35844619625416,2.0,1.0,3.5
5,"3,6,7,11,13","(2.500,0.000);(2.500,0.500);(1.500,1.000);(2.000,1.500);(1.500,2.000)","0.18800,0.18800,0.18800,0.25000,0.12500",196.35844619625416,2.0,1.0,3.5
5,"3,6,8,10,13","(2.500,0.000);(2.500,0.500);(2.000,1.000);(1.500,1.500);(1.500,2.000)","0.18800,0.18800,0.12500,0.12500,0.12500",196.35844619625416,2.0,1.0,3.5
5,"1,8,9,11,13","(1.500,0.000);(2.000,1.000);(2.500,1.000);(2.000,1.500);(1.500,2.000)","0.18800,0.12500,0.12500,0.25000,0.12500",196.5766610907525,1.9,1.1,2.9
5,"2,7,9,11,13","(2.000,0.000);(1.500,1.000);(2.500,1.000);(2.000,1.500);(1.500,2.000)","0.12500,0.18800,0.12500,0.25000,0.12500",196.5766610907525,1.9,1.1,2.9
5,"2,7,8,12,13","(2.000,0.000);(1.500,1.000);(2.000,1.000);(2.500,1.500);(1.500,2.000)","0.12500,0.18800,0.12500,0.12500,0.12500",196.57666109075254,1.9,1.1,2.9
5,"2,8,9,10,13","(2.000,0.000);(2.000,1.000);(2.500,1.000);(1.500,1.500);(1.500,2.000)","0.12500,0.12500,0.12500,0.12500,0.12500",196.57666109075254,1.9,1.1,2.9
5,"4,6,9,10,13","(1.500,0.500);(2.500,0.500);(2.500,1.000);(1.500,1.500);(1.500,2.000)","0.12500,0.18800,0.12500,0.12500,0.12500",196.57666109075254,1.9,1.1,2.9
5,"4,7,12,13,15","(1.500,0.500);(1.500,1.000);(2.500,1.500);(1.500,2.000);(2.500,2.000)","0.12500,0.18800,0.12500,0.12500,0.18800",196.57666109075254,1.9,1.4,2.9
5,"1,3,4,9,10","(1.500,0.000);(2.500,0.000);(1.500,0.500);(2.500,1.000);(1.500,1.500)","0.18800,0.18800,0.12500,0.12500,0.12500",196.57666109075257,1.9,0.6,2.9
5,"1,3,6,7,10","(1.500,0.000);(2.500,0.000);(2.500,0.500);(1.500,1.000);(1.500,1.500)","0.18800,0.18800,0.18800,0.18800,0.12500",196.57666109075257,1.9,0.6,2.9
5,"3,7,8,11,13","(2.500,0.000);(1.500,1.000);(2.000,1.000);(2.000,1.500);(1.500,2.000)","0.18800,0.18800,0.12500,0.25000,0.12500",196.57666109075257,1.9,1.1,2.9
5,"4,6,7,12,13","(1.500,0.500);(2.500,0.500);(1.500,1.000);(2.500,1.500);(1.500,2.000)","0.12500,0.18800,0.18800,0.12500,0.12500",196.57666109075257,1.9,1.1,2.9
5,"4,9,10,13,15","(1.500,0.500);(2.500,1.000);(1.500,1.500);(1.500,2.000);(2.500,2.000)","0.12500,0.12500,0.12500,0.12500,0.18800",196.57666109075257,1.9,1.4,2.9
5,"5,11,13,14,15","(2.000,0.500);(2.000,1.500);(1.500,2.000);(2.000,2.000);(2.500,2.000)","0.25000,0.25000,0.12500,0.12500,0.18800",196.67126851692944,2.0,1.6,2.2
5,"7,9,13,14,15","(1.500,1.000);(2.500,1.000);(1.500,2.000);(2.000,2.000);(2.500,2.000)","0.18800,0.12500,0.12500,0.12500,0.18800",196.67126851692944,2.0,1.6,2.2
5,"1,5,6,10,12","(1.500,0.000);(2.000,0.500);(2.500,0.500);(1.500,1.500);(2.500,1.500)","0.18800,0.25000,0.18800,0.12500,0.12500",196.71565669017048,2.0,0.8,2.8000000000000003
5,"2,3,8,10,11","(2.000,0.000);(2.500,0.000);(2.000,1.000);(1.500,1.500);(2.000,1.500)","0.12500,0.18800,0.12500,0.12500,0.25000",196.71565669017048,2.0,0.8,2.8000000000000003
5,"2,4,6,10,12","(2.000,0.000);(1.500,0.500);(2.500,0.500);(1.500,1.500);(2.500,1.500)","0.12500,0.12500,0.18800,0.12500,0.12500",196.71565669017048,2.0,0.8,2.8000000000000003
5,"3,4,5,10,12","(2.500,0.000);(1.500,0.500);(2.000,0.500);(1.500,1.500);(2.500,1.500)","0.18800,0.12500,0.25000,0.12500,0.12500",196.71565669017048,2.0,0.8,2.8000000000000003
5,"3,4,6,10,11","(2.500,0.000);(1.500,0.500);(2.500,0.500);(1.500,1.500);(2.000,1.500)","0.18800,0.12500,0.18800,0.12500,0.25000",196.71565669017048,2.0,0.8,2.8000000000000003
5,"4,5,10,12,15","(1.500,0.500);(2.000,0.500);(1.500,1.500);(2.500,1.500);(2.500,2.000)","0.12500,0.25000,0.12500,0.12500,0.18800",196.71565669017048,2.0,1.2,2.8000000000000003
5,"4,5,8,14,15","(1.500,0.500);(2.000,0.500);(2.000,1.000);(2.000,2.000);(2.500,2.000)","0.12500,0.25000,0.12500,0.12500,0.18800",196.71565669017048,2.0,1.2,2.8000000000000003
5,"4,6,10,11,15","(1.500,0.500);(2.500,0.500);(1.500,1.500);(2.000,1.500);(2.500,2.000)","0.12500,0.18800,0.12500,0.25000,0.18800",196.71565669017048,2.0,1.2,2.8000000000000003
5,"4,6,10,12,14","(1.500,0.500);(2.500,0.500);(1.500,1.500);(2.500,1.500);(2.000,2.000)","0.12500,0.18800,0.12500,0.12500,0.12500",196.71565669017048,2.0,1.2,2.8000000000000003
5,"5,6,11,13,14","(2.000,0.500);(2.500,0.500);(2.000,1.500);(1.500,2.000);(2.000,2.000)","0.25000,0.18800,0.25000,0.12500,0.12500",196.71565669017048,2.0,1.3,2.8000000000000003
5,"5,7,9,13,15","(2.000,0.500);(1.500,1.000);(2.500,1.000);(1.500,2.000);(2.500,2.000)","0.25000,0.18800,0.12500,0.12500,0.18800",196.71565669017048,2.0,1.3,2.8000000000000003
5,"6,7,8,13,15","(2.500,0.500);(1.500,1.000);(2.000,1.000);(1.500,2.000);(2.500,2.000)","0.18800,0.18800,0.12500,0.12500,0.18800",196.71565669017048,2.0,1.3,2.8000000000000003
5,"6,7,9,13,14","(2.500,0.500);(1.500,1.000);(2.500,1.000);(1.500,2.000);(2.000,2.000)","0.18800,0.18800,0.12500,0.12500,0.12500",196.71565669017048,2.0,1.3,2.8000000000000003
5,"2,7,8,10,13","(2.000,0.000);(1.500,1.000);(2.000,1.000);(1.500,1.500);(1.500,2.000)","0.12500,0.18800,0.12500,0.12500,0.12500",196.87172469536264,1.7,1.1,2.5
5,"1,4,7,8,14","(1.500,0.000);(1.500,0.500);(1.500,1.000);(2.000,1.000);(2.000,2.000)","0.18800,0.12500,0.18800,0.12500,0.12500",196.87172469536267,1.7,0.9,2.5000000000000004
5,"2,4,6,11,12","(2.000,0.000);(1.500,0.500);(2.500,0.500);(2.000,1.500);(2.500,1.500)","0.12500,0.12500,0.18800,0.25000,0.12500",196.94213409809836,2.1,0.8,2.5
5,"3,4,5,11,12","(2.500,0.000);(1.500,0.500);(2.000,0.500);(2.000,1.500);(2.500,1.500)","0.18800,0.12500,0.25000,0.25000,0.12500",196.94213409809836,2.1,0.8,2.5
5,"3,4,7,9,12","(2.500,0.000);(1.500,0.500);(1.500,1.000);(2.500,1.000);(2.500,1.500)","0.18800,0.12500,0.18800,0.12500,0.12500",196.94213409809836,2.1,0.8,2.5
5,"5,6,10,11,15","(2.000,0.500);(2.500,0.500);(1.500,1.500);(2.000,1.500);(2.500,2.000)","0.25000,0.18800,0.12500,0.25000,0.18800",196.94213409809836,2.1,1.2,2.5
5,"5,6,10,12,14","(2.000,0.500);(2.500,0.500);(1.500,1.500);(2.500,1.500);(2.000,2.000)","0.25000,0.18800,0.12500,0.12500,0.12500",196.94213409809836,2.1,1.2,2.5
5,"6,7,9,10,15","(2.500,0.500);(1.500,1.000);(2.500,1.000);(1.500,1.500);(2.500,2.000)","0.18800,0.18800,0.12500,0.12500,0.18800",196.94213409809836,2.1,1.2,2.5
5,"1,2,4,5,7","(1.500,0.000);(2.000,0.000);(1.500,0.500);(2.000,0.500);(1.500,1.000)","0.18800,0.12500,0.12500,0.25000,0.18800",197.05141812181412,1.7,0.4,1.0
5,"1,4,5,7,8","(1.500,0.000);(1.500,0.500);(2.000,0.500);(1.500,1.000);(2.000,1.000)","0.18800,0.12500,0.25000,0.18800,0.12500",197.05141812181412,1.7,0.6,1.0
5,"1,5,6,11,13","(1.500,0.000);(2.000,0.500);(2.500,0.500);(2.000,1.500);(1.500,2.000)","0.18800,0.25000,0.18800,0.25000,0.12500",197.27398741702606,1.9,0.9,3.4000000000000004
5,"1,6,7,9,13","(1.500,0.000);(2.500,0.500);(1.500,1.000);(2.500,1.000);(1.500,2.000)","0.18800,0.18800,0.18800,0.12500,0.12500",197.27398741702606,1.9,0.9,3.4000000000000004
5,"3,4,5,11,13","(2.500,0.000);(1.500,0.500);(2.000,0.500);(2.000,1.500);(1.500,2.000)","0.18800,0.12500,0.25000,0.25000,0.12500",197.27398741702606,1.9,0.9,3.4000000000000004
5,"3,4,7,9,13","(2.500,0.000);(1.500,0.500);(1.500,1.000);(2.500,1.000);(1.500,2.000)","0.18800,0.12500,0.18800,0.12500,0.12500",197.27398741702606,1.9,0.9,3.4000000000000004
5,"2,4,5,12,13","(2.000,0.000);(1.500,0.500);(2.000,0.500);(2.500,1.500);(1.500,2.000)","0.12500,0.12500,0.25000,0.12500,0.12500",197.2739874170261,1.9,0.9,3.4000000000000004
5,"2,4,6,11,13","(2.000,0.000);(1.500,0.500);(2.500,0.500);(2.000,1.500);(1.500,2.000)","0.12500,0.12500,0.18800,0.25000,0.12500",197.2739874170261,1.9,0.9,3.4000000000000004
5,"2,5,6,10,13","(2.000,0.000);(2.000,0.500);(2.500,0.500);(1.500,1.500);(1.500,2.000)","0.12500,0.25000,0.18800,0.12500,0.12500",197.2739874170261,1.9,0.9,3.4000000000000004
5,"2,5,6,11,15","(2.000,0.000);(2.000,0.500);(2.500,0.500);(2.000,1.500);(2.500,2.000)","0.12500,0.25000,0.18800,0.25000,0.18800",197.5334115780831,2.2,0.9,3.0000000000000004
5,"2,6,7,9,15","(2.000,0.000);(2.500,0.500);(1.500,1.000);(2.500,1.000);(2.500,2.000)","0.12500,0.18800,0.18800,0.12500,0.18800",197.5334115780831,2.2,0.9,3.0
5,"3,5,11,12,14","(2.500,0.000);(2.000,0.500);(2.000,1.500);(2.500,1.500);(2.000,2.000)","0.18800,0.25000,0.25000,0.12500,0.12500",197.5334115780831,2.2,1.1,3.0
5,"3,7,9,12,14","(2.500,0.000);(1.500,1.000);(2.500,1.000);(2.500,1.500);(2.000,2.000)","0.18800,0.18800,0.12500,0.12500,0.12500",197.5334115780831,2.2,1.1,3.0
5,"1,6,9,12,14","(1.500,0.000);(2.500,0.500);(2.500,1.000);(2.500,1.500);(2.000,2.000)","0.18800,0.18800,0.12500,0.12500,0.12500",197.5729143105204,2.2,1.0,3.3
5,"2,4,9,12,15","(2.000,0.000);(1.500,0.500);(2.500,1.000);(2.500,1.500);(2.500,2.000)","0.12500,0.12500,0.12500,0.12500,0.18800",197.5729143105204,2.2,1.0,3.3
5,"2,6,9,10,15","(2.000,0.000);(2.500,0.500);(2.500,1.000);(1.500,1.500);(2.500,2.000)","0.12500,0.18800,0.12500,0.12500,0.18800",197.5729143105204,2.2,1.0,3.3
5,"3,4,8,12,15","(2.500,0.000);(1.500,0.500);(2.000,1.000);(2.500,1.500);(2.500,2.000)","0.18800,0.12500,0.12500,0.12500,0.18800",197.5729143105204,2.2,1.0,3.3
5,"3,4,9,11,15","(2.500,0.000);(1.500,0.500);(2.500,1.000);(2.000,1.500);(2.500,2.000)","0.18800,0.12500,0.12500,0.25000,0.18800",197.5729143105204,2.2,1.0,3.3
5,"3,4,9,12,14","(2.500,0.000);(1.500,0.500);(2.500,1.000);(2.500,1.500);(2.000,2.000)","0.18800,0.12500,0.12500,0.12500,0.12500",197.5729143105204,2.2,1.0,3.3
5,"3,5,9,10,15","(2.500,0.000);(2.000,0.500);(2.500,1.000);(1.500,1.500);(2.500,2.000)","0.18800,0.25000,0.12500,0.12500,0.18800",197.5729143105204,2.2,1.0,3.3
5,"3,6,8,10,15","(2.500,0.000);(2.500,0.500);(2.000,1.000);(1.500,1.500);(2.500,2.000)","0.18800,0.18800,0.12500,0.12500,0.18800",197.5729143105204,2.2,1.0,3.3
5,"3,6,9,10,14","(2.500,0.000);(2.500,0.500);(2.500,1.000);(1.500,1.500);(2.000,2.000)","0.18800,0.18800,0.12500,0.12500,0.12500",197.5729143105204,2.2,1.0,3.3
5,"2,6,7,12,15","(2.000,0.000);(2.500,0.500);(1.500,1.000);(2.500,1.500);(2.500,2.000)","0.12500,0.18800,0.18800,0.12500,0.18800",197.57291431052042,2.2,1.0,3.3
5,"3,6,7,12,14","(2.500,0.000);(2.500,0.500);(1.500,1.000);(2.500,1.500);(2.000,2.000)","0.18800,0.18800,0.18800,0.12500,0.12500",197.57291431052042,2.2,1.0,3.3
5,"3,4,11,12,15","(2.500,0.000);(1.500,0.500);(2.000,1.500);(2.500,1.500);(2.500,2.000)","0.18800,0.12500,0.25000,0.12500,0.18800",198.23751720368276,2.2,1.1,3.5
5,"3,11,12,13,15","(2.500,0.000);(2.000,1.500);(2.500,1.500);(1.500,2.000);(2.500,2.000)","0.18800,0.25000,0.12500,0.12500,0.18800",198.23751720368278,2.2,1.4,3.5
5,"3,5,6,10,15","(2.500,0.000);(2.000,0.500);(2.500,0.500);(1.500,1.500);(2.500,2.000)","0.18800,0.25000,0.18800,0.12500,0.18800",198.2375172036828,2.2,0.9,3.5000000000000004
5,"1,6,8,9,12","(1.500,0.000);(2.500,0.500);(2.000,1.000);(2.500,1.000);(2.500,1.500)","0.18800,0.18800,0.12500,0.12500,0.12500",198.41696938125492,2.2,0.8,2.1
5,"3,5,7,9,12","(2.500,0.000);(2.000,0.500);(1.500,1.000);(2.500,1.000);(2.500,1.500)","0.18800,0.25000,0.18800,0.12500,0.12500",198.41696938125492,2.2,0.8,2.1
5,"3,6,7,8,12","(2.500,0.000);(2.500,0.500);(1.500,1.000);(2.000,1.000);(2.500,1.500)","0.18800,0.18800,0.18800,0.12500,0.12500",198.41696938125492,2.2,0.8,2.1
5,"1,2,7,8,10","(1.500,0.000);(2.000,0.000);(1.500,1.000);(2.000,1.000);(1.500,1.500)","0.18800,0.12500,0.18800,0.12500,0.12500",198.49869981656244,1.7,0.7,2.1
5,"1,4,6,7,10","(1.500,0.000);(1.500,0.500);(2.500,0.500);(1.500,1.000);(1.500,1.500)","0.18800,0.12500,0.18800,0.18800,0.12500",198.49869981656244,1.7,0.7,2.1
5,"4,5,10,11,13","(1.500,0.500);(2.000,0.500);(1.500,1.500);(2.000,1.500);(1.500,2.000)","0.12500,0.25000,0.12500,0.25000,0.12500",198.49869981656244,1.7,1.2,2.1
5,"4,7,10,12,13","(1.500,0.500);(1.500,1.000);(1.500,1.500);(2.500,1.500);(1.500,2.000)","0.12500,0.18800,0.12500,0.12500,0.12500",198.49869981656244,1.7,1.3,2.1
5,"4,7,8,13,14","(1.500,0.500);(1.500,1.000);(2.000,1.000);(1.500,2.000);(2.000,2.000)","0.12500,0.18800,0.12500,0.12500,0.12500",198.49869981656244,1.7,1.3,2.1
5,"4,7,9,10,13","(1.500,0.500);(1.500,1.000);(2.500,1.000);(1.500,1.500);(1.500,2.000)","0.12500,0.18800,0.12500,0.12500,0.12500",198.49869981656244,1.7,1.2,2.1
5,"1,2,4,9,13","(1.500,0.000);(2.000,0.000);(1.500,0.500);(2.500,1.000);(1.500,2.000)","0.18800,0.12500,0.12500,0.12500,0.12500",199.47703407790604,1.8,0.7,3.6
5,"1,2,6,7,13","(1.500,0.000);(2.000,0.000);(2.500,0.500);(1.500,1.000);(1.500,2.000)","0.18800,0.12500,0.18800,0.18800,0.12500",199.47703407790604,1.8,0.7,3.6
5,"1,3,4,8,13","(1.500,0.000);(2.500,0.000);(1.500,0.500);(2.000,1.000);(1.500,2.000)","0.18800,0.18800,0.12500,0.12500,0.12500",199.47703407790604,1.8,0.7,3.6
5,"1,3,5,7,13","(1.500,0.000);(2.500,0.000);(2.000,0.500);(1.500,1.000);(1.500,2.000)","0.18800,0.18800,0.25000,0.18800,0.12500",199.47703407790604,1.8,0.7,3.6
5,"2,3,4,7,13","(2.000,0.000);(2.500,0.000);(1.500,0.500);(1.500,1.000);(1.500,2.000)","0.12500,0.18800,0.12500,0.18800,0.12500",199.47703407790604,1.8,0.7,3.6
5,"1,2,4,7,13","(1.500,0.000);(2.000,0.000);(1.500,0.500);(1.500,1.000);(1.500,2.000)","0.18800,0.12500,0.12500,0.18800,0.12500",199.4973712379811,1.6,0.7,3.0
5,"1,3,6,12,13","(1.500,0.000);(2.500,0.000);(2.500,0.500);(2.500,1.500);(1.500,2.000)","0.18800,0.18800,0.18800,0.12500,0.12500",199.66029276063298,2.1,0.8,4.5
5,"1,3,6,10,12","(1.500,0.000);(2.500,0.000);(2.500,0.500);(1.500,1.500);(2.500,1.500)","0.18800,0.18800,0.18800,0.12500,0.12500",199.660292760633,2.1,0.7,3.5
5,"3,8,9,13,14","(2.500,0.000);(2.000,1.000);(2.500,1.000);(1.500,2.000);(2.000,2.000)","0.18800,0.12500,0.12500,0.12500,0.12500",199.660292760633,2.1,1.2,3.5
5,"3,9,10,12,13","(2.500,0.000);(2.500,1.000);(1.500,1.500);(2.500,1.500);(1.500,2.000)","0.18800,0.12500,0.12500,0.12500,0.12500",199.660292760633,2.1,1.2,3.5
5,"4,6,12,13,15","(1.500,0.500);(2.500,0.500);(2.500,1.500);(1.500,2.000);(2.500,2.000)","0.12500,0.18800,0.12500,0.12500,0.18800",199.660292760633,2.1,1.3,3.5
5,"4,6,9,13,15","(1.500,0.500);(2.500,0.500);(2.500,1.000);(1.500,2.000);(2.500,2.000)","0.12500,0.18800,0.12500,0.12500,0.18800",199.660292760633,2.1,1.2,3.5
5,"7,10,11,13,15","(1.500,1.000);(1.500,1.500);(2.000,1.500);(1.500,2.000);(2.500,2.000)","0.18800,0.12500,0.25000,0.12500,0.18800",199.66029276063304,1.8,1.6,1.5
5,"7,10,12,13,14","(1.500,1.000);(1.500,1.500);(2.500,1.500);(1.500,2.000);(2.000,2.000)","0.18800,0.12500,0.12500,0.12500,0.12500",199.66029276063304,1.8,1.6,1.5
5,"2,4,8,12,13","(2.000,0.000);(1.500,0.500);(2.000,1.000);(2.500,1.500);(1.500,2.000)","0.12500,0.12500,0.12500,0.12500,0.12500",199.67032929149372,1.9,1.0,3.2
5,"2,4,9,11,13","(2.000,0.000);(1.500,0.500);(2.500,1.000);(2.000,1.500);(1.500,2.000)","0.12500,0.12500,0.12500,0.25000,0.12500",199.67032929149372,1.9,1.0,3.2
5,"2,5,7,12,13","(2.000,0.000);(2.000,0.500);(1.500,1.000);(2.500,1.500);(1.500,2.000)","0.12500,0.25000,0.18800,0.12500,0.12500",199.67032929149372,1.9,1.0,3.2
5,"2,5,9,10,13","(2.000,0.000);(2.000,0.500);(2.500,1.000);(1.500,1.500);(1.500,2.000)","0.12500,0.25000,0.12500,0.12500,0.12500",199.67032929149372,1.9,1.0,3.2
5,"2,6,7,11,13","(2.000,0.000);(2.500,0.500);(1.500,1.000);(2.000,1.500);(1.500,2.000)","0.12500,0.18800,0.18800,0.25000,0.12500",199.67032929149372,1.9,1.0,3.2
5,"2,6,8,10,13","(2.000,0.000);(2.500,0.500);(2.000,1.000);(1.500,1.500);(1.500,2.000)","0.12500,0.18800,0.12500,0.12500,0.12500",199.67032929149372,1.9,1.0,3.2
5,"1,5,8,12,13","(1.500,0.000);(2.000,0.500);(2.000,1.000);(2.500,1.500);(1.500,2.000)","0.18800,0.25000,0.12500,0.12500,0.12500",199.67032929149374,1.9,1.0,3.2
5,"1,5,9,11,13","(1.500,0.000);(2.000,0.500);(2.500,1.000);(2.000,1.500);(1.500,2.000)","0.18800,0.25000,0.12500,0.25000,0.12500",199.67032929149374,1.9,1.0,3.2
5,"1,6,8,11,13","(1.500,0.000);(2.500,0.500);(2.000,1.000);(2.000,1.500);(1.500,2.000)","0.18800,0.18800,0.12500,0.25000,0.12500",199.67032929149374,1.9,1.0,3.2
5,"3,4,8,11,13","(2.500,0.000);(1.500,0.500);(2.000,1.000);(2.000,1.500);(1.500,2.000)","0.18800,0.12500,0.12500,0.25000,0.12500",199.67032929149374,1.9,1.0,3.2
5,"3,5,7,11,13","(2.500,0.000);(2.000,0.500);(1.500,1.000);(2.000,1.500);(1.500,2.000)","0.18800,0.25000,0.18800,0.25000,0.12500",199.67032929149374,1.9,1.0,3.2
5,"3,5,8,10,13","(2.500,0.000);(2.000,0.500);(2.000,1.000);(1.500,1.500);(1.500,2.000)","0.18800,0.25000,0.12500,0.12500,0.12500",199.67032929149374,1.9,1.0,3.2
5,"1,4,5,9,12","(1.500,0.000);(1.500,0.500);(2.000,0.500);(2.500,1.000);(2.500,1.500)","0.18800,0.12500,0.25000,0.12500,0.12500",200.5740234638157,2.0,0.7,2.3000000000000003
5,"1,4,6,8,12","(1.500,0.000);(1.500,0.500);(2.500,0.500);(2.000,1.000);(2.500,1.500)","0.18800,0.12500,0.18800,0.12500,0.12500",200.5740234638157,2.0,0.7,2.3000000000000003
5,"1,5,6,7,12","(1.500,0.000);(2.000,0.500);(2.500,0.500);(1.500,1.000);(2.500,1.500)","0.18800,0.25000,0.18800,0.18800,0.12500",200.5740234638157,2.0,0.7,2.3000000000000003
5,"2,4,6,7,12","(2.000,0.000);(1.500,0.500);(2.500,0.500);(1.500,1.000);(2.500,1.500)","0.12500,0.12500,0.18800,0.18800,0.12500",200.5740234638157,2.0,0.7,2.3
5,"3,4,5,7,12","(2.500,0.000);(1.500,0.500);(2.000,0.500);(1.500,1.000);(2.500,1.500)","0.18800,0.12500,0.25000,0.18800,0.12500",200.5740234638157,2.0,0.7,2.3000000000000003
5,"1,4,8,9,14","(1.500,0.000);(1.500,0.500);(2.000,1.000);(2.500,1.000);(2.000,2.000)","0.18800,0.12500,0.12500,0.12500,0.12500",200.86780132105673,1.9,0.9,2.9000000000000004
5,"1,5,7,9,14","(1.500,0.000);(2.000,0.500);(1.500,1.000);(2.500,1.000);(2.000,2.000)","0.18800,0.25000,0.18800,0.12500,0.12500",200.86780132105673,1.9,0.9,2.9000000000000004
5,"1,6,7,8,14","(1.500,0.000);(2.500,0.500);(1.500,1.000);(2.000,1.000);(2.000,2.000)","0.18800,0.18800,0.18800,0.12500,0.12500",200.86780132105673,1.9,0.9,2.9000000000000004
5,"2,5,10,11,14","(2.000,0.000);(2.000,0.500);(1.500,1.500);(2.000,1.500);(2.000,2.000)","0.12500,0.25000,0.12500,0.25000,0.12500",200.86780132105673,1.9,1.1,2.9
5,"2,7,8,10,15","(2.000,0.000);(1.500,1.000);(2.000,1.000);(1.500,1.500);(2.500,2.000)","0.12500,0.18800,0.12500,0.12500,0.18800",200.86780132105673,1.9,1.1,2.9
5,"2,7,9,10,14","(2.000,0.000);(1.500,1.000);(2.500,1.000);(1.500,1.500);(2.000,2.000)","0.12500,0.18800,0.12500,0.12500,0.12500",200.86780132105673,1.9,1.1,2.9
5,"3,4,7,8,14","(2.500,0.000);(1.500,0.500);(1.500,1.000);(2.000,1.000);(2.000,2.000)","0.18800,0.12500,0.18800,0.12500,0.12500",200.86780132105673,1.9,0.9,2.9000000000000004
5,"2,4,5,11,14","(2.000,0.000);(1.500,0.500);(2.000,0.500);(2.000,1.500);(2.000,2.000)","0.12500,0.12500,0.25000,0.25000,0.12500",200.86780132105676,1.9,0.9,2.9000000000000004
5,"2,4,7,9,14","(2.000,0.000);(1.500,0.500);(1.500,1.000);(2.500,1.000);(2.000,2.000)","0.12500,0.12500,0.18800,0.12500,0.12500",200.86780132105676,1.9,0.9,2.9000000000000004
5,"1,5,6,10,11","(1.500,0.000);(2.000,0.500);(2.500,0.500);(1.500,1.500);(2.000,1.500)","0.18800,0.25000,0.18800,0.12500,0.25000",200.94991940310777,1.9,0.8,2.5
5,"1,6,7,9,10","(1.500,0.000);(2.500,0.500);(1.500,1.000);(2.500,1.000);(1.500,1.500)","0.18800,0.18800,0.18800,0.12500,0.12500",200.94991940310777,1.9,0.8,2.5
5,"2,4,5,10,12","(2.000,0.000);(1.500,0.500);(2.000,0.500);(1.500,1.500);(2.500,1.500)","0.12500,0.12500,0.25000,0.12500,0.12500",200.94991940310777,1.9,0.8,2.5
5,"2,4,6,10,11","(2.000,0.000);(1.500,0.500);(2.500,0.500);(1.500,1.500);(2.000,1.500)","0.12500,0.12500,0.18800,0.12500,0.25000",200.94991940310777,1.9,0.8,2.5
5,"3,4,5,10,11","(2.500,0.000);(1.500,0.500);(2.000,0.500);(1.500,1.500);(2.000,1.500)","0.18800,0.12500,0.25000,0.12500,0.25000",200.94991940310777,1.9,0.8,2.5
5,"3,4,7,9,10","(2.500,0.000);(1.500,0.500);(1.500,1.000);(2.500,1.000);(1.500,1.500)","0.18800,0.12500,0.18800,0.12500,0.12500",200.94991940310777,1.9,0.8,2.5
5,"4,5,10,11,15","(1.500,0.500);(2.000,0.500);(1.500,1.500);(2.000,1.500);(2.500,2.000)","0.12500,0.25000,0.12500,0.25000,0.18800",200.94991940310777,1.9,1.2,2.5
5,"4,5,10,12,14","(1.500,0.500);(2.000,0.500);(1.500,1.500);(2.500,1.500);(2.000,2.000)","0.12500,0.25000,0.12500,0.12500,0.12500",200.94991940310777,1.9,1.2,2.5
5,"4,6,10,11,14","(1.500,0.500);(2.500,0.500);(1.500,1.500);(2.000,1.500);(2.000,2.000)","0.12500,0.18800,0.12500,0.25000,0.12500",200.94991940310777,1.9,1.2,2.5
5,"4,7,9,10,15","(1.500,0.500);(1.500,1.000);(2.500,1.000);(1.500,1.500);(2.500,2.000)","0.12500,0.18800,0.12500,0.12500,0.18800",200.94991940310777,1.9,1.2,2.5
5,"5,7,8,13,15","(2.000,0.500);(1.500,1.000);(2.000,1.000);(1.500,2.000);(2.500,2.000)","0.25000,0.18800,0.12500,0.12500,0.18800",200.94991940310777,1.9,1.3,2.5
5,"5,7,9,13,14","(2.000,0.500);(1.500,1.000);(2.500,1.000);(1.500,2.000);(2.000,2.000)","0.25000,0.18800,0.12500,0.12500,0.12500",200.94991940310777,1.9,1.3,2.5
5,"6,7,10,12,13","(2.500,0.500);(1.500,1.000);(1.500,1.500);(2.500,1.500);(1.500,2.000)","0.18800,0.18800,0.12500,0.12500,0.12500",200.94991940310777,1.9,1.3,2.5
5,"6,7,8,13,14","(2.500,0.500);(1.500,1.000);(2.000,1.000);(1.500,2.000);(2.000,2.000)","0.18800,0.18800,0.12500,0.12500,0.12500",200.94991940310777,1.9,1.3,2.5
5,"5,8,11,14,15","(2.000,0.500);(2.000,1.000);(2.000,1.500);(2.000,2.000);(2.500,2.000)","0.25000,0.12500,0.25000,0.12500,0.18800",201.1063247847685,2.1,1.4,1.9
5,"7,8,9,14,15","(1.500,1.000);(2.000,1.000);(2.500,1.000);(2.000,2.000);(2.500,2.000)","0.18800,0.12500,0.12500,0.12500,0.18800",201.1063247847685,2.1,1.4,1.9
5,"1,2,3,8,9","(1.500,0.000);(2.000,0.000);(2.500,0.000);(2.000,1.000);(2.500,1.000)","0.18800,0.12500,0.18800,0.12500,0.12500",201.10632478476853,2.1,0.4,1.9
5,"2,3,5,8,11","(2.000,0.000);(2.500,0.000);(2.000,0.500);(2.000,1.000);(2.000,1.500)","0.12500,0.18800,0.25000,0.12500,0.25000",201.10632478476853,2.1,0.6,1.9
5,"2,3,7,8,9","(2.000,0.000);(2.500,0.000);(1.500,1.000);(2.000,1.000);(2.500,1.000)","0.12500,0.18800,0.18800,0.12500,0.12500",201.10632478476853,2.1,0.6,1.9
5,"1,2,4,8,9","(1.500,0.000);(2.000,0.000);(1.500,0.500);(2.000,1.000);(2.500,1.000)","0.18800,0.12500,0.12500,0.12500,0.12500",201.57073919951935,1.9,0.5,1.7
5,"1,2,5,7,9","(1.500,0.000);(2.000,0.000);(2.000,0.500);(1.500,1.000);(2.500,1.000)","0.18800,0.12500,0.25000,0.18800,0.12500",201.57073919951935,1.9,0.5,1.7
5,"1,3,4,9,13","(1.500,0.000);(2.500,0.000);(1.500,0.500);(2.500,1.000);(1.500,2.000)","0.18800,0.18800,0.12500,0.12500,0.12500",201.6332282227069,1.9,0.7,4.0
5,"1,3,6,7,13","(1.500,0.000);(2.500,0.000);(2.500,0.500);(1.500,1.000);(1.500,2.000)","0.18800,0.18800,0.18800,0.18800,0.12500",201.6332282227069,1.9,0.7,4.0
5,"2,3,4,9,11","(2.000,0.000);(2.500,0.000);(1.500,0.500);(2.500,1.000);(2.000,1.500)","0.12500,0.18800,0.12500,0.12500,0.25000",201.65685803976004,2.1,0.6,2.4
5,"5,9,10,14,15","(2.000,0.500);(2.500,1.000);(1.500,1.500);(2.000,2.000);(2.500,2.000)","0.25000,0.12500,0.12500,0.12500,0.18800",201.65685803976004,2.1,1.4,2.4
5,"6,8,10,14,15","(2.500,0.500);(2.000,1.000);(1.500,1.500);(2.000,2.000);(2.500,2.000)","0.18800,0.12500,0.12500,0.12500,0.18800",201.65685803976004,2.1,1.4,2.4
5,"2,3,8,9,15","(2.000,0.000);(2.500,0.000);(2.000,1.000);(2.500,1.000);(2.500,2.000)","0.12500,0.18800,0.12500,0.12500,0.18800",202.11353073695474,2.3,0.8,3.1
5,"3,8,9,14,15","(2.500,0.000);(2.000,1.000);(2.500,1.000);(2.000,2.000);(2.500,2.000)","0.18800,0.12500,0.12500,0.12500,0.18800",202.11353073695474,2.3,1.2,3.1
5,"2,4,6,9,15","(2.000,0.000);(1.500,0.500);(2.500,0.500);(2.500,1.000);(2.500,2.000)","0.12500,0.12500,0.18800,0.12500,0.18800",202.12343568963158,2.2,0.8,3.1
5,"3,4,5,9,15","(2.500,0.000);(1.500,0.500);(2.000,0.500);(2.500,1.000);(2.500,2.000)","0.18800,0.12500,0.25000,0.12500,0.18800",202.12343568963158,2.2,0.8,3.1
5,"3,4,6,8,15","(2.500,0.000);(1.500,0.500);(2.500,0.500);(2.000,1.000);(2.500,2.000)","0.18800,0.12500,0.18800,0.12500,0.18800",202.12343568963158,2.2,0.8,3.1
5,"3,8,10,12,15","(2.500,0.000);(2.000,1.000);(1.500,1.500);(2.500,1.500);(2.500,2.000)","0.18800,0.12500,0.12500,0.12500,0.18800",202.12343568963158,2.2,1.2,3.1
5,"3,9,10,11,15","(2.500,0.000);(2.500,1.000);(1.500,1.500);(2.000,1.500);(2.500,2.000)","0.18800,0.12500,0.12500,0.25000,0.18800",202.12343568963158,2.2,1.2,3.1
5,"3,9,10,12,14","(2.500,0.000);(2.500,1.000);(1.500,1.500);(2.500,1.500);(2.000,2.000)","0.18800,0.12500,0.12500,0.12500,0.12500",202.12343568963158,2.2,1.2,3.1
5,"1,5,6,12,14","(1.500,0.000);(2.000,0.500);(2.500,0.500);(2.500,1.500);(2.000,2.000)","0.18800,0.25000,0.18800,0.12500,0.12500",202.2570204888982,2.1,0.9,3.4000000000000004
5,"2,3,8,11,14","(2.000,0.000);(2.500,0.000);(2.000,1.000);(2.000,1.500);(2.000,2.000)","0.12500,0.18800,0.12500,0.25000,0.12500",202.2570204888982,2.1,0.9,3.4000000000000004
5,"2,4,11,12,15","(2.000,0.000);(1.500,0.500);(2.000,1.500);(2.500,1.500);(2.500,2.000)","0.12500,0.12500,0.25000,0.12500,0.18800",202.2570204888982,2.1,1.1,3.4
5,"2,5,10,12,15","(2.000,0.000);(2.000,0.500);(1.500,1.500);(2.500,1.500);(2.500,2.000)","0.12500,0.25000,0.12500,0.12500,0.18800",202.2570204888982,2.1,1.1,3.4
5,"2,5,8,14,15","(2.000,0.000);(2.000,0.500);(2.000,1.000);(2.000,2.000);(2.500,2.000)","0.12500,0.25000,0.12500,0.12500,0.18800",202.2570204888982,2.1,1.1,3.4
5,"2,6,10,11,15","(2.000,0.000);(2.500,0.500);(1.500,1.500);(2.000,1.500);(2.500,2.000)","0.12500,0.18800,0.12500,0.25000,0.18800",202.2570204888982,2.1,1.1,3.4
5,"2,6,10,12,14","(2.000,0.000);(2.500,0.500);(1.500,1.500);(2.500,1.500);(2.000,2.000)","0.12500,0.18800,0.12500,0.12500,0.12500",202.2570204888982,2.1,1.1,3.4
5,"3,4,5,12,14","(2.500,0.000);(1.500,0.500);(2.000,0.500);(2.500,1.500);(2.000,2.000)","0.18800,0.12500,0.25000,0.12500,0.12500",202.2570204888982,2.1,0.9,3.4000000000000004
5,"3,4,6,11,14","(2.500,0.000);(1.500,0.500);(2.500,0.500);(2.000,1.500);(2.000,2.000)","0.18800,0.12500,0.18800,0.25000,0.12500",202.2570204888982,2.1,0.9,3.4000000000000004
5,"2,4,6,12,14","(2.000,0.000);(1.500,0.500);(2.500,0.500);(2.500,1.500);(2.000,2.000)","0.12500,0.12500,0.18800,0.12500,0.12500",202.25702048889823,2.1,0.9,3.4000000000000004
5,"3,5,6,10,14","(2.500,0.000);(2.000,0.500);(2.500,0.500);(1.500,1.500);(2.000,2.000)","0.18800,0.25000,0.18800,0.12500,0.12500",202.25702048889823,2.1,0.9,3.4000000000000004
5,"1,2,7,8,13","(1.500,0.000);(2.000,0.000);(1.500,1.000);(2.000,1.000);(1.500,2.000)","0.18800,0.12500,0.18800,0.12500,0.12500",202.48098671329072,1.7,0.8,3.1000000000000005
5,"1,4,6,7,13","(1.500,0.000);(1.500,0.500);(2.500,0.500);(1.500,1.000);(1.500,2.000)","0.18800,0.12500,0.18800,0.18800,0.12500",202.48098671329072,1.7,0.8,3.1000000000000005
5,"2,3,6,12,15","(2.000,0.000);(2.500,0.000);(2.500,0.500);(2.500,1.500);(2.500,2.000)","0.12500,0.18800,0.18800,0.12500,0.18800",203.07143489610826,2.4,0.8,3.5
5,"3,6,12,14,15","(2.500,0.000);(2.500,0.500);(2.500,1.500);(2.000,2.000);(2.500,2.000)","0.18800,0.18800,0.12500,0.12500,0.18800",203.07143489610826,2.4,1.2,3.5
5,"2,4,5,11,12","(2.000,0.000);(1.500,0.500);(2.000,0.500);(2.000,1.500);(2.500,1.500)","0.12500,0.12500,0.25000,0.25000,0.12500",203.4481350315993,2.0,0.8,2.3000000000000003
5,"2,4,7,9,12","(2.000,0.000);(1.500,0.500);(1.500,1.000);(2.500,1.000);(2.500,1.500)","0.12500,0.12500,0.18800,0.12500,0.12500",203.4481350315993,2.0,0.8,2.3000000000000003
5,"5,6,10,11,14","(2.000,0.500);(2.500,0.500);(1.500,1.500);(2.000,1.500);(2.000,2.000)","0.25000,0.18800,0.12500,0.25000,0.12500",203.4481350315993,2.0,1.2,2.3000000000000003
5,"6,7,9,10,14","(2.500,0.500);(1.500,1.000);(2.500,1.000);(1.500,1.500);(2.000,2.000)","0.18800,0.18800,0.12500,0.12500,0.12500",203.4481350315993,2.0,1.2,2.3000000000000003
5,"1,4,6,9,12","(1.500,0.000);(1.500,0.500);(2.500,0.500);(2.500,1.000);(2.500,1.500)","0.18800,0.12500,0.18800,0.12500,0.12500",203.46598937558812,2.1,0.7,2.5
5,"3,4,6,7,12","(2.500,0.000);(1.500,0.500);(2.500,0.500);(1.500,1.000);(2.500,1.500)","0.18800,0.12500,0.18800,0.18800,0.12500",203.46598937558812,2.1,0.7,2.5
5,"6,7,10,12,15","(2.500,0.500);(1.500,1.000);(1.500,1.500);(2.500,1.500);(2.500,2.000)","0.18800,0.18800,0.12500,0.12500,0.18800",203.46598937558812,2.1,1.3,2.5
5,"1,5,9,10,12","(1.500,0.000);(2.000,0.500);(2.500,1.000);(1.500,1.500);(2.500,1.500)","0.18800,0.25000,0.12500,0.12500,0.12500",203.65789867970724,2.0,0.9,2.7
5,"1,6,8,10,12","(1.500,0.000);(2.500,0.500);(2.000,1.000);(1.500,1.500);(2.500,1.500)","0.18800,0.18800,0.12500,0.12500,0.12500",203.65789867970724,2.0,0.9,2.7
5,"1,6,9,10,11","(1.500,0.000);(2.500,0.500);(2.500,1.000);(1.500,1.500);(2.000,1.500)","0.18800,0.18800,0.12500,0.12500,0.25000",203.65789867970724,2.0,0.9,2.7
5,"2,4,9,10,12","(2.000,0.000);(1.500,0.500);(2.500,1.000);(1.500,1.500);(2.500,1.500)","0.12500,0.12500,0.12500,0.12500,0.12500",203.65789867970724,2.0,0.9,2.7
5,"2,6,7,10,12","(2.000,0.000);(2.500,0.500);(1.500,1.000);(1.500,1.500);(2.500,1.500)","0.12500,0.18800,0.18800,0.12500,0.12500",203.65789867970724,2.0,0.9,2.7
5,"3,4,8,10,12","(2.500,0.000);(1.500,0.500);(2.000,1.000);(1.500,1.500);(2.500,1.500)","0.18800,0.12500,0.12500,0.12500,0.12500",203.65789867970724,2.0,0.9,2.7
5,"3,4,9,10,11","(2.500,0.000);(1.500,0.500);(2.500,1.000);(1.500,1.500);(2.000,1.500)","0.18800,0.12500,0.12500,0.12500,0.25000",203.65789867970724,2.0,0.9,2.7
5,"3,5,7,10,12","(2.500,0.000);(2.000,0.500);(1.500,1.000);(1.500,1.500);(2.500,1.500)","0.18800,0.25000,0.18800,0.12500,0.12500",203.65789867970724,2.0,0.9,2.7
5,"3,6,7,10,11","(2.500,0.000);(2.500,0.500);(1.500,1.000);(1.500,1.500);(2.000,1.500)","0.18800,0.18800,0.18800,0.12500,0.25000",203.65789867970724,2.0,0.9,2.7
5,"4,5,7,12,15","(1.500,0.500);(2.000,0.500);(1.500,1.000);(2.500,1.500);(2.500,2.000)","0.12500,0.25000,0.18800,0.12500,0.18800",203.65789867970724,2.0,1.1,2.7
5,"4,5,9,10,15","(1.500,0.500);(2.000,0.500);(2.500,1.000);(1.500,1.500);(2.500,2.000)","0.12500,0.25000,0.12500,0.12500,0.18800",203.65789867970724,2.0,1.1,2.7
5,"4,6,7,11,15","(1.500,0.500);(2.500,0.500);(1.500,1.000);(2.000,1.500);(2.500,2.000)","0.12500,0.18800,0.18800,0.25000,0.18800",203.65789867970724,2.0,1.1,2.7
5,"4,6,7,12,14","(1.500,0.500);(2.500,0.500);(1.500,1.000);(2.500,1.500);(2.000,2.000)","0.12500,0.18800,0.18800,0.12500,0.12500",203.65789867970724,2.0,1.1,2.7
5,"4,6,8,10,15","(1.500,0.500);(2.500,0.500);(2.000,1.000);(1.500,1.500);(2.500,2.000)","0.12500,0.18800,0.12500,0.12500,0.18800",203.65789867970724,2.0,1.1,2.7
5,"4,6,9,10,14","(1.500,0.500);(2.500,0.500);(2.500,1.000);(1.500,1.500);(2.000,2.000)","0.12500,0.18800,0.12500,0.12500,0.12500",203.65789867970724,2.0,1.1,2.7
5,"5,7,12,13,15","(2.000,0.500);(1.500,1.000);(2.500,1.500);(1.500,2.000);(2.500,2.000)","0.25000,0.18800,0.12500,0.12500,0.18800",203.65789867970724,2.0,1.4,2.7
5,"5,9,10,13,15","(2.000,0.500);(2.500,1.000);(1.500,1.500);(1.500,2.000);(2.500,2.000)","0.25000,0.12500,0.12500,0.12500,0.18800",203.65789867970724,2.0,1.4,2.7
5,"6,7,11,13,15","(2.500,0.500);(1.500,1.000);(2.000,1.500);(1.500,2.000);(2.500,2.000)","0.18800,0.18800,0.25000,0.12500,0.18800",203.65789867970724,2.0,1.4,2.7
5,"6,7,12,13,14","(2.500,0.500);(1.500,1.000);(2.500,1.500);(1.500,2.000);(2.000,2.000)","0.18800,0.18800,0.12500,0.12500,0.12500",203.65789867970724,2.0,1.4,2.7
5,"6,8,10,13,15","(2.500,0.500);(2.000,1.000);(1.500,1.500);(1.500,2.000);(2.500,2.000)","0.18800,0.12500,0.12500,0.12500,0.18800",203.65789867970724,2.0,1.4,2.7
5,"6,9,10,13,14","(2.500,0.500);(2.500,1.000);(1.500,1.500);(1.500,2.000);(2.000,2.000)","0.18800,0.12500,0.12500,0.12500,0.12500",203.65789867970724,2.0,1.4,2.7
5,"2,4,9,10,11","(2.000,0.000);(1.500,0.500);(2.500,1.000);(1.500,1.500);(2.000,1.500)","0.12500,0.12500,0.12500,0.12500,0.25000",203.77412721191664,1.9,0.9,2.4
5,"2,6,7,10,11","(2.000,0.000);(2.500,0.500);(1.500,1.000);(1.500,1.500);(2.000,1.500)","0.12500,0.18800,0.18800,0.12500,0.25000",203.77412721191664,1.9,0.9,2.4
5,"2,4,7,11,12","(2.000,0.000);(1.500,0.500);(1.500,1.000);(2.000,1.500);(2.500,1.500)","0.12500,0.12500,0.18800,0.25000,0.12500",203.77412721191666,1.9,0.9,2.4
5,"2,4,8,10,12","(2.000,0.000);(1.500,0.500);(2.000,1.000);(1.500,1.500);(2.500,1.500)","0.12500,0.12500,0.12500,0.12500,0.12500",203.77412721191666,1.9,0.9,2.4
5,"2,5,7,10,12","(2.000,0.000);(2.000,0.500);(1.500,1.000);(1.500,1.500);(2.500,1.500)","0.12500,0.25000,0.18800,0.12500,0.12500",203.77412721191666,1.9,0.9,2.4
5,"4,5,9,10,14","(1.500,0.500);(2.000,0.500);(2.500,1.000);(1.500,1.500);(2.000,2.000)","0.12500,0.25000,0.12500,0.12500,0.12500",203.77412721191666,1.9,1.1,2.4
5,"5,6,7,10,14","(2.000,0.500);(2.500,0.500);(1.500,1.000);(1.500,1.500);(2.000,2.000)","0.25000,0.18800,0.18800,0.12500,0.12500",203.77412721191666,1.9,1.1,2.4
5,"4,5,7,12,14","(1.500,0.500);(2.000,0.500);(1.500,1.000);(2.500,1.500);(2.000,2.000)","0.12500,0.25000,0.18800,0.12500,0.12500",203.7741272119167,1.9,1.1,2.4
5,"4,6,7,11,14","(1.500,0.500);(2.500,0.500);(1.500,1.000);(2.000,1.500);(2.000,2.000)","0.12500,0.18800,0.18800,0.25000,0.12500",203.7741272119167,1.9,1.1,2.4
5,"4,6,8,10,14","(1.500,0.500);(2.500,0.500);(2.000,1.000);(1.500,1.500);(2.000,2.000)","0.12500,0.18800,0.12500,0.12500,0.12500",203.7741272119167,1.9,1.1,2.4
5,"5,10,12,13,15","(2.000,0.500);(1.500,1.500);(2.500,1.500);(1.500,2.000);(2.500,2.000)","0.25000,0.12500,0.12500,0.12500,0.18800",204.21586657101517,2.0,1.5,2.5
5,"5,8,13,14,15","(2.000,0.500);(2.000,1.000);(1.500,2.000);(2.000,2.000);(2.500,2.000)","0.25000,0.12500,0.12500,0.12500,0.18800",204.21586657101517,2.0,1.5,2.5
5,"5,7,9,11,12","(2.000,0.500);(1.500,1.000);(2.500,1.000);(2.000,1.500);(2.500,1.500)","0.25000,0.18800,0.12500,0.25000,0.12500",204.2158665710152,2.1,1.1,1.4
5,"1,5,6,8,9","(1.500,0.000);(2.000,0.500);(2.500,0.500);(2.000,1.000);(2.500,1.000)","0.18800,0.25000,0.18800,0.12500,0.12500",204.21586657101523,2.1,0.6,1.4
5,"1,4,7,8,12","(1.500,0.000);(1.500,0.500);(1.500,1.000);(2.000,1.000);(2.500,1.500)","0.18800,0.12500,0.18800,0.12500,0.12500",204.21586657101525,1.8,0.8,2.1
5,"1,8,9,10,12","(1.500,0.000);(2.000,1.000);(2.500,1.000);(1.500,1.500);(2.500,1.500)","0.18800,0.12500,0.12500,0.12500,0.12500",204.21586657101525,2.0,1.0,2.5
5,"3,7,8,10,12","(2.500,0.000);(1.500,1.000);(2.000,1.000);(1.500,1.500);(2.500,1.500)","0.18800,0.18800,0.12500,0.12500,0.12500",204.21586657101525,2.0,1.0,2.5
5,"3,7,9,10,11","(2.500,0.000);(1.500,1.000);(2.500,1.000);(1.500,1.500);(2.000,1.500)","0.18800,0.18800,0.12500,0.12500,0.25000",204.21586657101525,2.0,1.0,2.5
5,"4,5,7,9,15","(1.500,0.500);(2.000,0.500);(1.500,1.000);(2.500,1.000);(2.500,2.000)","0.12500,0.25000,0.18800,0.12500,0.18800",204.21586657101525,2.0,1.0,2.5
5,"4,6,7,8,15","(1.500,0.500);(2.500,0.500);(1.500,1.000);(2.000,1.000);(2.500,2.000)","0.12500,0.18800,0.18800,0.12500,0.18800",204.21586657101525,2.0,1.0,2.5
5,"6,10,11,13,15","(2.500,0.500);(1.500,1.500);(2.000,1.500);(1.500,2.000);(2.500,2.000)","0.18800,0.12500,0.25000,0.12500,0.18800",204.21586657101525,2.0,1.5,2.5
5,"6,10,12,13,14","(2.500,0.500);(1.500,1.500);(2.500,1.500);(1.500,2.000);(2.000,2.000)","0.18800,0.12500,0.12500,0.12500,0.12500",204.21586657101525,2.0,1.5,2.5
5,"6,7,8,11,12","(2.500,0.500);(1.500,1.000);(2.000,1.000);(2.000,1.500);(2.500,1.500)","0.18800,0.18800,0.12500,0.25000,0.12500",204.21586657101525,2.1,1.1,1.4
5,"7,10,12,13,15","(1.500,1.000);(1.500,1.500);(2.500,1.500);(1.500,2.000);(2.500,2.000)","0.18800,0.12500,0.12500,0.12500,0.18800",204.21586657101525,1.9,1.6,1.9
5,"7,8,13,14,15","(1.500,1.000);(2.000,1.000);(1.500,2.000);(2.000,2.000);(2.500,2.000)","0.18800,0.12500,0.12500,0.12500,0.18800",204.21586657101525,1.9,1.6,1.9
5,"1,2,6,7,14","(1.500,0.000);(2.000,0.000);(2.500,0.500);(1.500,1.000);(2.000,2.000)","0.18800,0.12500,0.18800,0.18800,0.12500",204.3602851486958,1.9,0.7,3.5
5,"2,7,12,13,14","(2.000,0.000);(1.500,1.000);(2.500,1.500);(1.500,2.000);(2.000,2.000)","0.12500,0.18800,0.12500,0.12500,0.12500",204.3602851486958,1.9,1.3,3.5
5,"1,2,4,9,14","(1.500,0.000);(2.000,0.000);(1.500,0.500);(2.500,1.000);(2.000,2.000)","0.18800,0.12500,0.12500,0.12500,0.12500",204.36028514869582,1.9,0.7,3.5
5,"1,3,4,8,14","(1.500,0.000);(2.500,0.000);(1.500,0.500);(2.000,1.000);(2.000,2.000)","0.18800,0.18800,0.12500,0.12500,0.12500",204.36028514869582,1.9,0.7,3.5
5,"1,3,5,7,14","(1.500,0.000);(2.500,0.000);(2.000,0.500);(1.500,1.000);(2.000,2.000)","0.18800,0.18800,0.25000,0.18800,0.12500",204.36028514869582,1.9,0.7,3.5
5,"2,3,4,7,14","(2.000,0.000);(2.500,0.000);(1.500,0.500);(1.500,1.000);(2.000,2.000)","0.12500,0.18800,0.12500,0.18800,0.12500",204.36028514869582,1.9,0.7,3.5
5,"2,7,10,14,15","(2.000,0.000);(1.500,1.000);(1.500,1.500);(2.000,2.000);(2.500,2.000)","0.12500,0.18800,0.12500,0.12500,0.18800",204.36028514869582,1.9,1.3,3.5
5,"2,7,11,13,15","(2.000,0.000);(1.500,1.000);(2.000,1.500);(1.500,2.000);(2.500,2.000)","0.12500,0.18800,0.25000,0.12500,0.18800",204.36028514869582,1.9,1.3,3.5
5,"2,8,10,13,15","(2.000,0.000);(2.000,1.000);(1.500,1.500);(1.500,2.000);(2.500,2.000)","0.12500,0.12500,0.12500,0.12500,0.18800",204.36028514869582,1.9,1.3,3.5
5,"2,9,10,13,14","(2.000,0.000);(2.500,1.000);(1.500,1.500);(1.500,2.000);(2.000,2.000)","0.12500,0.12500,0.12500,0.12500,0.12500",204.36028514869582,1.9,1.3,3.5
5,"2,6,12,13,15","(2.000,0.000);(2.500,0.500);(2.500,1.500);(1.500,2.000);(2.500,2.000)","0.12500,0.18800,0.12500,0.12500,0.18800",205.08580466113264,2.2,1.2,4.1
5,"3,5,12,13,15","(2.500,0.000);(2.000,0.500);(2.500,1.500);(1.500,2.000);(2.500,2.000)","0.18800,0.25000,0.12500,0.12500,0.18800",205.08580466113264,2.2,1.2,4.1
5,"3,6,11,13,15","(2.500,0.000);(2.500,0.500);(2.000,1.500);(1.500,2.000);(2.500,2.000)","0.18800,0.18800,0.25000,0.12500,0.18800",205.08580466113264,2.2,1.2,4.1
5,"3,6,12,13,14","(2.500,0.000);(2.500,0.500);(2.500,1.500);(1.500,2.000);(2.000,2.000)","0.18800,0.18800,0.12500,0.12500,0.12500",205.08580466113264,2.2,1.2,4.1
5,"1,5,6,11,14","(1.500,0.000);(2.000,0.500);(2.500,0.500);(2.000,1.500);(2.000,2.000)","0.18800,0.25000,0.18800,0.25000,0.12500",205.67335157872262,2.0,0.9,3.2
5,"1,6,7,9,14","(1.500,0.000);(2.500,0.500);(1.500,1.000);(2.500,1.000);(2.000,2.000)","0.18800,0.18800,0.18800,0.12500,0.12500",205.67335157872262,2.0,0.9,3.2
5,"2,4,11,12,14","(2.000,0.000);(1.500,0.500);(2.000,1.500);(2.500,1.500);(2.000,2.000)","0.12500,0.12500,0.25000,0.12500,0.12500",205.67335157872262,2.0,1.1,3.2
5,"2,4,5,12,14","(2.000,0.000);(1.500,0.500);(2.000,0.500);(2.500,1.500);(2.000,2.000)","0.12500,0.12500,0.25000,0.12500,0.12500",205.67335157872262,2.0,0.9,3.2
5,"2,4,6,11,14","(2.000,0.000);(1.500,0.500);(2.500,0.500);(2.000,1.500);(2.000,2.000)","0.12500,0.12500,0.18800,0.25000,0.12500",205.67335157872262,2.0,0.9,3.2
5,"2,5,10,11,15","(2.000,0.000);(2.000,0.500);(1.500,1.500);(2.000,1.500);(2.500,2.000)","0.12500,0.25000,0.12500,0.25000,0.18800",205.67335157872262,2.0,1.1,3.2
5,"2,5,10,12,14","(2.000,0.000);(2.000,0.500);(1.500,1.500);(2.500,1.500);(2.000,2.000)","0.12500,0.25000,0.12500,0.12500,0.12500",205.67335157872262,2.0,1.1,3.2
5,"2,5,6,10,14","(2.000,0.000);(2.000,0.500);(2.500,0.500);(1.500,1.500);(2.000,2.000)","0.12500,0.25000,0.18800,0.12500,0.12500",205.67335157872262,2.0,0.9,3.2
5,"2,6,10,11,14","(2.000,0.000);(2.500,0.500);(1.500,1.500);(2.000,1.500);(2.000,2.000)","0.12500,0.18800,0.12500,0.25000,0.12500",205.67335157872262,2.0,1.1,3.2
5,"2,7,9,10,15","(2.000,0.000);(1.500,1.000);(2.500,1.000);(1.500,1.500);(2.500,2.000)","0.12500,0.18800,0.12500,0.12500,0.18800",205.67335157872262,2.0,1.1,3.2
5,"3,4,5,11,14","(2.500,0.000);(1.500,0.500);(2.000,0.500);(2.000,1.500);(2.000,2.000)","0.18800,0.12500,0.25000,0.25000,0.12500",205.67335157872262,2.0,0.9,3.2
5,"3,4,7,9,14","(2.500,0.000);(1.500,0.500);(1.500,1.000);(2.500,1.000);(2.000,2.000)","0.18800,0.12500,0.18800,0.12500,0.12500",205.67335157872262,2.0,0.9,3.2
5,"5,7,11,13,14","(2.000,0.500);(1.500,1.000);(2.000,1.500);(1.500,2.000);(2.000,2.000)","0.25000,0.18800,0.25000,0.12500,0.12500",205.7047018344612,1.8,1.4,2.0
5,"5,8,10,13,14","(2.000,0.500);(2.000,1.000);(1.500,1.500);(1.500,2.000);(2.000,2.000)","0.25000,0.12500,0.12500,0.12500,0.12500",205.7047018344612,1.8,1.4,2.0
5,"1,5,8,10,11","(1.500,0.000);(2.000,0.500);(2.000,1.000);(1.500,1.500);(2.000,1.500)","0.18800,0.25000,0.12500,0.12500,0.25000",205.70470183446122,1.8,0.9,2.0
5,"1,7,8,9,10","(1.500,0.000);(1.500,1.000);(2.000,1.000);(2.500,1.000);(1.500,1.500)","0.18800,0.18800,0.12500,0.12500,0.12500",205.70470183446122,1.8,0.9,2.0
5,"1,2,4,7,12","(1.500,0.000);(2.000,0.000);(1.500,0.500);(1.500,1.000);(2.500,1.500)","0.18800,0.12500,0.12500,0.18800,0.12500",205.74083510528945,1.8,0.6,2.5
5,"1,3,9,12,13","(1.500,0.000);(2.500,0.000);(2.500,1.000);(2.500,1.500);(1.500,2.000)","0.18800,0.18800,0.12500,0.12500,0.12500",205.7700393215349,2.1,0.9,4.4
5,"2,5,7,11,14","(2.000,0.000);(2.000,0.500);(1.500,1.000);(2.000,1.500);(2.000,2.000)","0.12500,0.25000,0.18800,0.25000,0.12500",205.8045676859309,1.9,1.0,2.7
5,"1,5,8,11,14","(1.500,0.000);(2.000,0.500);(2.000,1.000);(2.000,1.500);(2.000,2.000)","0.18800,0.25000,0.12500,0.25000,0.12500",205.80456768593095,1.9,1.0,2.7
5,"1,7,8,9,14","(1.500,0.000);(1.500,1.000);(2.000,1.000);(2.500,1.000);(2.000,2.000)","0.18800,0.18800,0.12500,0.12500,0.12500",205.80456768593095,1.9,1.0,2.7
5,"2,4,10,11,12","(2.000,0.000);(1.500,0.500);(1.500,1.500);(2.000,1.500);(2.500,1.500)","0.12500,0.12500,0.12500,0.25000,0.12500",205.80456768593095,1.9,1.0,2.7
5,"2,4,8,11,14","(2.000,0.000);(1.500,0.500);(2.000,1.000);(2.000,1.500);(2.000,2.000)","0.12500,0.12500,0.12500,0.25000,0.12500",205.80456768593095,1.9,1.0,2.7
5,"2,5,8,10,14","(2.000,0.000);(2.000,0.500);(2.000,1.000);(1.500,1.500);(2.000,2.000)","0.12500,0.25000,0.12500,0.12500,0.12500",205.80456768593095,1.9,1.0,2.7
5,"4,5,6,10,14","(1.500,0.500);(2.000,0.500);(2.500,0.500);(1.500,1.500);(2.000,2.000)","0.12500,0.25000,0.18800,0.12500,0.12500",205.80456768593095,1.9,1.0,2.7
5,"2,3,11,12,15","(2.000,0.000);(2.500,0.000);(2.000,1.500);(2.500,1.500);(2.500,2.000)","0.12500,0.18800,0.25000,0.12500,0.18800",205.8159762772924,2.3,1.0,3.8
5,"3,5,6,14,15","(2.500,0.000);(2.000,0.500);(2.500,0.500);(2.000,2.000);(2.500,2.000)","0.18800,0.25000,0.18800,0.12500,0.18800",205.8159762772924,2.3,1.0,3.8
5,"1,2,4,7,14","(1.500,0.000);(2.000,0.000);(1.500,0.500);(1.500,1.000);(2.000,2.000)","0.18800,0.12500,0.12500,0.18800,0.12500",206.31142201860348,1.7,0.7,3.1
5,"2,7,10,13,14","(2.000,0.000);(1.500,1.000);(1.500,1.500);(1.500,2.000);(2.000,2.000)","0.12500,0.18800,0.12500,0.12500,0.12500",206.31142201860348,1.7,1.3,3.1
5,"1,2,3,7,13","(1.500,0.000);(2.000,0.000);(2.500,0.000);(1.500,1.000);(1.500,2.000)","0.18800,0.12500,0.18800,0.18800,0.12500",206.38538596071524,1.8,0.6,3.9999999999999996
5,"1,3,6,12,14","(1.500,0.000);(2.500,0.000);(2.500,0.500);(2.500,1.500);(2.000,2.000)","0.18800,0.18800,0.18800,0.12500,0.12500",206.39975094196973,2.2,0.8,4.1
5,"2,5,9,13,15","(2.000,0.000);(2.000,0.500);(2.500,1.000);(1.500,2.000);(2.500,2.000)","0.12500,0.25000,0.12500,0.12500,0.18800",206.5199921372669,2.1,1.1,3.9
5,"2,6,8,13,15","(2.000,0.000);(2.500,0.500);(2.000,1.000);(1.500,2.000);(2.500,2.000)","0.12500,0.18800,0.12500,0.12500,0.18800",206.5199921372669,2.1,1.1,3.9
5,"3,5,8,13,15","(2.500,0.000);(2.000,0.500);(2.000,1.000);(1.500,2.000);(2.500,2.000)","0.18800,0.25000,0.12500,0.12500,0.18800",206.5199921372669,2.1,1.1,3.9
5,"3,5,9,13,14","(2.500,0.000);(2.000,0.500);(2.500,1.000);(1.500,2.000);(2.000,2.000)","0.18800,0.25000,0.12500,0.12500,0.12500",206.5199921372669,2.1,1.1,3.9
5,"2,6,9,13,14","(2.000,0.000);(2.500,0.500);(2.500,1.000);(1.500,2.000);(2.000,2.000)","0.12500,0.18800,0.12500,0.12500,0.12500",206.51999213726694,2.1,1.1,3.9
5,"3,6,10,12,13","(2.500,0.000);(2.500,0.500);(1.500,1.500);(2.500,1.500);(1.500,2.000)","0.18800,0.18800,0.12500,0.12500,0.12500",206.51999213726694,2.1,1.1,3.9
5,"3,6,8,13,14","(2.500,0.000);(2.500,0.500);(2.000,1.000);(1.500,2.000);(2.000,2.000)","0.18800,0.18800,0.12500,0.12500,0.12500",206.51999213726694,2.1,1.1,3.9
5,"1,3,4,9,14","(1.500,0.000);(2.500,0.000);(1.500,0.500);(2.500,1.000);(2.000,2.000)","0.18800,0.18800,0.12500,0.12500,0.12500",206.58450007475554,2.0,0.7,3.8000000000000003
5,"1,3,6,7,14","(1.500,0.000);(2.500,0.000);(2.500,0.500);(1.500,1.000);(2.000,2.000)","0.18800,0.18800,0.18800,0.18800,0.12500",206.58450007475554,2.0,0.7,3.8000000000000003
5,"2,7,12,13,15","(2.000,0.000);(1.500,1.000);(2.500,1.500);(1.500,2.000);(2.500,2.000)","0.12500,0.18800,0.12500,0.12500,0.18800",206.58450007475554,2.0,1.3,3.8000000000000003
5,"2,9,10,13,15","(2.000,0.000);(2.500,1.000);(1.500,1.500);(1.500,2.000);(2.500,2.000)","0.12500,0.12500,0.12500,0.12500,0.18800",206.58450007475554,2.0,1.3,3.8000000000000003
5,"2,3,8,12,15","(2.000,0.000);(2.500,0.000);(2.000,1.000);(2.500,1.500);(2.500,2.000)","0.12500,0.18800,0.12500,0.12500,0.18800",206.71346369911055,2.3,0.9,3.5
5,"2,3,9,11,15","(2.000,0.000);(2.500,0.000);(2.500,1.000);(2.000,1.500);(2.500,2.000)","0.12500,0.18800,0.12500,0.25000,0.18800",206.71346369911055,2.3,0.9,3.5
5,"3,5,9,14,15","(2.500,0.000);(2.000,0.500);(2.500,1.000);(2.000,2.000);(2.500,2.000)","0.18800,0.25000,0.12500,0.12500,0.18800",206.71346369911055,2.3,1.1,3.5
5,"3,6,8,14,15","(2.500,0.000);(2.500,0.500);(2.000,1.000);(2.000,2.000);(2.500,2.000)","0.18800,0.18800,0.12500,0.12500,0.18800",206.71346369911055,2.3,1.1,3.5
5,"3,10,11,12,15","(2.500,0.000);(1.500,1.500);(2.000,1.500);(2.500,1.500);(2.500,2.000)","0.18800,0.12500,0.25000,0.12500,0.18800",207.09540358556174,2.2,1.3,3.1
5,"3,4,5,6,15","(2.500,0.000);(1.500,0.500);(2.000,0.500);(2.500,0.500);(2.500,2.000)","0.18800,0.12500,0.25000,0.18800,0.18800",207.09540358556174,2.2,0.7,3.1
5,"2,4,9,12,14","(2.000,0.000);(1.500,0.500);(2.500,1.000);(2.500,1.500);(2.000,2.000)","0.12500,0.12500,0.12500,0.12500,0.12500",208.0063784778817,2.1,1.0,3.2
5,"2,6,7,12,14","(2.000,0.000);(2.500,0.500);(1.500,1.000);(2.500,1.500);(2.000,2.000)","0.12500,0.18800,0.18800,0.12500,0.12500",208.0063784778817,2.1,1.0,3.2
5,"2,6,9,10,14","(2.000,0.000);(2.500,0.500);(2.500,1.000);(1.500,1.500);(2.000,2.000)","0.12500,0.18800,0.12500,0.12500,0.12500",208.0063784778817,2.1,1.0,3.2
5,"2,4,8,12,15","(2.000,0.000);(1.500,0.500);(2.000,1.000);(2.500,1.500);(2.500,2.000)","0.12500,0.12500,0.12500,0.12500,0.18800",208.00637847788173,2.1,1.0,3.2
5,"2,4,9,11,15","(2.000,0.000);(1.500,0.500);(2.500,1.000);(2.000,1.500);(2.500,2.000)","0.12500,0.12500,0.12500,0.25000,0.18800",208.00637847788173,2.1,1.0,3.2
5,"2,5,7,12,15","(2.000,0.000);(2.000,0.500);(1.500,1.000);(2.500,1.500);(2.500,2.000)","0.12500,0.25000,0.18800,0.12500,0.18800",208.00637847788173,2.1,1.0,3.2
5,"2,5,9,10,15","(2.000,0.000);(2.000,0.500);(2.500,1.000);(1.500,1.500);(2.500,2.000)","0.12500,0.25000,0.12500,0.12500,0.18800",208.00637847788173,2.1,1.0,3.2
5,"2,6,7,11,15","(2.000,0.000);(2.500,0.500);(1.500,1.000);(2.000,1.500);(2.500,2.000)","0.12500,0.18800,0.18800,0.25000,0.18800",208.00637847788173,2.1,1.0,3.2
5,"2,6,8,10,15","(2.000,0.000);(2.500,0.500);(2.000,1.000);(1.500,1.500);(2.500,2.000)","0.12500,0.18800,0.12500,0.12500,0.18800",208.00637847788173,2.1,1.0,3.2
5,"3,4,8,12,14","(2.500,0.000);(1.500,0.500);(2.000,1.000);(2.500,1.500);(2.000,2.000)","0.18800,0.12500,0.12500,0.12500,0.12500",208.00637847788173,2.1,1.0,3.2
5,"3,4,9,11,14","(2.500,0.000);(1.500,0.500);(2.500,1.000);(2.000,1.500);(2.000,2.000)","0.18800,0.12500,0.12500,0.25000,0.12500",208.00637847788173,2.1,1.0,3.2
5,"3,5,7,12,14","(2.500,0.000);(2.000,0.500);(1.500,1.000);(2.500,1.500);(2.000,2.000)","0.18800,0.25000,0.18800,0.12500,0.12500",208.00637847788173,2.1,1.0,3.2
5,"3,5,9,10,14","(2.500,0.000);(2.000,0.500);(2.500,1.000);(1.500,1.500);(2.000,2.000)","0.18800,0.25000,0.12500,0.12500,0.12500",208.00637847788173,2.1,1.0,3.2
5,"3,6,7,11,14","(2.500,0.000);(2.500,0.500);(1.500,1.000);(2.000,1.500);(2.000,2.000)","0.18800,0.18800,0.18800,0.25000,0.12500",208.00637847788173,2.1,1.0,3.2
5,"3,6,8,10,14","(2.500,0.000);(2.500,0.500);(2.000,1.000);(1.500,1.500);(2.000,2.000)","0.18800,0.18800,0.12500,0.12500,0.12500",208.00637847788173,2.1,1.0,3.2
5,"1,5,9,12,14","(1.500,0.000);(2.000,0.500);(2.500,1.000);(2.500,1.500);(2.000,2.000)","0.18800,0.25000,0.12500,0.12500,0.12500",208.00637847788175,2.1,1.0,3.2
5,"1,6,8,12,14","(1.500,0.000);(2.500,0.500);(2.000,1.000);(2.500,1.500);(2.000,2.000)","0.18800,0.18800,0.12500,0.12500,0.12500",208.00637847788175,2.1,1.0,3.2
5,"1,6,9,11,14","(1.500,0.000);(2.500,0.500);(2.500,1.000);(2.000,1.500);(2.000,2.000)","0.18800,0.18800,0.12500,0.25000,0.12500",208.00637847788175,2.1,1.0,3.2
5,"2,3,11,12,13","(2.000,0.000);(2.500,0.000);(2.000,1.500);(2.500,1.500);(1.500,2.000)","0.12500,0.18800,0.25000,0.12500,0.12500",208.26013772617335,2.1,1.0,4.2
5,"2,5,6,13,15","(2.000,0.000);(2.000,0.500);(2.500,0.500);(1.500,2.000);(2.500,2.000)","0.12500,0.25000,0.18800,0.12500,0.18800",208.26013772617335,2.1,1.0,4.2
5,"3,5,6,13,14","(2.500,0.000);(2.000,0.500);(2.500,0.500);(1.500,2.000);(2.000,2.000)","0.18800,0.25000,0.18800,0.12500,0.12500",208.26013772617335,2.1,1.0,4.2
5,"5,10,11,13,14","(2.000,0.500);(1.500,1.500);(2.000,1.500);(1.500,2.000);(2.000,2.000)","0.25000,0.12500,0.25000,0.12500,0.12500",208.26013772617335,1.8,1.5,1.8
5,"4,5,7,10,12","(1.500,0.500);(2.000,0.500);(1.500,1.000);(1.500,1.500);(2.500,1.500)","0.12500,0.25000,0.18800,0.12500,0.12500",208.26013772617338,1.8,1.0,1.8
5,"4,6,7,10,11","(1.500,0.500);(2.500,0.500);(1.500,1.000);(1.500,1.500);(2.000,1.500)","0.12500,0.18800,0.18800,0.12500,0.25000",208.26013772617338,1.8,1.0,1.8
5,"7,8,10,13,15","(1.500,1.000);(2.000,1.000);(1.500,1.500);(1.500,2.000);(2.500,2.000)","0.18800,0.12500,0.12500,0.12500,0.18800",208.26013772617338,1.8,1.5,1.8
5,"7,9,10,13,14","(1.500,1.000);(2.500,1.000);(1.500,1.500);(1.500,2.000);(2.000,2.000)","0.18800,0.12500,0.12500,0.12500,0.12500",208.26013772617338,1.8,1.5,1.8
5,"1,2,4,7,9","(1.500,0.000);(2.000,0.000);(1.500,0.500);(1.500,1.000);(2.500,1.000)","0.18800,0.12500,0.12500,0.18800,0.12500",208.2601377261734,1.8,0.5,1.8
5,"2,4,8,9,15","(2.000,0.000);(1.500,0.500);(2.000,1.000);(2.500,1.000);(2.500,2.000)","0.12500,0.12500,0.12500,0.12500,0.18800",208.47839822004687,2.1,0.9,2.9000000000000004
5,"2,5,7,9,15","(2.000,0.000);(2.000,0.500);(1.500,1.000);(2.500,1.000);(2.500,2.000)","0.12500,0.25000,0.18800,0.12500,0.18800",208.47839822004687,2.1,0.9,2.9000000000000004
5,"2,6,7,8,15","(2.000,0.000);(2.500,0.500);(1.500,1.000);(2.000,1.000);(2.500,2.000)","0.12500,0.18800,0.18800,0.12500,0.18800",208.47839822004687,2.1,0.9,2.9000000000000004
5,"3,7,8,12,14","(2.500,0.000);(1.500,1.000);(2.000,1.000);(2.500,1.500);(2.000,2.000)","0.18800,0.18800,0.12500,0.12500,0.12500",208.4783982200469,2.1,1.1,2.9
5,"3,7,9,11,14","(2.500,0.000);(1.500,1.000);(2.500,1.000);(2.000,1.500);(2.000,2.000)","0.18800,0.18800,0.12500,0.25000,0.12500",208.4783982200469,2.1,1.1,2.9
5,"3,8,9,10,14","(2.500,0.000);(2.000,1.000);(2.500,1.000);(1.500,1.500);(2.000,2.000)","0.18800,0.12500,0.12500,0.12500,0.12500",208.4783982200469,2.1,1.1,2.9
5,"1,8,9,12,14","(1.500,0.000);(2.000,1.000);(2.500,1.000);(2.500,1.500);(2.000,2.000)","0.18800,0.12500,0.12500,0.12500,0.12500",208.47839822004696,2.1,1.1,2.9
5,"1,2,6,12,13","(1.500,0.000);(2.000,0.000);(2.500,0.500);(2.500,1.500);(1.500,2.000)","0.18800,0.12500,0.18800,0.12500,0.12500",208.5468187727015,2.0,0.8,4.3
5,"1,3,5,12,13","(1.500,0.000);(2.500,0.000);(2.000,0.500);(2.500,1.500);(1.500,2.000)","0.18800,0.18800,0.25000,0.12500,0.12500",208.5468187727015,2.0,0.8,4.3
5,"1,3,6,11,13","(1.500,0.000);(2.500,0.000);(2.500,0.500);(2.000,1.500);(1.500,2.000)","0.18800,0.18800,0.18800,0.25000,0.12500",208.5468187727015,2.0,0.8,4.3
5,"2,3,4,12,13","(2.000,0.000);(2.500,0.000);(1.500,0.500);(2.500,1.500);(1.500,2.000)","0.12500,0.18800,0.12500,0.12500,0.12500",208.5468187727015,2.0,0.8,4.3
5,"2,3,6,10,13","(2.000,0.000);(2.500,0.000);(2.500,0.500);(1.500,1.500);(1.500,2.000)","0.12500,0.18800,0.18800,0.12500,0.12500",208.5468187727015,2.0,0.8,4.3
5,"1,5,9,10,11","(1.500,0.000);(2.000,0.500);(2.500,1.000);(1.500,1.500);(2.000,1.500)","0.18800,0.25000,0.12500,0.12500,0.25000",209.82509071829614,1.9,0.9,2.4
5,"1,6,8,10,11","(1.500,0.000);(2.500,0.500);(2.000,1.000);(1.500,1.500);(2.000,1.500)","0.18800,0.18800,0.12500,0.12500,0.25000",209.82509071829614,1.9,0.9,2.4
5,"3,4,8,10,11","(2.500,0.000);(1.500,0.500);(2.000,1.000);(1.500,1.500);(2.000,1.500)","0.18800,0.12500,0.12500,0.12500,0.25000",209.82509071829614,1.9,0.9,2.4
5,"3,5,7,10,11","(2.500,0.000);(2.000,0.500);(1.500,1.000);(1.500,1.500);(2.000,1.500)","0.18800,0.25000,0.18800,0.12500,0.25000",209.82509071829614,1.9,0.9,2.4
5,"4,5,7,11,15","(1.500,0.500);(2.000,0.500);(1.500,1.000);(2.000,1.500);(2.500,2.000)","0.12500,0.25000,0.18800,0.25000,0.18800",209.82509071829614,1.9,1.1,2.4
5,"4,5,8,10,15","(1.500,0.500);(2.000,0.500);(2.000,1.000);(1.500,1.500);(2.500,2.000)","0.12500,0.25000,0.12500,0.12500,0.18800",209.82509071829614,1.9,1.1,2.4
5,"5,7,11,13,15","(2.000,0.500);(1.500,1.000);(2.000,1.500);(1.500,2.000);(2.500,2.000)","0.25000,0.18800,0.25000,0.12500,0.18800",209.82509071829614,1.9,1.4,2.4
5,"5,7,12,13,14","(2.000,0.500);(1.500,1.000);(2.500,1.500);(1.500,2.000);(2.000,2.000)","0.25000,0.18800,0.12500,0.12500,0.12500",209.82509071829614,1.9,1.4,2.4
5,"5,8,10,13,15","(2.000,0.500);(2.000,1.000);(1.500,1.500);(1.500,2.000);(2.500,2.000)","0.25000,0.12500,0.12500,0.12500,0.18800",209.82509071829614,1.9,1.4,2.4
5,"5,9,10,13,14","(2.000,0.500);(2.500,1.000);(1.500,1.500);(1.500,2.000);(2.000,2.000)","0.25000,0.12500,0.12500,0.12500,0.12500",209.82509071829614,1.9,1.4,2.4
5,"6,7,11,13,14","(2.500,0.500);(1.500,1.000);(2.000,1.500);(1.500,2.000);(2.000,2.000)","0.18800,0.18800,0.25000,0.12500,0.12500",209.82509071829614,1.9,1.4,2.4
5,"6,8,10,13,14","(2.500,0.500);(2.000,1.000);(1.500,1.500);(1.500,2.000);(2.000,2.000)","0.18800,0.12500,0.12500,0.12500,0.12500",209.82509071829614,1.9,1.4,2.4
5,"1,5,8,10,12","(1.500,0.000);(2.000,0.500);(2.000,1.000);(1.500,1.500);(2.500,1.500)","0.18800,0.25000,0.12500,0.12500,0.12500",209.82509071829617,1.9,0.9,2.4
5,"1,2,7,8,14","(1.500,0.000);(2.000,0.000);(1.500,1.000);(2.000,1.000);(2.000,2.000)","0.18800,0.12500,0.18800,0.12500,0.12500",209.83378731886918,1.8,0.8,3.1000000000000005
5,"1,4,6,7,14","(1.500,0.000);(1.500,0.500);(2.500,0.500);(1.500,1.000);(2.000,2.000)","0.18800,0.12500,0.18800,0.18800,0.12500",209.83378731886918,1.8,0.8,3.1
5,"2,7,10,12,13","(2.000,0.000);(1.500,1.000);(1.500,1.500);(2.500,1.500);(1.500,2.000)","0.12500,0.18800,0.12500,0.12500,0.12500",209.83378731886918,1.8,1.2,3.1
5,"2,7,8,13,14","(2.000,0.000);(1.500,1.000);(2.000,1.000);(1.500,2.000);(2.000,2.000)","0.12500,0.18800,0.12500,0.12500,0.12500",209.83378731886918,1.8,1.2,3.1000000000000005
5,"2,3,6,13,15","(2.000,0.000);(2.500,0.000);(2.500,0.500);(1.500,2.000);(2.500,2.000)","0.12500,0.18800,0.18800,0.12500,0.18800",209.87824016896502,2.2,0.9,5.0
5,"1,3,9,10,12","(1.500,0.000);(2.500,0.000);(2.500,1.000);(1.500,1.500);(2.500,1.500)","0.18800,0.18800,0.12500,0.12500,0.12500",210.3745080528879,2.1,0.8,3.5
5,"3,8,11,13,15","(2.500,0.000);(2.000,1.000);(2.000,1.500);(1.500,2.000);(2.500,2.000)","0.18800,0.12500,0.25000,0.12500,0.18800",210.3745080528879,2.1,1.3,3.5
5,"3,8,12,13,14","(2.500,0.000);(2.000,1.000);(2.500,1.500);(1.500,2.000);(2.000,2.000)","0.18800,0.12500,0.12500,0.12500,0.12500",210.3745080528879,2.1,1.3,3.5
5,"3,9,11,13,14","(2.500,0.000);(2.500,1.000);(2.000,1.500);(1.500,2.000);(2.000,2.000)","0.18800,0.12500,0.25000,0.12500,0.12500",210.3745080528879,2.1,1.3,3.5
5,"1,3,4,8,9","(1.500,0.000);(2.500,0.000);(1.500,0.500);(2.000,1.000);(2.500,1.000)","0.18800,0.18800,0.12500,0.12500,0.12500",210.37450805288793,2.0,0.5,2.0
5,"2,3,4,5,11","(2.000,0.000);(2.500,0.000);(1.500,0.500);(2.000,0.500);(2.000,1.500)","0.12500,0.18800,0.12500,0.25000,0.25000",210.37450805288793,2.0,0.5,2.0
5,"2,3,4,7,9","(2.000,0.000);(2.500,0.000);(1.500,0.500);(1.500,1.000);(2.500,1.000)","0.12500,0.18800,0.12500,0.18800,0.12500",210.37450805288793,2.0,0.5,2.0
5,"5,10,11,14,15","(2.000,0.500);(1.500,1.500);(2.000,1.500);(2.000,2.000);(2.500,2.000)","0.25000,0.12500,0.25000,0.12500,0.18800",210.37450805288793,2.0,1.5,2.0
5,"7,9,10,14,15","(1.500,1.000);(2.500,1.000);(1.500,1.500);(2.000,2.000);(2.500,2.000)","0.18800,0.12500,0.12500,0.12500,0.18800",210.37450805288793,2.0,1.5,2.0
5,"1,2,6,10,12","(1.500,0.000);(2.000,0.000);(2.500,0.500);(1.500,1.500);(2.500,1.500)","0.18800,0.12500,0.18800,0.12500,0.12500",210.77978002357497,2.0,0.7,3.3000000000000003
5,"1,3,5,10,12","(1.500,0.000);(2.500,0.000);(2.000,0.500);(1.500,1.500);(2.500,1.500)","0.18800,0.18800,0.25000,0.12500,0.12500",210.77978002357497,2.0,0.7,3.3000000000000003
5,"1,3,6,10,11","(1.500,0.000);(2.500,0.000);(2.500,0.500);(1.500,1.500);(2.000,1.500)","0.18800,0.18800,0.18800,0.12500,0.25000",210.77978002357497,2.0,0.7,3.3000000000000003
5,"1,9,11,12,13","(1.500,0.000);(2.500,1.000);(2.000,1.500);(2.500,1.500);(1.500,2.000)","0.18800,0.12500,0.25000,0.12500,0.12500",210.77978002357497,2.0,1.2,3.3000000000000003
5,"2,3,4,10,12","(2.000,0.000);(2.500,0.000);(1.500,0.500);(1.500,1.500);(2.500,1.500)","0.12500,0.18800,0.12500,0.12500,0.12500",210.77978002357497,2.0,0.7,3.3000000000000003
5,"3,7,11,12,13","(2.500,0.000);(1.500,1.000);(2.000,1.500);(2.500,1.500);(1.500,2.000)","0.18800,0.18800,0.25000,0.12500,0.12500",210.77978002357497,2.0,1.2,3.3000000000000003
5,"3,8,10,12,13","(2.500,0.000);(2.000,1.000);(1.500,1.500);(2.500,1.500);(1.500,2.000)","0.18800,0.12500,0.12500,0.12500,0.12500",210.77978002357497,2.0,1.2,3.3000000000000003
5,"3,9,10,11,13","(2.500,0.000);(2.500,1.000);(1.500,1.500);(2.000,1.500);(1.500,2.000)","0.18800,0.12500,0.12500,0.25000,0.12500",210.77978002357497,2.0,1.2,3.3000000000000003
5,"4,5,12,13,15","(1.500,0.500);(2.000,0.500);(2.500,1.500);(1.500,2.000);(2.500,2.000)","0.12500,0.25000,0.12500,0.12500,0.18800",210.77978002357497,2.0,1.3,3.3000000000000003
5,"4,5,9,13,15","(1.500,0.500);(2.000,0.500);(2.500,1.000);(1.500,2.000);(2.500,2.000)","0.12500,0.25000,0.12500,0.12500,0.18800",210.77978002357497,2.0,1.2,3.3000000000000003
5,"4,6,10,14,15","(1.500,0.500);(2.500,0.500);(1.500,1.500);(2.000,2.000);(2.500,2.000)","0.12500,0.18800,0.12500,0.12500,0.18800",210.77978002357497,2.0,1.3,3.3000000000000003
5,"4,6,11,13,15","(1.500,0.500);(2.500,0.500);(2.000,1.500);(1.500,2.000);(2.500,2.000)","0.12500,0.18800,0.25000,0.12500,0.18800",210.77978002357497,2.0,1.3,3.3000000000000003
5,"4,6,12,13,14","(1.500,0.500);(2.500,0.500);(2.500,1.500);(1.500,2.000);(2.000,2.000)","0.12500,0.18800,0.12500,0.12500,0.12500",210.77978002357497,2.0,1.3,3.3000000000000003
5,"4,6,8,13,15","(1.500,0.500);(2.500,0.500);(2.000,1.000);(1.500,2.000);(2.500,2.000)","0.12500,0.18800,0.12500,0.12500,0.18800",210.77978002357497,2.0,1.2,3.3000000000000003
5,"4,6,9,13,14","(1.500,0.500);(2.500,0.500);(2.500,1.000);(1.500,2.000);(2.000,2.000)","0.12500,0.18800,0.12500,0.12500,0.12500",210.77978002357497,2.0,1.2,3.3000000000000003
5,"5,6,7,13,15","(2.000,0.500);(2.500,0.500);(1.500,1.000);(1.500,2.000);(2.500,2.000)","0.25000,0.18800,0.18800,0.12500,0.18800",210.77978002357497,2.0,1.2,3.3000000000000003
5,"1,2,3,7,14","(1.500,0.000);(2.000,0.000);(2.500,0.000);(1.500,1.000);(2.000,2.000)","0.18800,0.12500,0.18800,0.18800,0.12500",210.78784014531132,1.9,0.6,3.8999999999999995
5,"2,7,13,14,15","(2.000,0.000);(1.500,1.000);(1.500,2.000);(2.000,2.000);(2.500,2.000)","0.12500,0.18800,0.12500,0.12500,0.18800",210.78784014531132,1.9,1.4,3.9
5,"1,3,4,7,10","(1.500,0.000);(2.500,0.000);(1.500,0.500);(1.500,1.000);(1.500,1.500)","0.18800,0.18800,0.12500,0.18800,0.12500",210.926220544084,1.7,0.6,2.5
5,"1,7,8,11,13","(1.500,0.000);(1.500,1.000);(2.000,1.000);(2.000,1.500);(1.500,2.000)","0.18800,0.18800,0.12500,0.25000,0.12500",210.926220544084,1.7,1.1,2.5
5,"4,6,7,10,13","(1.500,0.500);(2.500,0.500);(1.500,1.000);(1.500,1.500);(1.500,2.000)","0.12500,0.18800,0.18800,0.12500,0.12500",210.926220544084,1.7,1.1,2.5
5,"4,7,10,13,15","(1.500,0.500);(1.500,1.000);(1.500,1.500);(1.500,2.000);(2.500,2.000)","0.12500,0.18800,0.12500,0.12500,0.18800",210.926220544084,1.7,1.4,2.5
5,"2,3,5,11,12","(2.000,0.000);(2.500,0.000);(2.000,0.500);(2.000,1.500);(2.500,1.500)","0.12500,0.18800,0.25000,0.25000,0.12500",210.98687905020603,2.2,0.7,2.6
5,"2,3,7,9,12","(2.000,0.000);(2.500,0.000);(1.500,1.000);(2.500,1.000);(2.500,1.500)","0.12500,0.18800,0.18800,0.12500,0.12500",210.98687905020603,2.2,0.7,2.6
5,"5,6,11,14,15","(2.000,0.500);(2.500,0.500);(2.000,1.500);(2.000,2.000);(2.500,2.000)","0.25000,0.18800,0.25000,0.12500,0.18800",210.98687905020603,2.2,1.3,2.6
5,"6,7,9,14,15","(2.500,0.500);(1.500,1.000);(2.500,1.000);(2.000,2.000);(2.500,2.000)","0.18800,0.18800,0.12500,0.12500,0.18800",210.98687905020603,2.2,1.3,2.6
5,"1,4,5,11,13","(1.500,0.000);(1.500,0.500);(2.000,0.500);(2.000,1.500);(1.500,2.000)","0.18800,0.12500,0.25000,0.25000,0.12500",211.0816915403631,1.7,0.9,3.0000000000000004
5,"1,4,7,9,13","(1.500,0.000);(1.500,0.500);(1.500,1.000);(2.500,1.000);(1.500,2.000)","0.18800,0.12500,0.18800,0.12500,0.12500",211.0816915403631,1.7,0.9,3.0000000000000004
5,"2,4,5,10,13","(2.000,0.000);(1.500,0.500);(2.000,0.500);(1.500,1.500);(1.500,2.000)","0.12500,0.12500,0.25000,0.12500,0.12500",211.0816915403631,1.7,0.9,3.0000000000000004
5,"1,2,6,8,9","(1.500,0.000);(2.000,0.000);(2.500,0.500);(2.000,1.000);(2.500,1.000)","0.18800,0.12500,0.18800,0.12500,0.12500",211.2038899126034,2.1,0.5,1.7
5,"1,3,5,8,9","(1.500,0.000);(2.500,0.000);(2.000,0.500);(2.000,1.000);(2.500,1.000)","0.18800,0.18800,0.25000,0.12500,0.12500",211.2038899126034,2.1,0.5,1.7
5,"2,3,5,7,9","(2.000,0.000);(2.500,0.000);(2.000,0.500);(1.500,1.000);(2.500,1.000)","0.12500,0.18800,0.25000,0.18800,0.12500",211.2038899126034,2.1,0.5,1.7
5,"2,3,6,7,8","(2.000,0.000);(2.500,0.000);(2.500,0.500);(1.500,1.000);(2.000,1.000)","0.12500,0.18800,0.18800,0.18800,0.12500",211.2038899126034,2.1,0.5,1.7
5,"7,8,12,14,15","(1.500,1.000);(2.000,1.000);(2.500,1.500);(2.000,2.000);(2.500,2.000)","0.18800,0.12500,0.12500,0.12500,0.18800",211.2038899126034,2.1,1.5,1.7
5,"7,9,11,14,15","(1.500,1.000);(2.500,1.000);(2.000,1.500);(2.000,2.000);(2.500,2.000)","0.18800,0.12500,0.25000,0.12500,0.18800",211.2038899126034,2.1,1.5,1.7
5,"1,2,5,7,8","(1.500,0.000);(2.000,0.000);(2.000,0.500);(1.500,1.000);(2.000,1.000)","0.18800,0.12500,0.25000,0.18800,0.12500",211.41099954088213,1.8,0.5,1.3
5,"1,5,9,11,14","(1.500,0.000);(2.000,0.500);(2.500,1.000);(2.000,1.500);(2.000,2.000)","0.18800,0.25000,0.12500,0.25000,0.12500",211.5773452312011,2.0,1.0,3.0
5,"2,4,8,12,14","(2.000,0.000);(1.500,0.500);(2.000,1.000);(2.500,1.500);(2.000,2.000)","0.12500,0.12500,0.12500,0.12500,0.12500",211.5773452312011,2.0,1.0,3.0
5,"2,4,9,11,14","(2.000,0.000);(1.500,0.500);(2.500,1.000);(2.000,1.500);(2.000,2.000)","0.12500,0.12500,0.12500,0.25000,0.12500",211.5773452312011,2.0,1.0,3.0
5,"2,5,7,11,15","(2.000,0.000);(2.000,0.500);(1.500,1.000);(2.000,1.500);(2.500,2.000)","0.12500,0.25000,0.18800,0.25000,0.18800",211.5773452312011,2.0,1.0,3.0
5,"2,5,7,12,14","(2.000,0.000);(2.000,0.500);(1.500,1.000);(2.500,1.500);(2.000,2.000)","0.12500,0.25000,0.18800,0.12500,0.12500",211.5773452312011,2.0,1.0,3.0
5,"2,5,7,8,15","(2.000,0.000);(2.000,0.500);(1.500,1.000);(2.000,1.000);(2.500,2.000)","0.12500,0.25000,0.18800,0.12500,0.18800",211.5773452312011,2.0,0.9,2.7
5,"2,5,9,10,14","(2.000,0.000);(2.000,0.500);(2.500,1.000);(1.500,1.500);(2.000,2.000)","0.12500,0.25000,0.12500,0.12500,0.12500",211.5773452312011,2.0,1.0,3.0
5,"2,6,7,11,14","(2.000,0.000);(2.500,0.500);(1.500,1.000);(2.000,1.500);(2.000,2.000)","0.12500,0.18800,0.18800,0.25000,0.12500",211.5773452312011,2.0,1.0,3.0
5,"2,6,8,10,14","(2.000,0.000);(2.500,0.500);(2.000,1.000);(1.500,1.500);(2.000,2.000)","0.12500,0.18800,0.12500,0.12500,0.12500",211.5773452312011,2.0,1.0,3.0
5,"3,5,7,11,14","(2.500,0.000);(2.000,0.500);(1.500,1.000);(2.000,1.500);(2.000,2.000)","0.18800,0.25000,0.18800,0.25000,0.12500",211.5773452312011,2.0,1.0,3.0
5,"1,5,8,12,14","(1.500,0.000);(2.000,0.500);(2.000,1.000);(2.500,1.500);(2.000,2.000)","0.18800,0.25000,0.12500,0.12500,0.12500",211.57734523120112,2.0,1.0,3.0
5,"1,6,8,11,14","(1.500,0.000);(2.500,0.500);(2.000,1.000);(2.000,1.500);(2.000,2.000)","0.18800,0.18800,0.12500,0.25000,0.12500",211.57734523120112,2.0,1.0,3.0
5,"1,8,9,11,14","(1.500,0.000);(2.000,1.000);(2.500,1.000);(2.000,1.500);(2.000,2.000)","0.18800,0.12500,0.12500,0.25000,0.12500",211.57734523120112,2.0,1.1,2.7
5,"2,3,5,7,8","(2.000,0.000);(2.500,0.000);(2.000,0.500);(1.500,1.000);(2.000,1.000)","0.12500,0.18800,0.25000,0.18800,0.12500",211.57734523120112,2.0,0.5,1.5
5,"2,4,8,11,15","(2.000,0.000);(1.500,0.500);(2.000,1.000);(2.000,1.500);(2.500,2.000)","0.12500,0.12500,0.12500,0.25000,0.18800",211.57734523120112,2.0,1.0,3.0
5,"2,5,8,10,15","(2.000,0.000);(2.000,0.500);(2.000,1.000);(1.500,1.500);(2.500,2.000)","0.12500,0.25000,0.12500,0.12500,0.18800",211.57734523120112,2.0,1.0,3.0
5,"3,4,8,11,14","(2.500,0.000);(1.500,0.500);(2.000,1.000);(2.000,1.500);(2.000,2.000)","0.18800,0.12500,0.12500,0.25000,0.12500",211.57734523120112,2.0,1.0,3.0
5,"3,5,8,10,14","(2.500,0.000);(2.000,0.500);(2.000,1.000);(1.500,1.500);(2.000,2.000)","0.18800,0.25000,0.12500,0.12500,0.12500",211.57734523120112,2.0,1.0,3.0
5,"3,7,8,11,14","(2.500,0.000);(1.500,1.000);(2.000,1.000);(2.000,1.500);(2.000,2.000)","0.18800,0.18800,0.12500,0.25000,0.12500",211.57734523120112,2.0,1.1,2.7
5,"7,8,11,14,15","(1.500,1.000);(2.000,1.000);(2.000,1.500);(2.000,2.000);(2.500,2.000)","0.18800,0.12500,0.25000,0.12500,0.18800",211.57734523120112,2.0,1.5,1.5
5,"5,10,11,13,15","(2.000,0.500);(1.500,1.500);(2.000,1.500);(1.500,2.000);(2.500,2.000)","0.25000,0.12500,0.25000,0.12500,0.18800",211.6771767521488,1.9,1.5,2.2
5,"5,10,12,13,14","(2.000,0.500);(1.500,1.500);(2.500,1.500);(1.500,2.000);(2.000,2.000)","0.25000,0.12500,0.12500,0.12500,0.12500",211.6771767521488,1.9,1.5,2.2
5,"1,8,9,10,11","(1.500,0.000);(2.000,1.000);(2.500,1.000);(1.500,1.500);(2.000,1.500)","0.18800,0.12500,0.12500,0.12500,0.25000",211.67717675214885,1.9,1.0,2.2
5,"3,7,8,10,11","(2.500,0.000);(1.500,1.000);(2.000,1.000);(1.500,1.500);(2.000,1.500)","0.18800,0.18800,0.12500,0.12500,0.25000",211.67717675214885,1.9,1.0,2.2
5,"4,5,7,8,15","(1.500,0.500);(2.000,0.500);(1.500,1.000);(2.000,1.000);(2.500,2.000)","0.12500,0.25000,0.18800,0.12500,0.18800",211.67717675214885,1.9,1.0,2.2
5,"4,6,7,10,12","(1.500,0.500);(2.500,0.500);(1.500,1.000);(1.500,1.500);(2.500,1.500)","0.12500,0.18800,0.18800,0.12500,0.12500",211.67717675214885,1.9,1.0,2.2
5,"6,10,11,13,14","(2.500,0.500);(1.500,1.500);(2.000,1.500);(1.500,2.000);(2.000,2.000)","0.18800,0.12500,0.25000,0.12500,0.12500",211.67717675214885,1.9,1.5,2.2
5,"7,9,10,13,15","(1.500,1.000);(2.500,1.000);(1.500,1.500);(1.500,2.000);(2.500,2.000)","0.18800,0.12500,0.12500,0.12500,0.18800",211.67717675214885,1.9,1.5,2.2
5,"2,3,5,6,7","(2.000,0.000);(2.500,0.000);(2.000,0.500);(2.500,0.500);(1.500,1.000)","0.12500,0.18800,0.25000,0.18800,0.18800",212.0032382334675,2.1,0.4,1.4
5,"3,5,6,7,8","(2.500,0.000);(2.000,0.500);(2.500,0.500);(1.500,1.000);(2.000,1.000)","0.18800,0.25000,0.18800,0.18800,0.12500",212.0032382334675,2.1,0.6,1.4
5,"7,11,12,14,15","(1.500,1.000);(2.000,1.500);(2.500,1.500);(2.000,2.000);(2.500,2.000)","0.18800,0.25000,0.12500,0.12500,0.18800",212.00323823346753,2.1,1.6,1.4
5,"7,8,11,12,15","(1.500,1.000);(2.000,1.000);(2.000,1.500);(2.500,1.500);(2.500,2.000)","0.18800,0.12500,0.25000,0.12500,0.18800",212.00323823346753,2.1,1.4,1.4
5,"1,2,5,11,13","(1.500,0.000);(2.000,0.000);(2.000,0.500);(2.000,1.500);(1.500,2.000)","0.18800,0.12500,0.25000,0.25000,0.12500",212.00323823346756,1.8,0.8,3.6000000000000005
5,"1,2,7,9,13","(1.500,0.000);(2.000,0.000);(1.500,1.000);(2.500,1.000);(1.500,2.000)","0.18800,0.12500,0.18800,0.12500,0.12500",212.00323823346756,1.8,0.8,3.6000000000000005
5,"1,3,7,8,13","(1.500,0.000);(2.500,0.000);(1.500,1.000);(2.000,1.000);(1.500,2.000)","0.18800,0.18800,0.18800,0.12500,0.12500",212.00323823346756,1.8,0.8,3.6000000000000005
5,"2,3,9,13,15","(2.000,0.000);(2.500,0.000);(2.500,1.000);(1.500,2.000);(2.500,2.000)","0.12500,0.18800,0.12500,0.12500,0.18800",212.25924627435762,2.2,1.0,4.8
5,"3,6,8,9,11","(2.500,0.000);(2.500,0.500);(2.000,1.000);(2.500,1.000);(2.000,1.500)","0.18800,0.18800,0.12500,0.12500,0.25000",212.30423886527117,2.3,0.8,1.6
5,"5,8,9,12,15","(2.000,0.500);(2.000,1.000);(2.500,1.000);(2.500,1.500);(2.500,2.000)","0.25000,0.12500,0.12500,0.12500,0.18800",212.30423886527117,2.3,1.2,1.6
5,"6,8,9,11,15","(2.500,0.500);(2.000,1.000);(2.500,1.000);(2.000,1.500);(2.500,2.000)","0.18800,0.12500,0.12500,0.25000,0.18800",212.30423886527117,2.3,1.2,1.6
5,"1,2,5,12,13","(1.500,0.000);(2.000,0.000);(2.000,0.500);(2.500,1.500);(1.500,2.000)","0.18800,0.12500,0.25000,0.12500,0.12500",213.22197606059075,1.9,0.8,4.0
5,"1,2,6,11,13","(1.500,0.000);(2.000,0.000);(2.500,0.500);(2.000,1.500);(1.500,2.000)","0.18800,0.12500,0.18800,0.25000,0.12500",213.22197606059075,1.9,0.8,4.0
5,"1,3,5,11,13","(1.500,0.000);(2.500,0.000);(2.000,0.500);(2.000,1.500);(1.500,2.000)","0.18800,0.18800,0.25000,0.25000,0.12500",213.22197606059075,1.9,0.8,4.0
5,"1,3,7,9,13","(1.500,0.000);(2.500,0.000);(1.500,1.000);(2.500,1.000);(1.500,2.000)","0.18800,0.18800,0.18800,0.12500,0.12500",213.22197606059075,1.9,0.8,4.0
5,"2,3,4,11,13","(2.000,0.000);(2.500,0.000);(1.500,0.500);(2.000,1.500);(1.500,2.000)","0.12500,0.18800,0.12500,0.25000,0.12500",213.22197606059075,1.9,0.8,4.0
5,"2,3,5,10,13","(2.000,0.000);(2.500,0.000);(2.000,0.500);(1.500,1.500);(1.500,2.000)","0.12500,0.18800,0.25000,0.12500,0.12500",213.22197606059075,1.9,0.8,4.0
5,"3,5,9,11,12","(2.500,0.000);(2.000,0.500);(2.500,1.000);(2.000,1.500);(2.500,1.500)","0.18800,0.25000,0.12500,0.25000,0.12500",213.22197606059078,2.3,0.9,2.0
5,"3,6,8,11,12","(2.500,0.000);(2.500,0.500);(2.000,1.000);(2.000,1.500);(2.500,1.500)","0.18800,0.18800,0.12500,0.25000,0.12500",213.22197606059078,2.3,0.9,2.0
5,"1,2,4,9,12","(1.500,0.000);(2.000,0.000);(1.500,0.500);(2.500,1.000);(2.500,1.500)","0.18800,0.12500,0.12500,0.12500,0.12500",214.01523355488672,2.0,0.6,2.7
5,"1,2,6,7,12","(1.500,0.000);(2.000,0.000);(2.500,0.500);(1.500,1.000);(2.500,1.500)","0.18800,0.12500,0.18800,0.18800,0.12500",214.01523355488672,2.0,0.6,2.7
5,"1,3,4,8,12","(1.500,0.000);(2.500,0.000);(1.500,0.500);(2.000,1.000);(2.500,1.500)","0.18800,0.18800,0.12500,0.12500,0.12500",214.01523355488672,2.0,0.6,2.7
5,"1,3,5,7,12","(1.500,0.000);(2.500,0.000);(2.000,0.500);(1.500,1.000);(2.500,1.500)","0.18800,0.18800,0.25000,0.18800,0.12500",214.01523355488672,2.0,0.6,2.7
5,"2,3,4,7,12","(2.000,0.000);(2.500,0.000);(1.500,0.500);(1.500,1.000);(2.500,1.500)","0.12500,0.18800,0.12500,0.18800,0.12500",214.01523355488672,2.0,0.6,2.7
5,"1,2,5,10,11","(1.500,0.000);(2.000,0.000);(2.000,0.500);(1.500,1.500);(2.000,1.500)","0.18800,0.12500,0.25000,0.12500,0.25000",214.131026662541,1.8,0.7,2.6
5,"1,2,7,9,10","(1.500,0.000);(2.000,0.000);(1.500,1.000);(2.500,1.000);(1.500,1.500)","0.18800,0.12500,0.18800,0.12500,0.12500",214.131026662541,1.8,0.7,2.6
5,"1,3,7,8,10","(1.500,0.000);(2.500,0.000);(1.500,1.000);(2.000,1.000);(1.500,1.500)","0.18800,0.18800,0.18800,0.12500,0.12500",214.131026662541,1.8,0.7,2.6
5,"4,5,10,12,13","(1.500,0.500);(2.000,0.500);(1.500,1.500);(2.500,1.500);(1.500,2.000)","0.12500,0.25000,0.12500,0.12500,0.12500",214.131026662541,1.8,1.2,2.6
5,"4,5,11,13,14","(1.500,0.500);(2.000,0.500);(2.000,1.500);(1.500,2.000);(2.000,2.000)","0.12500,0.25000,0.25000,0.12500,0.12500",214.131026662541,1.8,1.3,2.6
5,"4,5,8,13,14","(1.500,0.500);(2.000,0.500);(2.000,1.000);(1.500,2.000);(2.000,2.000)","0.12500,0.25000,0.12500,0.12500,0.12500",214.131026662541,1.8,1.2,2.6
5,"4,6,10,11,13","(1.500,0.500);(2.500,0.500);(1.500,1.500);(2.000,1.500);(1.500,2.000)","0.12500,0.18800,0.12500,0.25000,0.12500",214.131026662541,1.8,1.2,2.6
5,"4,7,8,13,15","(1.500,0.500);(1.500,1.000);(2.000,1.000);(1.500,2.000);(2.500,2.000)","0.12500,0.18800,0.12500,0.12500,0.18800",214.131026662541,1.8,1.3,2.6
5,"4,7,9,13,14","(1.500,0.500);(1.500,1.000);(2.500,1.000);(1.500,2.000);(2.000,2.000)","0.12500,0.18800,0.12500,0.12500,0.12500",214.131026662541,1.8,1.3,2.6
5,"2,4,6,12,15","(2.000,0.000);(1.500,0.500);(2.500,0.500);(2.500,1.500);(2.500,2.000)","0.12500,0.12500,0.18800,0.12500,0.18800",214.1632363850041,2.2,0.9,3.5000000000000004
5,"3,4,5,12,15","(2.500,0.000);(1.500,0.500);(2.000,0.500);(2.500,1.500);(2.500,2.000)","0.18800,0.12500,0.25000,0.12500,0.18800",214.1632363850041,2.2,0.9,3.5000000000000004
5,"3,4,6,11,15","(2.500,0.000);(1.500,0.500);(2.500,0.500);(2.000,1.500);(2.500,2.000)","0.18800,0.12500,0.18800,0.25000,0.18800",214.1632363850041,2.2,0.9,3.5000000000000004
5,"3,5,10,12,15","(2.500,0.000);(2.000,0.500);(1.500,1.500);(2.500,1.500);(2.500,2.000)","0.18800,0.25000,0.12500,0.12500,0.18800",214.1632363850041,2.2,1.1,3.5
5,"3,6,10,11,15","(2.500,0.000);(2.500,0.500);(1.500,1.500);(2.000,1.500);(2.500,2.000)","0.18800,0.18800,0.12500,0.25000,0.18800",214.1632363850041,2.2,1.1,3.5
5,"3,6,10,12,14","(2.500,0.000);(2.500,0.500);(1.500,1.500);(2.500,1.500);(2.000,2.000)","0.18800,0.18800,0.12500,0.12500,0.12500",214.1632363850041,2.2,1.1,3.5
5,"2,3,6,10,15","(2.000,0.000);(2.500,0.000);(2.500,0.500);(1.500,1.500);(2.500,2.000)","0.12500,0.18800,0.18800,0.12500,0.18800",214.2554822352823,2.2,0.8,4.1
5,"3,4,12,14,15","(2.500,0.000);(1.500,0.500);(2.500,1.500);(2.000,2.000);(2.500,2.000)","0.18800,0.12500,0.12500,0.12500,0.18800",214.2554822352823,2.2,1.2,4.1
5,"1,4,8,11,13","(1.500,0.000);(1.500,0.500);(2.000,1.000);(2.000,1.500);(1.500,2.000)","0.18800,0.12500,0.12500,0.25000,0.12500",214.3622578377741,1.7,1.0,2.8000000000000003
5,"1,5,7,11,13","(1.500,0.000);(2.000,0.500);(1.500,1.000);(2.000,1.500);(1.500,2.000)","0.18800,0.25000,0.18800,0.25000,0.12500",214.3622578377741,1.7,1.0,2.8000000000000003
5,"1,5,8,10,13","(1.500,0.000);(2.000,0.500);(2.000,1.000);(1.500,1.500);(1.500,2.000)","0.18800,0.25000,0.12500,0.12500,0.12500",214.3622578377741,1.7,1.0,2.8000000000000003
5,"2,4,7,11,13","(2.000,0.000);(1.500,0.500);(1.500,1.000);(2.000,1.500);(1.500,2.000)","0.12500,0.12500,0.18800,0.25000,0.12500",214.3622578377741,1.7,1.0,2.8000000000000003
5,"2,4,8,10,13","(2.000,0.000);(1.500,0.500);(2.000,1.000);(1.500,1.500);(1.500,2.000)","0.12500,0.12500,0.12500,0.12500,0.12500",214.3622578377741,1.7,1.0,2.8000000000000003
5,"2,5,7,10,13","(2.000,0.000);(2.000,0.500);(1.500,1.000);(1.500,1.500);(1.500,2.000)","0.12500,0.25000,0.18800,0.12500,0.12500",214.3622578377741,1.7,1.0,2.8000000000000003
5,"1,4,8,9,12","(1.500,0.000);(1.500,0.500);(2.000,1.000);(2.500,1.000);(2.500,1.500)","0.18800,0.12500,0.12500,0.12500,0.12500",214.5753493867207,2.0,0.8,2.3000000000000003
5,"3,4,7,8,12","(2.500,0.000);(1.500,0.500);(1.500,1.000);(2.000,1.000);(2.500,1.500)","0.18800,0.12500,0.18800,0.12500,0.12500",214.5753493867207,2.0,0.8,2.3000000000000003
5,"3,4,7,9,11","(2.500,0.000);(1.500,0.500);(1.500,1.000);(2.500,1.000);(2.000,1.500)","0.18800,0.12500,0.18800,0.12500,0.25000",214.5753493867207,2.0,0.8,2.3
5,"5,7,9,10,15","(2.000,0.500);(1.500,1.000);(2.500,1.000);(1.500,1.500);(2.500,2.000)","0.25000,0.18800,0.12500,0.12500,0.18800",214.5753493867207,2.0,1.2,2.3
5,"6,7,8,10,15","(2.500,0.500);(1.500,1.000);(2.000,1.000);(1.500,1.500);(2.500,2.000)","0.18800,0.18800,0.12500,0.12500,0.18800",214.5753493867207,2.0,1.2,2.3000000000000003
5,"1,2,8,9,12","(1.500,0.000);(2.000,0.000);(2.000,1.000);(2.500,1.000);(2.500,1.500)","0.18800,0.12500,0.12500,0.12500,0.12500",214.78565194739517,2.1,0.7,2.5
5,"2,3,7,8,12","(2.000,0.000);(2.500,0.000);(1.500,1.000);(2.000,1.000);(2.500,1.500)","0.12500,0.18800,0.18800,0.12500,0.12500",214.78565194739517,2.1,0.7,2.5
5,"5,6,7,11,12","(2.000,0.500);(2.500,0.500);(1.500,1.000);(2.000,1.500);(2.500,1.500)","0.25000,0.18800,0.18800,0.25000,0.12500",215.2640158196875,2.1,1.0,1.7
5,"1,2,9,12,13","(1.500,0.000);(2.000,0.000);(2.500,1.000);(2.500,1.500);(1.500,2.000)","0.18800,0.12500,0.12500,0.12500,0.12500",215.6535692906194,2.0,0.9,4.2
5,"1,3,8,12,13","(1.500,0.000);(2.500,0.000);(2.000,1.000);(2.500,1.500);(1.500,2.000)","0.18800,0.18800,0.12500,0.12500,0.12500",215.6535692906194,2.0,0.9,4.2
5,"1,3,9,11,13","(1.500,0.000);(2.500,0.000);(2.500,1.000);(2.000,1.500);(1.500,2.000)","0.18800,0.18800,0.12500,0.25000,0.12500",215.6535692906194,2.0,0.9,4.2
5,"2,3,7,12,13","(2.000,0.000);(2.500,0.000);(1.500,1.000);(2.500,1.500);(1.500,2.000)","0.12500,0.18800,0.18800,0.12500,0.12500",215.6535692906194,2.0,0.9,4.2
5,"2,3,9,10,13","(2.000,0.000);(2.500,0.000);(2.500,1.000);(1.500,1.500);(1.500,2.000)","0.12500,0.18800,0.12500,0.12500,0.12500",215.6535692906194,2.0,0.9,4.2
5,"1,2,4,7,8","(1.500,0.000);(2.000,0.000);(1.500,0.500);(1.500,1.000);(2.000,1.000)","0.18800,0.12500,0.12500,0.18800,0.12500",216.0725898196835,1.7,0.5,1.3
5,"1,3,4,7,13","(1.500,0.000);(2.500,0.000);(1.500,0.500);(1.500,1.000);(1.500,2.000)","0.18800,0.18800,0.12500,0.18800,0.12500",216.29154126647205,1.7,0.7,3.6
5,"2,3,10,11,12","(2.000,0.000);(2.500,0.000);(1.500,1.500);(2.000,1.500);(2.500,1.500)","0.12500,0.18800,0.12500,0.25000,0.12500",216.44346557336777,2.1,0.9,3.4
5,"2,5,6,10,15","(2.000,0.000);(2.000,0.500);(2.500,0.500);(1.500,1.500);(2.500,2.000)","0.12500,0.25000,0.18800,0.12500,0.18800",216.44346557336777,2.1,0.9,3.4000000000000004
5,"3,11,12,13,14","(2.500,0.000);(2.000,1.500);(2.500,1.500);(1.500,2.000);(2.000,2.000)","0.18800,0.25000,0.12500,0.12500,0.12500",216.44346557336777,2.1,1.4,3.4
5,"3,4,11,12,14","(2.500,0.000);(1.500,0.500);(2.000,1.500);(2.500,1.500);(2.000,2.000)","0.18800,0.12500,0.25000,0.12500,0.12500",216.44346557336777,2.1,1.1,3.4
5,"4,5,6,14,15","(1.500,0.500);(2.000,0.500);(2.500,0.500);(2.000,2.000);(2.500,2.000)","0.12500,0.25000,0.18800,0.12500,0.18800",216.44346557336777,2.1,1.1,3.4
5,"5,6,13,14,15","(2.000,0.500);(2.500,0.500);(1.500,2.000);(2.000,2.000);(2.500,2.000)","0.25000,0.18800,0.12500,0.12500,0.18800",216.44346557336777,2.1,1.4,3.4
5,"1,2,5,10,12","(1.500,0.000);(2.000,0.000);(2.000,0.500);(1.500,1.500);(2.500,1.500)","0.18800,0.12500,0.25000,0.12500,0.12500",216.60363611737804,1.9,0.7,3.0
5,"4,5,8,13,15","(1.500,0.500);(2.000,0.500);(2.000,1.000);(1.500,2.000);(2.500,2.000)","0.12500,0.25000,0.12500,0.12500,0.18800",216.60363611737804,1.9,1.2,3.0
5,"4,6,11,13,14","(1.500,0.500);(2.500,0.500);(2.000,1.500);(1.500,2.000);(2.000,2.000)","0.12500,0.18800,0.25000,0.12500,0.12500",216.60363611737804,1.9,1.3,3.0
5,"1,2,6,10,11","(1.500,0.000);(2.000,0.000);(2.500,0.500);(1.500,1.500);(2.000,1.500)","0.18800,0.12500,0.18800,0.12500,0.25000",216.60363611737807,1.9,0.7,3.0
5,"1,3,5,10,11","(1.500,0.000);(2.500,0.000);(2.000,0.500);(1.500,1.500);(2.000,1.500)","0.18800,0.18800,0.25000,0.12500,0.25000",216.60363611737807,1.9,0.7,3.0
5,"1,3,7,9,10","(1.500,0.000);(2.500,0.000);(1.500,1.000);(2.500,1.000);(1.500,1.500)","0.18800,0.18800,0.18800,0.12500,0.12500",216.60363611737807,1.9,0.7,3.0
5,"1,8,11,12,13","(1.500,0.000);(2.000,1.000);(2.000,1.500);(2.500,1.500);(1.500,2.000)","0.18800,0.12500,0.25000,0.12500,0.12500",216.60363611737807,1.9,1.2,3.0
5,"2,3,4,10,11","(2.000,0.000);(2.500,0.000);(1.500,0.500);(1.500,1.500);(2.000,1.500)","0.12500,0.18800,0.12500,0.12500,0.25000",216.60363611737807,1.9,0.7,3.0
5,"3,8,10,11,13","(2.500,0.000);(2.000,1.000);(1.500,1.500);(2.000,1.500);(1.500,2.000)","0.18800,0.12500,0.12500,0.25000,0.12500",216.60363611737807,1.9,1.2,3.0
5,"4,5,10,14,15","(1.500,0.500);(2.000,0.500);(1.500,1.500);(2.000,2.000);(2.500,2.000)","0.12500,0.25000,0.12500,0.12500,0.18800",216.60363611737807,1.9,1.3,3.0
5,"4,5,11,13,15","(1.500,0.500);(2.000,0.500);(2.000,1.500);(1.500,2.000);(2.500,2.000)","0.12500,0.25000,0.25000,0.12500,0.18800",216.60363611737807,1.9,1.3,3.0
5,"4,5,12,13,14","(1.500,0.500);(2.000,0.500);(2.500,1.500);(1.500,2.000);(2.000,2.000)","0.12500,0.25000,0.12500,0.12500,0.12500",216.60363611737807,1.9,1.3,3.0
5,"4,5,9,13,14","(1.500,0.500);(2.000,0.500);(2.500,1.000);(1.500,2.000);(2.000,2.000)","0.12500,0.25000,0.12500,0.12500,0.12500",216.60363611737807,1.9,1.2,3.0
5,"4,6,10,12,13","(1.500,0.500);(2.500,0.500);(1.500,1.500);(2.500,1.500);(1.500,2.000)","0.12500,0.18800,0.12500,0.12500,0.12500",216.60363611737807,1.9,1.2,3.0
5,"4,6,8,13,14","(1.500,0.500);(2.500,0.500);(2.000,1.000);(1.500,2.000);(2.000,2.000)","0.12500,0.18800,0.12500,0.12500,0.12500",216.60363611737807,1.9,1.2,3.0
5,"4,7,9,13,15","(1.500,0.500);(1.500,1.000);(2.500,1.000);(1.500,2.000);(2.500,2.000)","0.12500,0.18800,0.12500,0.12500,0.18800",216.60363611737807,1.9,1.3,3.0
5,"5,6,7,13,14","(2.000,0.500);(2.500,0.500);(1.500,1.000);(1.500,2.000);(2.000,2.000)","0.25000,0.18800,0.18800,0.12500,0.12500",216.60363611737807,1.9,1.2,3.0
5,"1,2,3,7,12","(1.500,0.000);(2.000,0.000);(2.500,0.000);(1.500,1.000);(2.500,1.500)","0.18800,0.12500,0.18800,0.18800,0.12500",216.6036361173781,2.0,0.5,3.0
5,"1,3,9,12,14","(1.500,0.000);(2.500,0.000);(2.500,1.000);(2.500,1.500);(2.000,2.000)","0.18800,0.18800,0.12500,0.12500,0.12500",216.62641954110043,2.2,0.9,4.0
5,"1,3,8,9,12","(1.500,0.000);(2.500,0.000);(2.000,1.000);(2.500,1.000);(2.500,1.500)","0.18800,0.18800,0.12500,0.12500,0.12500",216.86135529894065,2.2,0.7,2.6
5,"1,2,6,12,14","(1.500,0.000);(2.000,0.000);(2.500,0.500);(2.500,1.500);(2.000,2.000)","0.18800,0.12500,0.18800,0.12500,0.12500",216.9714890424446,2.1,0.8,4.0
5,"1,3,5,12,14","(1.500,0.000);(2.500,0.000);(2.000,0.500);(2.500,1.500);(2.000,2.000)","0.18800,0.18800,0.25000,0.12500,0.12500",216.9714890424446,2.1,0.8,4.0
5,"1,3,6,11,14","(1.500,0.000);(2.500,0.000);(2.500,0.500);(2.000,1.500);(2.000,2.000)","0.18800,0.18800,0.18800,0.25000,0.12500",216.9714890424446,2.1,0.8,4.0
5,"2,5,12,13,15","(2.000,0.000);(2.000,0.500);(2.500,1.500);(1.500,2.000);(2.500,2.000)","0.12500,0.25000,0.12500,0.12500,0.18800",216.9714890424446,2.1,1.2,4.0
5,"2,6,11,13,15","(2.000,0.000);(2.500,0.500);(2.000,1.500);(1.500,2.000);(2.500,2.000)","0.12500,0.18800,0.25000,0.12500,0.18800",216.9714890424446,2.1,1.2,4.0
5,"2,6,12,13,14","(2.000,0.000);(2.500,0.500);(2.500,1.500);(1.500,2.000);(2.000,2.000)","0.12500,0.18800,0.12500,0.12500,0.12500",216.9714890424446,2.1,1.2,4.0
5,"2,3,4,12,14","(2.000,0.000);(2.500,0.000);(1.500,0.500);(2.500,1.500);(2.000,2.000)","0.12500,0.18800,0.12500,0.12500,0.12500",216.97148904244466,2.1,0.8,4.0
5,"2,3,6,10,14","(2.000,0.000);(2.500,0.000);(2.500,0.500);(1.500,1.500);(2.000,2.000)","0.12500,0.18800,0.18800,0.12500,0.12500",216.97148904244466,2.1,0.8,4.0
5,"2,4,12,14,15","(2.000,0.000);(1.500,0.500);(2.500,1.500);(2.000,2.000);(2.500,2.000)","0.12500,0.12500,0.12500,0.12500,0.18800",216.97148904244466,2.1,1.2,4.0
5,"2,6,10,14,15","(2.000,0.000);(2.500,0.500);(1.500,1.500);(2.000,2.000);(2.500,2.000)","0.12500,0.18800,0.12500,0.12500,0.18800",216.97148904244466,2.1,1.2,4.0
5,"3,4,8,11,15","(2.500,0.000);(1.500,0.500);(2.000,1.000);(2.000,1.500);(2.500,2.000)","0.18800,0.12500,0.12500,0.25000,0.18800",217.07781930415734,2.1,1.0,3.2
5,"3,5,8,10,15","(2.500,0.000);(2.000,0.500);(2.000,1.000);(1.500,1.500);(2.500,2.000)","0.18800,0.25000,0.12500,0.12500,0.18800",217.07781930415734,2.1,1.0,3.2
5,"1,2,3,12,13","(1.500,0.000);(2.000,0.000);(2.500,0.000);(2.500,1.500);(1.500,2.000)","0.18800,0.12500,0.18800,0.12500,0.12500",217.0934316537296,2.0,0.7,4.8
5,"1,4,7,8,9","(1.500,0.000);(1.500,0.500);(1.500,1.000);(2.000,1.000);(2.500,1.000)","0.18800,0.12500,0.18800,0.12500,0.12500",217.3477980409436,1.8,0.7,1.6
5,"5,6,8,9,11","(2.000,0.500);(2.500,0.500);(2.000,1.000);(2.500,1.000);(2.000,1.500)","0.25000,0.18800,0.12500,0.12500,0.25000",217.5997612041857,2.2,0.9,1.0
5,"1,5,7,8,9","(1.500,0.000);(2.000,0.500);(1.500,1.000);(2.000,1.000);(2.500,1.000)","0.18800,0.25000,0.18800,0.12500,0.12500",217.59976120418577,1.9,0.7,1.5
5,"1,2,3,10,12","(1.500,0.000);(2.000,0.000);(2.500,0.000);(1.500,1.500);(2.500,1.500)","0.18800,0.12500,0.18800,0.12500,0.12500",217.64176616629373,2.0,0.6,3.7
5,"1,6,11,12,13","(1.500,0.000);(2.500,0.500);(2.000,1.500);(2.500,1.500);(1.500,2.000)","0.18800,0.18800,0.25000,0.12500,0.12500",217.64176616629373,2.0,1.1,3.7
5,"2,5,8,13,15","(2.000,0.000);(2.000,0.500);(2.000,1.000);(1.500,2.000);(2.500,2.000)","0.12500,0.25000,0.12500,0.12500,0.18800",217.64176616629373,2.0,1.1,3.7
5,"2,5,9,13,14","(2.000,0.000);(2.000,0.500);(2.500,1.000);(1.500,2.000);(2.000,2.000)","0.12500,0.25000,0.12500,0.12500,0.12500",217.64176616629373,2.0,1.1,3.7
5,"2,6,10,12,13","(2.000,0.000);(2.500,0.500);(1.500,1.500);(2.500,1.500);(1.500,2.000)","0.12500,0.18800,0.12500,0.12500,0.12500",217.64176616629373,2.0,1.1,3.7
5,"2,6,8,13,14","(2.000,0.000);(2.500,0.500);(2.000,1.000);(1.500,2.000);(2.000,2.000)","0.12500,0.18800,0.12500,0.12500,0.12500",217.64176616629373,2.0,1.1,3.7
5,"3,4,11,12,13","(2.500,0.000);(1.500,0.500);(2.000,1.500);(2.500,1.500);(1.500,2.000)","0.18800,0.12500,0.25000,0.12500,0.12500",217.64176616629373,2.0,1.1,3.7
5,"3,5,10,12,13","(2.500,0.000);(2.000,0.500);(1.500,1.500);(2.500,1.500);(1.500,2.000)","0.18800,0.25000,0.12500,0.12500,0.12500",217.64176616629373,2.0,1.1,3.7
5,"3,5,8,13,14","(2.500,0.000);(2.000,0.500);(2.000,1.000);(1.500,2.000);(2.000,2.000)","0.18800,0.25000,0.12500,0.12500,0.12500",217.64176616629373,2.0,1.1,3.7
5,"3,6,10,11,13","(2.500,0.000);(2.500,0.500);(1.500,1.500);(2.000,1.500);(1.500,2.000)","0.18800,0.18800,0.12500,0.25000,0.12500",217.64176616629373,2.0,1.1,3.7
5,"4,5,6,13,15","(1.500,0.500);(2.000,0.500);(2.500,0.500);(1.500,2.000);(2.500,2.000)","0.12500,0.25000,0.18800,0.12500,0.18800",217.64176616629373,2.0,1.1,3.7
5,"4,6,13,14,15","(1.500,0.500);(2.500,0.500);(1.500,2.000);(2.000,2.000);(2.500,2.000)","0.12500,0.18800,0.12500,0.12500,0.18800",217.64176616629373,2.0,1.4,3.7
5,"6,7,10,11,14","(2.500,0.500);(1.500,1.000);(1.500,1.500);(2.000,1.500);(2.000,2.000)","0.18800,0.18800,0.12500,0.25000,0.12500",218.7369977936471,1.9,1.3,2.0
5,"2,4,6,7,11","(2.000,0.000);(1.500,0.500);(2.500,0.500);(1.500,1.000);(2.000,1.500)","0.12500,0.12500,0.18800,0.18800,0.25000",218.73699779364713,1.9,0.7,2.0
5,"5,7,10,12,14","(2.000,0.500);(1.500,1.000);(1.500,1.500);(2.500,1.500);(2.000,2.000)","0.25000,0.18800,0.12500,0.12500,0.12500",218.73699779364713,1.9,1.3,2.0
5,"2,5,6,13,14","(2.000,0.000);(2.000,0.500);(2.500,0.500);(1.500,2.000);(2.000,2.000)","0.12500,0.25000,0.18800,0.12500,0.12500",218.91819649747453,2.0,1.0,4.0
5,"3,5,8,11,12","(2.500,0.000);(2.000,0.500);(2.000,1.000);(2.000,1.500);(2.500,1.500)","0.18800,0.25000,0.12500,0.25000,0.12500",218.91819649747453,2.2,0.9,2.0
5,"3,7,8,9,12","(2.500,0.000);(1.500,1.000);(2.000,1.000);(2.500,1.000);(2.500,1.500)","0.18800,0.18800,0.12500,0.12500,0.12500",218.91819649747453,2.2,0.9,2.0
5,"1,4,5,10,11","(1.500,0.000);(1.500,0.500);(2.000,0.500);(1.500,1.500);(2.000,1.500)","0.18800,0.12500,0.25000,0.12500,0.25000",219.01837062613598,1.7,0.8,2.1
5,"1,4,7,9,10","(1.500,0.000);(1.500,0.500);(1.500,1.000);(2.500,1.000);(1.500,1.500)","0.18800,0.12500,0.18800,0.12500,0.12500",219.01837062613598,1.7,0.8,2.1
5,"2,3,9,10,15","(2.000,0.000);(2.500,0.000);(2.500,1.000);(1.500,1.500);(2.500,2.000)","0.12500,0.18800,0.12500,0.12500,0.18800",219.25156696282687,2.2,0.9,4.0
5,"3,4,9,14,15","(2.500,0.000);(1.500,0.500);(2.500,1.000);(2.000,2.000);(2.500,2.000)","0.18800,0.12500,0.12500,0.12500,0.18800",219.25156696282687,2.2,1.1,4.0
5,"3,9,13,14,15","(2.500,0.000);(2.500,1.000);(1.500,2.000);(2.000,2.000);(2.500,2.000)","0.18800,0.12500,0.12500,0.12500,0.18800",219.25156696282687,2.2,1.4,4.0
5,"1,2,3,5,6","(1.500,0.000);(2.000,0.000);(2.500,0.000);(2.000,0.500);(2.500,0.500)","0.18800,0.12500,0.18800,0.25000,0.18800",219.26480329941776,2.1,0.2,1.0
5,"3,12,13,14,15","(2.500,0.000);(2.500,1.500);(1.500,2.000);(2.000,2.000);(2.500,2.000)","0.18800,0.12500,0.12500,0.12500,0.18800",219.49168459894307,2.2,1.5,3.8
5,"2,3,5,9,15","(2.000,0.000);(2.500,0.000);(2.000,0.500);(2.500,1.000);(2.500,2.000)","0.12500,0.18800,0.25000,0.12500,0.18800",219.94035366652204,2.3,0.7,3.1
5,"2,3,6,8,15","(2.000,0.000);(2.500,0.000);(2.500,0.500);(2.000,1.000);(2.500,2.000)","0.12500,0.18800,0.18800,0.12500,0.18800",219.94035366652204,2.3,0.7,3.1
5,"3,8,12,14,15","(2.500,0.000);(2.000,1.000);(2.500,1.500);(2.000,2.000);(2.500,2.000)","0.18800,0.12500,0.12500,0.12500,0.18800",219.94035366652204,2.3,1.3,3.1
5,"3,9,11,14,15","(2.500,0.000);(2.500,1.000);(2.000,1.500);(2.000,2.000);(2.500,2.000)","0.18800,0.12500,0.25000,0.12500,0.18800",219.94035366652204,2.3,1.3,3.1
5,"1,2,5,11,14","(1.500,0.000);(2.000,0.000);(2.000,0.500);(2.000,1.500);(2.000,2.000)","0.18800,0.12500,0.25000,0.25000,0.12500",220.6086517590277,1.9,0.8,3.5
5,"1,2,7,9,14","(1.500,0.000);(2.000,0.000);(1.500,1.000);(2.500,1.000);(2.000,2.000)","0.18800,0.12500,0.18800,0.12500,0.12500",220.6086517590277,1.9,0.8,3.5
5,"1,3,7,8,14","(1.500,0.000);(2.500,0.000);(1.500,1.000);(2.000,1.000);(2.000,2.000)","0.18800,0.18800,0.18800,0.12500,0.12500",220.6086517590277,1.9,0.8,3.5
5,"2,5,11,13,14","(2.000,0.000);(2.000,0.500);(2.000,1.500);(1.500,2.000);(2.000,2.000)","0.12500,0.25000,0.25000,0.12500,0.12500",220.6086517590277,1.9,1.2,3.5
5,"2,7,8,13,15","(2.000,0.000);(1.500,1.000);(2.000,1.000);(1.500,2.000);(2.500,2.000)","0.12500,0.18800,0.12500,0.12500,0.18800",220.6086517590277,1.9,1.2,3.5
5,"2,7,9,13,14","(2.000,0.000);(1.500,1.000);(2.500,1.000);(1.500,2.000);(2.000,2.000)","0.12500,0.18800,0.12500,0.12500,0.12500",220.6086517590277,1.9,1.2,3.5
5,"1,2,8,11,13","(1.500,0.000);(2.000,0.000);(2.000,1.000);(2.000,1.500);(1.500,2.000)","0.18800,0.12500,0.12500,0.25000,0.12500",220.61875635776238,1.8,0.9,3.5000000000000004
5,"1,4,5,12,13","(1.500,0.000);(1.500,0.500);(2.000,0.500);(2.500,1.500);(1.500,2.000)","0.18800,0.12500,0.25000,0.12500,0.12500",220.61875635776238,1.8,0.9,3.5000000000000004
5,"1,4,6,11,13","(1.500,0.000);(1.500,0.500);(2.500,0.500);(2.000,1.500);(1.500,2.000)","0.18800,0.12500,0.18800,0.25000,0.12500",220.61875635776238,1.8,0.9,3.5000000000000004
5,"1,5,6,10,13","(1.500,0.000);(2.000,0.500);(2.500,0.500);(1.500,1.500);(1.500,2.000)","0.18800,0.25000,0.18800,0.12500,0.12500",220.61875635776238,1.8,0.9,3.5000000000000004
5,"2,4,6,10,13","(2.000,0.000);(1.500,0.500);(2.500,0.500);(1.500,1.500);(1.500,2.000)","0.12500,0.12500,0.18800,0.12500,0.12500",220.61875635776238,1.8,0.9,3.5000000000000004
5,"3,4,5,10,13","(2.500,0.000);(1.500,0.500);(2.000,0.500);(1.500,1.500);(1.500,2.000)","0.18800,0.12500,0.25000,0.12500,0.12500",220.61875635776238,1.8,0.9,3.5000000000000004
5,"1,2,9,11,13","(1.500,0.000);(2.000,0.000);(2.500,1.000);(2.000,1.500);(1.500,2.000)","0.18800,0.12500,0.12500,0.25000,0.12500",221.22564893091632,1.9,0.9,3.9000000000000004
5,"1,3,8,11,13","(1.500,0.000);(2.500,0.000);(2.000,1.000);(2.000,1.500);(1.500,2.000)","0.18800,0.18800,0.12500,0.25000,0.12500",221.22564893091632,1.9,0.9,3.9000000000000004
5,"2,3,7,11,13","(2.000,0.000);(2.500,0.000);(1.500,1.000);(2.000,1.500);(1.500,2.000)","0.12500,0.18800,0.18800,0.25000,0.12500",221.22564893091632,1.9,0.9,3.9000000000000004
5,"2,3,8,10,13","(2.000,0.000);(2.500,0.000);(2.000,1.000);(1.500,1.500);(1.500,2.000)","0.12500,0.18800,0.12500,0.12500,0.12500",221.22564893091632,1.9,0.9,3.9000000000000004
5,"3,4,6,10,13","(2.500,0.000);(1.500,0.500);(2.500,0.500);(1.500,1.500);(1.500,2.000)","0.18800,0.12500,0.18800,0.12500,0.12500",221.22564893091632,1.9,0.9,3.9000000000000004
5,"1,2,8,12,13","(1.500,0.000);(2.000,0.000);(2.000,1.000);(2.500,1.500);(1.500,2.000)","0.18800,0.12500,0.12500,0.12500,0.12500",221.22564893091638,1.9,0.9,3.9000000000000004
5,"1,4,6,12,13","(1.500,0.000);(1.500,0.500);(2.500,0.500);(2.500,1.500);(1.500,2.000)","0.18800,0.12500,0.18800,0.12500,0.12500",221.22564893091638,1.9,0.9,3.9000000000000004
5,"1,4,5,11,14","(1.500,0.000);(1.500,0.500);(2.000,0.500);(2.000,1.500);(2.000,2.000)","0.18800,0.12500,0.25000,0.25000,0.12500",221.50320714541965,1.8,0.9,3.0000000000000004
5,"1,4,7,9,14","(1.500,0.000);(1.500,0.500);(1.500,1.000);(2.500,1.000);(2.000,2.000)","0.18800,0.12500,0.18800,0.12500,0.12500",221.50320714541965,1.8,0.9,3.0000000000000004
5,"2,4,10,11,14","(2.000,0.000);(1.500,0.500);(1.500,1.500);(2.000,1.500);(2.000,2.000)","0.12500,0.12500,0.12500,0.25000,0.12500",221.50320714541965,1.8,1.1,3.0
5,"2,4,5,10,14","(2.000,0.000);(1.500,0.500);(2.000,0.500);(1.500,1.500);(2.000,2.000)","0.12500,0.12500,0.25000,0.12500,0.12500",221.50320714541965,1.8,0.9,3.0000000000000004
5,"2,5,10,11,13","(2.000,0.000);(2.000,0.500);(1.500,1.500);(2.000,1.500);(1.500,2.000)","0.12500,0.25000,0.12500,0.25000,0.12500",221.50320714541965,1.8,1.1,3.0
5,"2,7,9,10,13","(2.000,0.000);(1.500,1.000);(2.500,1.000);(1.500,1.500);(1.500,2.000)","0.12500,0.18800,0.12500,0.12500,0.12500",221.50320714541965,1.8,1.1,3.0
5,"3,5,11,13,15","(2.500,0.000);(2.000,0.500);(2.000,1.500);(1.500,2.000);(2.500,2.000)","0.18800,0.25000,0.25000,0.12500,0.18800",221.59723044239354,2.1,1.2,4.0
5,"3,5,12,13,14","(2.500,0.000);(2.000,0.500);(2.500,1.500);(1.500,2.000);(2.000,2.000)","0.18800,0.25000,0.12500,0.12500,0.12500",221.59723044239354,2.1,1.2,4.0
5,"3,6,11,13,14","(2.500,0.000);(2.500,0.500);(2.000,1.500);(1.500,2.000);(2.000,2.000)","0.18800,0.18800,0.25000,0.12500,0.12500",221.59723044239354,2.1,1.2,4.0
5,"3,7,9,13,15","(2.500,0.000);(1.500,1.000);(2.500,1.000);(1.500,2.000);(2.500,2.000)","0.18800,0.18800,0.12500,0.12500,0.18800",221.59723044239354,2.1,1.2,4.0
5,"2,3,12,14,15","(2.000,0.000);(2.500,0.000);(2.500,1.500);(2.000,2.000);(2.500,2.000)","0.12500,0.18800,0.12500,0.12500,0.18800",221.76972386741946,2.3,1.1,4.5
5,"2,3,6,14,15","(2.000,0.000);(2.500,0.000);(2.500,0.500);(2.000,2.000);(2.500,2.000)","0.12500,0.18800,0.18800,0.12500,0.18800",221.7697238674195,2.3,0.9,4.5
5,"1,2,5,12,14","(1.500,0.000);(2.000,0.000);(2.000,0.500);(2.500,1.500);(2.000,2.000)","0.18800,0.12500,0.25000,0.12500,0.12500",222.286116011164,2.0,0.8,3.8000000000000003
5,"1,2,6,11,14","(1.500,0.000);(2.000,0.000);(2.500,0.500);(2.000,1.500);(2.000,2.000)","0.18800,0.12500,0.18800,0.25000,0.12500",222.286116011164,2.0,0.8,3.8000000000000003
5,"1,3,5,11,14","(1.500,0.000);(2.500,0.000);(2.000,0.500);(2.000,1.500);(2.000,2.000)","0.18800,0.18800,0.25000,0.25000,0.12500",222.286116011164,2.0,0.8,3.8000000000000003
5,"1,3,7,9,14","(1.500,0.000);(2.500,0.000);(1.500,1.000);(2.500,1.000);(2.000,2.000)","0.18800,0.18800,0.18800,0.12500,0.12500",222.286116011164,2.0,0.8,3.8000000000000003
5,"2,3,4,11,14","(2.000,0.000);(2.500,0.000);(1.500,0.500);(2.000,1.500);(2.000,2.000)","0.12500,0.18800,0.12500,0.25000,0.12500",222.286116011164,2.0,0.8,3.8000000000000003
5,"2,3,5,10,14","(2.000,0.000);(2.500,0.000);(2.000,0.500);(1.500,1.500);(2.000,2.000)","0.12500,0.18800,0.25000,0.12500,0.12500",222.286116011164,2.0,0.8,3.8000000000000003
5,"2,4,11,14,15","(2.000,0.000);(1.500,0.500);(2.000,1.500);(2.000,2.000);(2.500,2.000)","0.12500,0.12500,0.25000,0.12500,0.18800",222.286116011164,2.0,1.2,3.8000000000000003
5,"2,5,10,14,15","(2.000,0.000);(2.000,0.500);(1.500,1.500);(2.000,2.000);(2.500,2.000)","0.12500,0.25000,0.12500,0.12500,0.18800",222.286116011164,2.0,1.2,3.8000000000000003
5,"2,5,11,13,15","(2.000,0.000);(2.000,0.500);(2.000,1.500);(1.500,2.000);(2.500,2.000)","0.12500,0.25000,0.25000,0.12500,0.18800",222.286116011164,2.0,1.2,3.8000000000000003
5,"2,5,12,13,14","(2.000,0.000);(2.000,0.500);(2.500,1.500);(1.500,2.000);(2.000,2.000)","0.12500,0.25000,0.12500,0.12500,0.12500",222.286116011164,2.0,1.2,3.8000000000000003
5,"2,6,11,13,14","(2.000,0.000);(2.500,0.500);(2.000,1.500);(1.500,2.000);(2.000,2.000)","0.12500,0.18800,0.25000,0.12500,0.12500",222.286116011164,2.0,1.2,3.8000000000000003
5,"2,7,9,13,15","(2.000,0.000);(1.500,1.000);(2.500,1.000);(1.500,2.000);(2.500,2.000)","0.12500,0.18800,0.12500,0.12500,0.18800",222.286116011164,2.0,1.2,3.8000000000000003
5,"1,2,3,11,13","(1.500,0.000);(2.000,0.000);(2.500,0.000);(2.000,1.500);(1.500,2.000)","0.18800,0.12500,0.18800,0.25000,0.12500",222.67558591281895,1.9,0.7,4.5
5,"2,3,4,8,11","(2.000,0.000);(2.500,0.000);(1.500,0.500);(2.000,1.000);(2.000,1.500)","0.12500,0.18800,0.12500,0.12500,0.25000",222.84476391523089,2.0,0.6,2.2
5,"5,8,10,14,15","(2.000,0.500);(2.000,1.000);(1.500,1.500);(2.000,2.000);(2.500,2.000)","0.25000,0.12500,0.12500,0.12500,0.18800",222.84476391523089,2.0,1.4,2.2
5,"1,7,8,12,13","(1.500,0.000);(1.500,1.000);(2.000,1.000);(2.500,1.500);(1.500,2.000)","0.18800,0.18800,0.12500,0.12500,0.12500",223.02210407412002,1.8,1.1,3.0
5,"1,7,9,11,13","(1.500,0.000);(1.500,1.000);(2.500,1.000);(2.000,1.500);(1.500,2.000)","0.18800,0.18800,0.12500,0.25000,0.12500",223.02210407412002,1.8,1.1,3.0
5,"1,8,9,10,13","(1.500,0.000);(2.000,1.000);(2.500,1.000);(1.500,1.500);(1.500,2.000)","0.18800,0.12500,0.12500,0.12500,0.12500",223.02210407412002,1.8,1.1,3.0
5,"3,7,8,10,13","(2.500,0.000);(1.500,1.000);(2.000,1.000);(1.500,1.500);(1.500,2.000)","0.18800,0.18800,0.12500,0.12500,0.12500",223.02210407412002,1.8,1.1,3.0
5,"1,2,7,8,12","(1.500,0.000);(2.000,0.000);(1.500,1.000);(2.000,1.000);(2.500,1.500)","0.18800,0.12500,0.18800,0.12500,0.12500",223.2269935101423,1.9,0.7,2.5
5,"1,4,6,7,12","(1.500,0.000);(1.500,0.500);(2.500,0.500);(1.500,1.000);(2.500,1.500)","0.18800,0.12500,0.18800,0.18800,0.12500",223.2269935101423,1.9,0.7,2.5
5,"2,3,11,12,14","(2.000,0.000);(2.500,0.000);(2.000,1.500);(2.500,1.500);(2.000,2.000)","0.12500,0.18800,0.25000,0.12500,0.12500",223.30319048543953,2.2,1.0,3.8
5,"2,5,6,14,15","(2.000,0.000);(2.000,0.500);(2.500,0.500);(2.000,2.000);(2.500,2.000)","0.12500,0.25000,0.18800,0.12500,0.18800",223.30319048543953,2.2,1.0,3.8
5,"1,4,5,10,13","(1.500,0.000);(1.500,0.500);(2.000,0.500);(1.500,1.500);(1.500,2.000)","0.18800,0.12500,0.25000,0.12500,0.12500",223.68067803483927,1.6,0.9,2.9000000000000004
5,"1,4,6,9,11","(1.500,0.000);(1.500,0.500);(2.500,0.500);(2.500,1.000);(2.000,1.500)","0.18800,0.12500,0.18800,0.12500,0.25000",223.74306478469566,2.0,0.7,2.3000000000000003
5,"3,4,6,7,11","(2.500,0.000);(1.500,0.500);(2.500,0.500);(1.500,1.000);(2.000,1.500)","0.18800,0.12500,0.18800,0.18800,0.25000",223.74306478469566,2.0,0.7,2.3000000000000003
5,"5,7,10,12,15","(2.000,0.500);(1.500,1.000);(1.500,1.500);(2.500,1.500);(2.500,2.000)","0.25000,0.18800,0.12500,0.12500,0.18800",223.74306478469566,2.0,1.3,2.3000000000000003
5,"6,7,10,11,15","(2.500,0.500);(1.500,1.000);(1.500,1.500);(2.000,1.500);(2.500,2.000)","0.18800,0.18800,0.12500,0.25000,0.18800",223.74306478469566,2.0,1.3,2.3000000000000003
5,"6,7,10,12,14","(2.500,0.500);(1.500,1.000);(1.500,1.500);(2.500,1.500);(2.000,2.000)","0.18800,0.18800,0.12500,0.12500,0.12500",223.74306478469566,2.0,1.3,2.3
5,"1,2,9,10,12","(1.500,0.000);(2.000,0.000);(2.500,1.000);(1.500,1.500);(2.500,1.500)","0.18800,0.12500,0.12500,0.12500,0.12500",223.7879066260838,2.0,0.8,3.3000000000000003
5,"1,3,8,10,12","(1.500,0.000);(2.500,0.000);(2.000,1.000);(1.500,1.500);(2.500,1.500)","0.18800,0.18800,0.12500,0.12500,0.12500",223.7879066260838,2.0,0.8,3.3000000000000003
5,"1,3,9,10,11","(1.500,0.000);(2.500,0.000);(2.500,1.000);(1.500,1.500);(2.000,1.500)","0.18800,0.18800,0.12500,0.12500,0.25000",223.7879066260838,2.0,0.8,3.3000000000000003
5,"2,3,7,10,12","(2.000,0.000);(2.500,0.000);(1.500,1.000);(1.500,1.500);(2.500,1.500)","0.12500,0.18800,0.18800,0.12500,0.12500",223.7879066260838,2.0,0.8,3.3000000000000003
5,"3,10,11,12,13","(2.500,0.000);(1.500,1.500);(2.000,1.500);(2.500,1.500);(1.500,2.000)","0.18800,0.12500,0.25000,0.12500,0.12500",223.7879066260838,2.0,1.3,3.3000000000000003
5,"3,8,11,13,14","(2.500,0.000);(2.000,1.000);(2.000,1.500);(1.500,2.000);(2.000,2.000)","0.18800,0.12500,0.25000,0.12500,0.12500",223.7879066260838,2.0,1.3,3.3000000000000003
5,"4,6,7,14,15","(1.500,0.500);(2.500,0.500);(1.500,1.000);(2.000,2.000);(2.500,2.000)","0.12500,0.18800,0.18800,0.12500,0.18800",223.7879066260838,2.0,1.2,3.3000000000000003
5,"5,6,10,13,15","(2.000,0.500);(2.500,0.500);(1.500,1.500);(1.500,2.000);(2.500,2.000)","0.25000,0.18800,0.12500,0.12500,0.18800",223.7879066260838,2.0,1.3,3.3000000000000003
5,"1,3,4,9,12","(1.500,0.000);(2.500,0.000);(1.500,0.500);(2.500,1.000);(2.500,1.500)","0.18800,0.18800,0.12500,0.12500,0.12500",223.8496176892778,2.1,0.6,2.9
5,"1,3,6,7,12","(1.500,0.000);(2.500,0.000);(2.500,0.500);(1.500,1.000);(2.500,1.500)","0.18800,0.18800,0.18800,0.18800,0.12500",223.8496176892778,2.1,0.6,2.9
5,"1,3,4,7,14","(1.500,0.000);(2.500,0.000);(1.500,0.500);(1.500,1.000);(2.000,2.000)","0.18800,0.18800,0.12500,0.18800,0.12500",223.9226873333114,1.8,0.7,3.6
5,"2,7,10,13,15","(2.000,0.000);(1.500,1.000);(1.500,1.500);(1.500,2.000);(2.500,2.000)","0.12500,0.18800,0.12500,0.12500,0.18800",223.9226873333114,1.8,1.3,3.6
5,"1,2,3,10,11","(1.500,0.000);(2.000,0.000);(2.500,0.000);(1.500,1.500);(2.000,1.500)","0.18800,0.12500,0.18800,0.12500,0.25000",223.967487999466,1.9,0.6,3.4
5,"1,5,11,12,13","(1.500,0.000);(2.000,0.500);(2.000,1.500);(2.500,1.500);(1.500,2.000)","0.18800,0.25000,0.25000,0.12500,0.12500",223.967487999466,1.9,1.1,3.4
5,"1,7,9,12,13","(1.500,0.000);(1.500,1.000);(2.500,1.000);(2.500,1.500);(1.500,2.000)","0.18800,0.18800,0.12500,0.12500,0.12500",223.967487999466,1.9,1.1,3.4
5,"2,4,11,12,13","(2.000,0.000);(1.500,0.500);(2.000,1.500);(2.500,1.500);(1.500,2.000)","0.12500,0.12500,0.25000,0.12500,0.12500",223.967487999466,1.9,1.1,3.4
5,"2,5,10,12,13","(2.000,0.000);(2.000,0.500);(1.500,1.500);(2.500,1.500);(1.500,2.000)","0.12500,0.25000,0.12500,0.12500,0.12500",223.967487999466,1.9,1.1,3.4
5,"2,5,8,13,14","(2.000,0.000);(2.000,0.500);(2.000,1.000);(1.500,2.000);(2.000,2.000)","0.12500,0.25000,0.12500,0.12500,0.12500",223.967487999466,1.9,1.1,3.4
5,"2,6,10,11,13","(2.000,0.000);(2.500,0.500);(1.500,1.500);(2.000,1.500);(1.500,2.000)","0.12500,0.18800,0.12500,0.25000,0.12500",223.967487999466,1.9,1.1,3.4
5,"4,5,13,14,15","(1.500,0.500);(2.000,0.500);(1.500,2.000);(2.000,2.000);(2.500,2.000)","0.12500,0.25000,0.12500,0.12500,0.18800",223.967487999466,1.9,1.4,3.4
5,"4,5,6,13,14","(1.500,0.500);(2.000,0.500);(2.500,0.500);(1.500,2.000);(2.000,2.000)","0.12500,0.25000,0.18800,0.12500,0.12500",223.967487999466,1.9,1.1,3.4
5,"3,5,10,11,13","(2.500,0.000);(2.000,0.500);(1.500,1.500);(2.000,1.500);(1.500,2.000)","0.18800,0.25000,0.12500,0.25000,0.12500",223.96748799946602,1.9,1.1,3.4
5,"3,7,9,10,13","(2.500,0.000);(1.500,1.000);(2.500,1.000);(1.500,1.500);(1.500,2.000)","0.18800,0.18800,0.12500,0.12500,0.12500",223.96748799946602,1.9,1.1,3.4
5,"2,3,5,13,15","(2.000,0.000);(2.500,0.000);(2.000,0.500);(1.500,2.000);(2.500,2.000)","0.12500,0.18800,0.25000,0.12500,0.18800",224.25361100178108,2.1,0.9,4.9
5,"2,3,6,13,14","(2.000,0.000);(2.500,0.000);(2.500,0.500);(1.500,2.000);(2.000,2.000)","0.12500,0.18800,0.18800,0.12500,0.12500",224.25361100178108,2.1,0.9,4.9
5,"1,7,8,10,13","(1.500,0.000);(1.500,1.000);(2.000,1.000);(1.500,1.500);(1.500,2.000)","0.18800,0.18800,0.12500,0.12500,0.12500",224.28309749303995,1.6,1.1,2.4
5,"1,4,8,12,13","(1.500,0.000);(1.500,0.500);(2.000,1.000);(2.500,1.500);(1.500,2.000)","0.18800,0.12500,0.12500,0.12500,0.12500",224.63745322811673,1.8,1.0,3.3000000000000003
5,"1,4,9,11,13","(1.500,0.000);(1.500,0.500);(2.500,1.000);(2.000,1.500);(1.500,2.000)","0.18800,0.12500,0.12500,0.25000,0.12500",224.63745322811673,1.8,1.0,3.3000000000000003
5,"1,5,7,12,13","(1.500,0.000);(2.000,0.500);(1.500,1.000);(2.500,1.500);(1.500,2.000)","0.18800,0.25000,0.18800,0.12500,0.12500",224.63745322811673,1.8,1.0,3.3000000000000003
5,"1,5,9,10,13","(1.500,0.000);(2.000,0.500);(2.500,1.000);(1.500,1.500);(1.500,2.000)","0.18800,0.25000,0.12500,0.12500,0.12500",224.63745322811673,1.8,1.0,3.3000000000000003
5,"1,6,7,11,13","(1.500,0.000);(2.500,0.500);(1.500,1.000);(2.000,1.500);(1.500,2.000)","0.18800,0.18800,0.18800,0.25000,0.12500",224.63745322811673,1.8,1.0,3.3000000000000003
5,"1,6,8,10,13","(1.500,0.000);(2.500,0.500);(2.000,1.000);(1.500,1.500);(1.500,2.000)","0.18800,0.18800,0.12500,0.12500,0.12500",224.63745322811673,1.8,1.0,3.3000000000000003
5,"2,4,7,12,13","(2.000,0.000);(1.500,0.500);(1.500,1.000);(2.500,1.500);(1.500,2.000)","0.12500,0.12500,0.18800,0.12500,0.12500",224.63745322811673,1.8,1.0,3.3000000000000003
5,"2,4,9,10,13","(2.000,0.000);(1.500,0.500);(2.500,1.000);(1.500,1.500);(1.500,2.000)","0.12500,0.12500,0.12500,0.12500,0.12500",224.63745322811673,1.8,1.0,3.3000000000000003
5,"2,6,7,10,13","(2.000,0.000);(2.500,0.500);(1.500,1.000);(1.500,1.500);(1.500,2.000)","0.12500,0.18800,0.18800,0.12500,0.12500",224.63745322811673,1.8,1.0,3.3000000000000003
5,"3,4,7,11,13","(2.500,0.000);(1.500,0.500);(1.500,1.000);(2.000,1.500);(1.500,2.000)","0.18800,0.12500,0.18800,0.25000,0.12500",224.63745322811673,1.8,1.0,3.3000000000000003
5,"3,4,8,10,13","(2.500,0.000);(1.500,0.500);(2.000,1.000);(1.500,1.500);(1.500,2.000)","0.18800,0.12500,0.12500,0.12500,0.12500",224.63745322811673,1.8,1.0,3.3000000000000003
5,"3,5,7,10,13","(2.500,0.000);(2.000,0.500);(1.500,1.000);(1.500,1.500);(1.500,2.000)","0.18800,0.25000,0.18800,0.12500,0.12500",224.63745322811673,1.8,1.0,3.3000000000000003
5,"1,2,3,12,14","(1.500,0.000);(2.000,0.000);(2.500,0.000);(2.500,1.500);(2.000,2.000)","0.18800,0.12500,0.18800,0.12500,0.12500",224.863391082588,2.1,0.7,4.5
5,"2,6,13,14,15","(2.000,0.000);(2.500,0.500);(1.500,2.000);(2.000,2.000);(2.500,2.000)","0.12500,0.18800,0.12500,0.12500,0.18800",224.863391082588,2.1,1.3,4.5
5,"2,4,5,9,15","(2.000,0.000);(1.500,0.500);(2.000,0.500);(2.500,1.000);(2.500,2.000)","0.12500,0.12500,0.25000,0.12500,0.18800",224.9654063013931,2.1,0.8,3.0
5,"2,4,6,8,15","(2.000,0.000);(1.500,0.500);(2.500,0.500);(2.000,1.000);(2.500,2.000)","0.12500,0.12500,0.18800,0.12500,0.18800",224.9654063013931,2.1,0.8,3.0
5,"3,4,5,8,15","(2.500,0.000);(1.500,0.500);(2.000,0.500);(2.000,1.000);(2.500,2.000)","0.18800,0.12500,0.25000,0.12500,0.18800",224.9654063013931,2.1,0.8,3.0
5,"3,8,10,11,15","(2.500,0.000);(2.000,1.000);(1.500,1.500);(2.000,1.500);(2.500,2.000)","0.18800,0.12500,0.12500,0.25000,0.18800",224.9654063013931,2.1,1.2,3.0
5,"3,8,10,12,14","(2.500,0.000);(2.000,1.000);(1.500,1.500);(2.500,1.500);(2.000,2.000)","0.18800,0.12500,0.12500,0.12500,0.12500",224.9654063013931,2.1,1.2,3.0
5,"3,9,10,11,14","(2.500,0.000);(2.500,1.000);(1.500,1.500);(2.000,1.500);(2.000,2.000)","0.18800,0.12500,0.12500,0.25000,0.12500",224.9654063013931,2.1,1.2,3.0
5,"1,4,9,12,13","(1.500,0.000);(1.500,0.500);(2.500,1.000);(2.500,1.500);(1.500,2.000)","0.18800,0.12500,0.12500,0.12500,0.12500",225.0837123719776,1.9,1.0,3.7
5,"1,6,7,12,13","(1.500,0.000);(2.500,0.500);(1.500,1.000);(2.500,1.500);(1.500,2.000)","0.18800,0.18800,0.18800,0.12500,0.12500",225.0837123719776,1.9,1.0,3.7
5,"1,6,9,10,13","(1.500,0.000);(2.500,0.500);(2.500,1.000);(1.500,1.500);(1.500,2.000)","0.18800,0.18800,0.12500,0.12500,0.12500",225.0837123719776,1.9,1.0,3.7
5,"3,4,7,12,13","(2.500,0.000);(1.500,0.500);(1.500,1.000);(2.500,1.500);(1.500,2.000)","0.18800,0.12500,0.18800,0.12500,0.12500",225.0837123719776,1.9,1.0,3.7
5,"3,4,9,10,13","(2.500,0.000);(1.500,0.500);(2.500,1.000);(1.500,1.500);(1.500,2.000)","0.18800,0.12500,0.12500,0.12500,0.12500",225.0837123719776,1.9,1.0,3.7
5,"3,6,7,10,13","(2.500,0.000);(2.500,0.500);(1.500,1.000);(1.500,1.500);(1.500,2.000)","0.18800,0.18800,0.18800,0.12500,0.12500",225.0837123719776,1.9,1.0,3.7
5,"2,3,7,9,11","(2.000,0.000);(2.500,0.000);(1.500,1.000);(2.500,1.000);(2.000,1.500)","0.12500,0.18800,0.18800,0.12500,0.25000",225.51869794134444,2.1,0.7,2.5
5,"5,7,9,14,15","(2.000,0.500);(1.500,1.000);(2.500,1.000);(2.000,2.000);(2.500,2.000)","0.25000,0.18800,0.12500,0.12500,0.18800",225.51869794134444,2.1,1.3,2.5
5,"6,7,8,14,15","(2.500,0.500);(1.500,1.000);(2.000,1.000);(2.000,2.000);(2.500,2.000)","0.18800,0.18800,0.12500,0.12500,0.18800",225.51869794134444,2.1,1.3,2.5
5,"2,3,8,11,15","(2.000,0.000);(2.500,0.000);(2.000,1.000);(2.000,1.500);(2.500,2.000)","0.12500,0.18800,0.12500,0.25000,0.18800",225.59213077252346,2.2,0.9,3.5
5,"3,5,8,14,15","(2.500,0.000);(2.000,0.500);(2.000,1.000);(2.000,2.000);(2.500,2.000)","0.18800,0.25000,0.12500,0.12500,0.18800",225.59213077252346,2.2,1.1,3.5
5,"1,5,7,9,12","(1.500,0.000);(2.000,0.500);(1.500,1.000);(2.500,1.000);(2.500,1.500)","0.18800,0.25000,0.18800,0.12500,0.12500",225.72172962456074,2.0,0.8,2.3000000000000003
5,"1,6,7,8,12","(1.500,0.000);(2.500,0.500);(1.500,1.000);(2.000,1.000);(2.500,1.500)","0.18800,0.18800,0.18800,0.12500,0.12500",225.72172962456074,2.0,0.8,2.3000000000000003
5,"1,7,8,11,14","(1.500,0.000);(1.500,1.000);(2.000,1.000);(2.000,1.500);(2.000,2.000)","0.18800,0.18800,0.12500,0.25000,0.12500",226.41251906401826,1.8,1.1,2.5
5,"2,4,7,10,12","(2.000,0.000);(1.500,0.500);(1.500,1.000);(1.500,1.500);(2.500,1.500)","0.12500,0.12500,0.18800,0.12500,0.12500",226.41251906401826,1.8,0.9,2.5
5,"4,6,7,10,14","(1.500,0.500);(2.500,0.500);(1.500,1.000);(1.500,1.500);(2.000,2.000)","0.12500,0.18800,0.18800,0.12500,0.12500",226.41251906401826,1.8,1.1,2.5
5,"1,6,9,13,15","(1.500,0.000);(2.500,0.500);(2.500,1.000);(1.500,2.000);(2.500,2.000)","0.18800,0.18800,0.12500,0.12500,0.18800",226.94453849867594,2.1,1.1,4.4
5,"3,4,9,13,15","(2.500,0.000);(1.500,0.500);(2.500,1.000);(1.500,2.000);(2.500,2.000)","0.18800,0.12500,0.12500,0.12500,0.18800",226.94453849867594,2.1,1.1,4.4
5,"3,6,7,13,15","(2.500,0.000);(2.500,0.500);(1.500,1.000);(1.500,2.000);(2.500,2.000)","0.18800,0.18800,0.18800,0.12500,0.18800",226.94453849867594,2.1,1.1,4.4
5,"6,7,12,14,15","(2.500,0.500);(1.500,1.000);(2.500,1.500);(2.000,2.000);(2.500,2.000)","0.18800,0.18800,0.12500,0.12500,0.18800",227.18716974821945,2.2,1.4,2.5
5,"2,3,9,13,14","(2.000,0.000);(2.500,0.000);(2.500,1.000);(1.500,2.000);(2.000,2.000)","0.12500,0.18800,0.12500,0.12500,0.12500",227.5716429982243,2.1,1.0,4.7
5,"2,3,8,13,15","(2.000,0.000);(2.500,0.000);(2.000,1.000);(1.500,2.000);(2.500,2.000)","0.12500,0.18800,0.12500,0.12500,0.18800",227.57164299822435,2.1,1.0,4.7
5,"3,4,6,13,15","(2.500,0.000);(1.500,0.500);(2.500,0.500);(1.500,2.000);(2.500,2.000)","0.18800,0.12500,0.18800,0.12500,0.18800",227.57164299822435,2.1,1.0,4.7
5,"2,3,4,7,8","(2.000,0.000);(2.500,0.000);(1.500,0.500);(1.500,1.000);(2.000,1.000)","0.12500,0.18800,0.12500,0.18800,0.12500",227.5869678026697,1.9,0.5,1.7
5,"7,8,10,14,15","(1.500,1.000);(2.000,1.000);(1.500,1.500);(2.000,2.000);(2.500,2.000)","0.18800,0.12500,0.12500,0.12500,0.18800",227.5869678026697,1.9,1.5,1.7
5,"1,4,8,10,13","(1.500,0.000);(1.500,0.500);(2.000,1.000);(1.500,1.500);(1.500,2.000)","0.18800,0.12500,0.12500,0.12500,0.12500",227.669575568116,1.6,1.0,2.7
5,"1,4,7,11,13","(1.500,0.000);(1.500,0.500);(1.500,1.000);(2.000,1.500);(1.500,2.000)","0.18800,0.12500,0.18800,0.25000,0.12500",227.66957556811602,1.6,1.0,2.7
5,"1,5,7,10,13","(1.500,0.000);(2.000,0.500);(1.500,1.000);(1.500,1.500);(1.500,2.000)","0.18800,0.25000,0.18800,0.12500,0.12500",227.66957556811602,1.6,1.0,2.7
5,"2,4,7,10,13","(2.000,0.000);(1.500,0.500);(1.500,1.000);(1.500,1.500);(1.500,2.000)","0.12500,0.12500,0.18800,0.12500,0.12500",227.66957556811602,1.6,1.0,2.7
5,"1,4,8,11,14","(1.500,0.000);(1.500,0.500);(2.000,1.000);(2.000,1.500);(2.000,2.000)","0.18800,0.12500,0.12500,0.25000,0.12500",227.67338412095,1.8,1.0,2.8000000000000003
5,"1,5,7,11,14","(1.500,0.000);(2.000,0.500);(1.500,1.000);(2.000,1.500);(2.000,2.000)","0.18800,0.25000,0.18800,0.25000,0.12500",227.67338412095,1.8,1.0,2.8000000000000003
5,"1,5,8,10,14","(1.500,0.000);(2.000,0.500);(2.000,1.000);(1.500,1.500);(2.000,2.000)","0.18800,0.25000,0.12500,0.12500,0.12500",227.67338412095,1.8,1.0,2.8000000000000003
5,"2,4,7,11,14","(2.000,0.000);(1.500,0.500);(1.500,1.000);(2.000,1.500);(2.000,2.000)","0.12500,0.12500,0.18800,0.25000,0.12500",227.67338412095,1.8,1.0,2.8000000000000003
5,"2,4,8,10,14","(2.000,0.000);(1.500,0.500);(2.000,1.000);(1.500,1.500);(2.000,2.000)","0.12500,0.12500,0.12500,0.12500,0.12500",227.67338412095,1.8,1.0,2.8000000000000003
5,"2,5,7,10,14","(2.000,0.000);(2.000,0.500);(1.500,1.000);(1.500,1.500);(2.000,2.000)","0.12500,0.25000,0.18800,0.12500,0.12500",227.67338412095,1.8,1.0,2.8000000000000003
5,"1,4,8,9,11","(1.500,0.000);(1.500,0.500);(2.000,1.000);(2.500,1.000);(2.000,1.500)","0.18800,0.12500,0.12500,0.12500,0.25000",227.87564404259976,1.9,0.8,2.0
5,"3,4,7,8,11","(2.500,0.000);(1.500,0.500);(1.500,1.000);(2.000,1.000);(2.000,1.500)","0.18800,0.12500,0.18800,0.12500,0.25000",227.87564404259976,1.9,0.8,2.0
5,"5,7,8,10,15","(2.000,0.500);(1.500,1.000);(2.000,1.000);(1.500,1.500);(2.500,2.000)","0.25000,0.18800,0.12500,0.12500,0.18800",227.87564404259976,1.9,1.2,2.0
5,"2,3,9,14,15","(2.000,0.000);(2.500,0.000);(2.500,1.000);(2.000,2.000);(2.500,2.000)","0.12500,0.18800,0.12500,0.12500,0.18800",228.31048496316956,2.3,1.0,4.3
5,"1,3,8,12,14","(1.500,0.000);(2.500,0.000);(2.000,1.000);(2.500,1.500);(2.000,2.000)","0.18800,0.18800,0.12500,0.12500,0.12500",228.52189870463414,2.1,0.9,3.9000000000000004
5,"1,3,9,11,14","(1.500,0.000);(2.500,0.000);(2.500,1.000);(2.000,1.500);(2.000,2.000)","0.18800,0.18800,0.12500,0.25000,0.12500",228.52189870463414,2.1,0.9,3.9000000000000004
5,"2,3,7,12,14","(2.000,0.000);(2.500,0.000);(1.500,1.000);(2.500,1.500);(2.000,2.000)","0.12500,0.18800,0.18800,0.12500,0.12500",228.52189870463414,2.1,0.9,3.9000000000000004
5,"2,4,9,14,15","(2.000,0.000);(1.500,0.500);(2.500,1.000);(2.000,2.000);(2.500,2.000)","0.12500,0.12500,0.12500,0.12500,0.18800",228.52189870463414,2.1,1.1,3.9
5,"2,6,7,14,15","(2.000,0.000);(2.500,0.500);(1.500,1.000);(2.000,2.000);(2.500,2.000)","0.12500,0.18800,0.18800,0.12500,0.18800",228.52189870463414,2.1,1.1,3.9
5,"1,2,9,12,14","(1.500,0.000);(2.000,0.000);(2.500,1.000);(2.500,1.500);(2.000,2.000)","0.18800,0.12500,0.12500,0.12500,0.12500",228.52189870463422,2.1,0.9,3.9000000000000004
5,"2,3,9,10,14","(2.000,0.000);(2.500,0.000);(2.500,1.000);(1.500,1.500);(2.000,2.000)","0.12500,0.18800,0.12500,0.12500,0.12500",228.52189870463422,2.1,0.9,3.9000000000000004
5,"2,3,12,13,15","(2.000,0.000);(2.500,0.000);(2.500,1.500);(1.500,2.000);(2.500,2.000)","0.12500,0.18800,0.12500,0.12500,0.18800",228.62825610611492,2.2,1.1,5.0
5,"2,3,5,12,15","(2.000,0.000);(2.500,0.000);(2.000,0.500);(2.500,1.500);(2.500,2.000)","0.12500,0.18800,0.25000,0.12500,0.18800",228.6951453052338,2.3,0.8,3.6
5,"2,3,6,11,15","(2.000,0.000);(2.500,0.000);(2.500,0.500);(2.000,1.500);(2.500,2.000)","0.12500,0.18800,0.18800,0.25000,0.18800",228.6951453052338,2.3,0.8,3.6
5,"3,5,12,14,15","(2.500,0.000);(2.000,0.500);(2.500,1.500);(2.000,2.000);(2.500,2.000)","0.18800,0.25000,0.12500,0.12500,0.18800",228.6951453052338,2.3,1.2,3.6
5,"3,6,11,14,15","(2.500,0.000);(2.500,0.500);(2.000,1.500);(2.000,2.000);(2.500,2.000)","0.18800,0.18800,0.25000,0.12500,0.18800",228.6951453052338,2.3,1.2,3.6
5,"2,3,4,6,15","(2.000,0.000);(2.500,0.000);(1.500,0.500);(2.500,0.500);(2.500,2.000)","0.12500,0.18800,0.12500,0.18800,0.18800",228.9953191255621,2.2,0.6,3.5
5,"3,10,12,14,15","(2.500,0.000);(1.500,1.500);(2.500,1.500);(2.000,2.000);(2.500,2.000)","0.18800,0.12500,0.12500,0.12500,0.18800",228.9953191255621,2.2,1.4,3.5000000000000004
5,"1,4,9,11,12","(1.500,0.000);(1.500,0.500);(2.500,1.000);(2.000,1.500);(2.500,1.500)","0.18800,0.12500,0.12500,0.25000,0.12500",229.11645093143687,2.0,0.9,2.7
5,"3,4,7,11,12","(2.500,0.000);(1.500,0.500);(1.500,1.000);(2.000,1.500);(2.500,1.500)","0.18800,0.12500,0.18800,0.25000,0.12500",229.11645093143687,2.0,0.9,2.7
5,"4,5,6,7,15","(1.500,0.500);(2.000,0.500);(2.500,0.500);(1.500,1.000);(2.500,2.000)","0.12500,0.25000,0.18800,0.18800,0.18800",229.11645093143687,2.0,0.9,2.7
5,"1,9,10,11,12","(1.500,0.000);(2.500,1.000);(1.500,1.500);(2.000,1.500);(2.500,1.500)","0.18800,0.12500,0.12500,0.25000,0.12500",229.1164509314369,2.0,1.1,2.7
5,"3,7,10,11,12","(2.500,0.000);(1.500,1.000);(1.500,1.500);(2.000,1.500);(2.500,1.500)","0.18800,0.18800,0.12500,0.25000,0.12500",229.1164509314369,2.0,1.1,2.7
5,"5,6,7,10,15","(2.000,0.500);(2.500,0.500);(1.500,1.000);(1.500,1.500);(2.500,2.000)","0.25000,0.18800,0.18800,0.12500,0.18800",229.1164509314369,2.0,1.1,2.7
5,"6,10,13,14,15","(2.500,0.500);(1.500,1.500);(1.500,2.000);(2.000,2.000);(2.500,2.000)","0.18800,0.12500,0.12500,0.12500,0.18800",229.1164509314369,2.0,1.6,2.7
5,"3,8,9,11,12","(2.500,0.000);(2.000,1.000);(2.500,1.000);(2.000,1.500);(2.500,1.500)","0.18800,0.12500,0.12500,0.25000,0.12500",229.63075286210696,2.3,1.0,1.8
5,"1,2,8,9,11","(1.500,0.000);(2.000,0.000);(2.000,1.000);(2.500,1.000);(2.000,1.500)","0.18800,0.12500,0.12500,0.12500,0.25000",229.8418311148705,2.0,0.7,2.3000000000000003
5,"2,3,7,8,11","(2.000,0.000);(2.500,0.000);(1.500,1.000);(2.000,1.000);(2.000,1.500)","0.12500,0.18800,0.18800,0.12500,0.25000",229.8418311148705,2.0,0.7,2.3000000000000003
5,"5,7,8,14,15","(2.000,0.500);(1.500,1.000);(2.000,1.000);(2.000,2.000);(2.500,2.000)","0.25000,0.18800,0.12500,0.12500,0.18800",229.8418311148705,2.0,1.3,2.3000000000000003
5,"2,3,4,9,15","(2.000,0.000);(2.500,0.000);(1.500,0.500);(2.500,1.000);(2.500,2.000)","0.12500,0.18800,0.12500,0.12500,0.18800",230.25366916761723,2.2,0.7,3.6
5,"3,9,10,14,15","(2.500,0.000);(2.500,1.000);(1.500,1.500);(2.000,2.000);(2.500,2.000)","0.18800,0.12500,0.12500,0.12500,0.18800",230.25366916761723,2.2,1.3,3.6
5,"1,2,4,11,13","(1.500,0.000);(2.000,0.000);(1.500,0.500);(2.000,1.500);(1.500,2.000)","0.18800,0.12500,0.12500,0.25000,0.12500",230.60193174155117,1.7,0.8,3.6000000000000005
5,"1,2,5,10,13","(1.500,0.000);(2.000,0.000);(2.000,0.500);(1.500,1.500);(1.500,2.000)","0.18800,0.12500,0.25000,0.12500,0.12500",230.60193174155117,1.7,0.8,3.6000000000000005
5,"1,2,3,11,14","(1.500,0.000);(2.000,0.000);(2.500,0.000);(2.000,1.500);(2.000,2.000)","0.18800,0.12500,0.18800,0.25000,0.12500",231.22807242394995,2.0,0.7,4.3
5,"2,5,13,14,15","(2.000,0.000);(2.000,0.500);(1.500,2.000);(2.000,2.000);(2.500,2.000)","0.12500,0.25000,0.12500,0.12500,0.18800",231.22807242394995,2.0,1.3,4.3
5,"2,3,4,11,12","(2.000,0.000);(2.500,0.000);(1.500,0.500);(2.000,1.500);(2.500,1.500)","0.12500,0.18800,0.12500,0.25000,0.12500",231.68636235681745,2.1,0.7,3.0
5,"2,4,5,6,15","(2.000,0.000);(1.500,0.500);(2.000,0.500);(2.500,0.500);(2.500,2.000)","0.12500,0.12500,0.25000,0.18800,0.18800",231.68636235681745,2.1,0.7,3.0
5,"3,10,11,12,14","(2.500,0.000);(1.500,1.500);(2.000,1.500);(2.500,1.500);(2.000,2.000)","0.18800,0.12500,0.25000,0.12500,0.12500",231.68636235681745,2.1,1.3,3.0
5,"5,6,10,14,15","(2.000,0.500);(2.500,0.500);(1.500,1.500);(2.000,2.000);(2.500,2.000)","0.25000,0.18800,0.12500,0.12500,0.18800",231.68636235681745,2.1,1.3,3.0
5,"7,10,13,14,15","(1.500,1.000);(1.500,1.500);(1.500,2.000);(2.000,2.000);(2.500,2.000)","0.18800,0.12500,0.12500,0.12500,0.18800",232.02761924821576,1.8,1.7,1.6
5,"1,3,8,10,11","(1.500,0.000);(2.500,0.000);(2.000,1.000);(1.500,1.500);(2.000,1.500)","0.18800,0.18800,0.12500,0.12500,0.25000",232.2459341398432,1.9,0.8,3.0
5,"1,2,8,10,12","(1.500,0.000);(2.000,0.000);(2.000,1.000);(1.500,1.500);(2.500,1.500)","0.18800,0.12500,0.12500,0.12500,0.12500",232.24593413984323,1.9,0.8,3.0
5,"1,2,9,10,11","(1.500,0.000);(2.000,0.000);(2.500,1.000);(1.500,1.500);(2.000,1.500)","0.18800,0.12500,0.12500,0.12500,0.25000",232.24593413984323,1.9,0.8,3.0
5,"1,4,6,10,12","(1.500,0.000);(1.500,0.500);(2.500,0.500);(1.500,1.500);(2.500,1.500)","0.18800,0.12500,0.18800,0.12500,0.12500",232.24593413984323,1.9,0.8,3.0
5,"2,3,7,10,11","(2.000,0.000);(2.500,0.000);(1.500,1.000);(1.500,1.500);(2.000,1.500)","0.12500,0.18800,0.18800,0.12500,0.25000",232.24593413984323,1.9,0.8,3.0
5,"4,5,7,14,15","(1.500,0.500);(2.000,0.500);(1.500,1.000);(2.000,2.000);(2.500,2.000)","0.12500,0.25000,0.18800,0.12500,0.18800",232.24593413984323,1.9,1.2,3.0
5,"5,6,10,13,14","(2.000,0.500);(2.500,0.500);(1.500,1.500);(1.500,2.000);(2.000,2.000)","0.25000,0.18800,0.12500,0.12500,0.12500",232.24593413984323,1.9,1.3,3.0
5,"3,5,6,7,9","(2.500,0.000);(2.000,0.500);(2.500,0.500);(1.500,1.000);(2.500,1.000)","0.18800,0.25000,0.18800,0.18800,0.12500",232.3262043990885,2.2,0.6,1.5000000000000002
5,"6,7,9,11,12","(2.500,0.500);(1.500,1.000);(2.500,1.000);(2.000,1.500);(2.500,1.500)","0.18800,0.18800,0.12500,0.25000,0.12500",232.32620439908854,2.2,1.1,1.5
5,"7,9,11,12,15","(1.500,1.000);(2.500,1.000);(2.000,1.500);(2.500,1.500);(2.500,2.000)","0.18800,0.12500,0.25000,0.12500,0.18800",232.32620439908854,2.2,1.4,1.5
5,"1,2,8,10,11","(1.500,0.000);(2.000,0.000);(2.000,1.000);(1.500,1.500);(2.000,1.500)","0.18800,0.12500,0.12500,0.12500,0.25000",232.5325335561668,1.8,0.8,2.6
5,"1,4,5,10,12","(1.500,0.000);(1.500,0.500);(2.000,0.500);(1.500,1.500);(2.500,1.500)","0.18800,0.12500,0.25000,0.12500,0.12500",232.5325335561668,1.8,0.8,2.6
5,"1,4,6,10,11","(1.500,0.000);(1.500,0.500);(2.500,0.500);(1.500,1.500);(2.000,1.500)","0.18800,0.12500,0.18800,0.12500,0.25000",232.5325335561668,1.8,0.8,2.6
5,"1,9,12,13,15","(1.500,0.000);(2.500,1.000);(2.500,1.500);(1.500,2.000);(2.500,2.000)","0.18800,0.12500,0.12500,0.12500,0.18800",232.7600971370224,2.1,1.3,4.0
5,"2,3,5,10,15","(2.000,0.000);(2.500,0.000);(2.000,0.500);(1.500,1.500);(2.500,2.000)","0.12500,0.18800,0.25000,0.12500,0.18800",232.7600971370224,2.1,0.8,4.0
5,"3,4,11,14,15","(2.500,0.000);(1.500,0.500);(2.000,1.500);(2.000,2.000);(2.500,2.000)","0.18800,0.12500,0.25000,0.12500,0.18800",232.7600971370224,2.1,1.2,4.0
5,"3,7,12,13,15","(2.500,0.000);(1.500,1.000);(2.500,1.500);(1.500,2.000);(2.500,2.000)","0.18800,0.18800,0.12500,0.12500,0.18800",232.7600971370224,2.1,1.3,4.0
5,"3,9,10,13,15","(2.500,0.000);(2.500,1.000);(1.500,1.500);(1.500,2.000);(2.500,2.000)","0.18800,0.12500,0.12500,0.12500,0.18800",232.7600971370224,2.1,1.3,4.0
5,"1,4,7,10,13","(1.500,0.000);(1.500,0.500);(1.500,1.000);(1.500,1.500);(1.500,2.000)","0.18800,0.12500,0.18800,0.12500,0.12500",232.84191247959612,1.5,1.0,2.5
5,"1,2,8,11,14","(1.500,0.000);(2.000,0.000);(2.000,1.000);(2.000,1.500);(2.000,2.000)","0.18800,0.12500,0.12500,0.25000,0.12500",233.2407400235038,1.9,0.9,3.4000000000000004
5,"1,4,6,11,14","(1.500,0.000);(1.500,0.500);(2.500,0.500);(2.000,1.500);(2.000,2.000)","0.18800,0.12500,0.18800,0.25000,0.12500",233.2407400235038,1.9,0.9,3.4000000000000004
5,"1,5,6,10,14","(1.500,0.000);(2.000,0.500);(2.500,0.500);(1.500,1.500);(2.000,2.000)","0.18800,0.25000,0.18800,0.12500,0.12500",233.2407400235038,1.9,0.9,3.4000000000000004
5,"2,4,10,11,15","(2.000,0.000);(1.500,0.500);(1.500,1.500);(2.000,1.500);(2.500,2.000)","0.12500,0.12500,0.12500,0.25000,0.18800",233.2407400235038,1.9,1.1,3.4
5,"2,4,10,12,14","(2.000,0.000);(1.500,0.500);(1.500,1.500);(2.500,1.500);(2.000,2.000)","0.12500,0.12500,0.12500,0.12500,0.12500",233.2407400235038,1.9,1.1,3.4
5,"3,4,5,10,14","(2.500,0.000);(1.500,0.500);(2.000,0.500);(1.500,1.500);(2.000,2.000)","0.18800,0.12500,0.25000,0.12500,0.12500",233.2407400235038,1.9,0.9,3.4000000000000004
5,"1,4,5,12,14","(1.500,0.000);(1.500,0.500);(2.000,0.500);(2.500,1.500);(2.000,2.000)","0.18800,0.12500,0.25000,0.12500,0.12500",233.24074002350386,1.9,0.9,3.4000000000000004
5,"2,4,6,10,14","(2.000,0.000);(1.500,0.500);(2.500,0.500);(1.500,1.500);(2.000,2.000)","0.12500,0.12500,0.18800,0.12500,0.12500",233.24074002350386,1.9,0.9,3.4000000000000004
5,"3,6,13,14,15","(2.500,0.000);(2.500,0.500);(1.500,2.000);(2.000,2.000);(2.500,2.000)","0.18800,0.18800,0.12500,0.12500,0.18800",233.40514699410187,2.2,1.3,4.6
5,"1,4,8,10,11","(1.500,0.000);(1.500,0.500);(2.000,1.000);(1.500,1.500);(2.000,1.500)","0.18800,0.12500,0.12500,0.12500,0.25000",233.72001206023558,1.7,0.9,2.0
5,"1,5,7,10,11","(1.500,0.000);(2.000,0.500);(1.500,1.000);(1.500,1.500);(2.000,1.500)","0.18800,0.25000,0.18800,0.12500,0.25000",233.72001206023558,1.7,0.9,2.0
5,"5,7,10,13,14","(2.000,0.500);(1.500,1.000);(1.500,1.500);(1.500,2.000);(2.000,2.000)","0.25000,0.18800,0.12500,0.12500,0.12500",233.72001206023558,1.7,1.4,2.0
5,"3,11,12,14,15","(2.500,0.000);(2.000,1.500);(2.500,1.500);(2.000,2.000);(2.500,2.000)","0.18800,0.25000,0.12500,0.12500,0.18800",233.86733007805296,2.3,1.4,3.0
5,"2,3,5,6,15","(2.000,0.000);(2.500,0.000);(2.000,0.500);(2.500,0.500);(2.500,2.000)","0.12500,0.18800,0.25000,0.18800,0.18800",233.86733007805302,2.3,0.6,2.9999999999999996
5,"3,5,6,8,11","(2.500,0.000);(2.000,0.500);(2.500,0.500);(2.000,1.000);(2.000,1.500)","0.18800,0.25000,0.18800,0.12500,0.25000",234.07958861440665,2.2,0.7,1.6
5,"3,6,7,8,9","(2.500,0.000);(2.500,0.500);(1.500,1.000);(2.000,1.000);(2.500,1.000)","0.18800,0.18800,0.18800,0.12500,0.12500",234.07958861440665,2.2,0.7,1.6
5,"5,8,11,12,15","(2.000,0.500);(2.000,1.000);(2.000,1.500);(2.500,1.500);(2.500,2.000)","0.25000,0.12500,0.25000,0.12500,0.18800",234.07958861440665,2.2,1.3,1.6
5,"7,8,9,12,15","(1.500,1.000);(2.000,1.000);(2.500,1.000);(2.500,1.500);(2.500,2.000)","0.18800,0.12500,0.12500,0.12500,0.18800",234.07958861440665,2.2,1.3,1.6
5,"1,6,10,11,12","(1.500,0.000);(2.500,0.500);(1.500,1.500);(2.000,1.500);(2.500,1.500)","0.18800,0.18800,0.12500,0.25000,0.12500",234.14635917061426,2.0,1.0,3.0
5,"3,4,10,11,12","(2.500,0.000);(1.500,0.500);(1.500,1.500);(2.000,1.500);(2.500,1.500)","0.18800,0.12500,0.12500,0.25000,0.12500",234.14635917061426,2.0,1.0,3.0
5,"4,5,6,10,15","(1.500,0.500);(2.000,0.500);(2.500,0.500);(1.500,1.500);(2.500,2.000)","0.12500,0.25000,0.18800,0.12500,0.18800",234.14635917061426,2.0,1.0,3.0
5,"6,7,13,14,15","(2.500,0.500);(1.500,1.000);(1.500,2.000);(2.000,2.000);(2.500,2.000)","0.18800,0.18800,0.12500,0.12500,0.18800",234.14635917061426,2.0,1.5,3.0
5,"1,3,8,11,14","(1.500,0.000);(2.500,0.000);(2.000,1.000);(2.000,1.500);(2.000,2.000)","0.18800,0.18800,0.12500,0.25000,0.12500",234.7443809340907,2.0,0.9,3.7
5,"1,2,8,12,14","(1.500,0.000);(2.000,0.000);(2.000,1.000);(2.500,1.500);(2.000,2.000)","0.18800,0.12500,0.12500,0.12500,0.12500",234.74438093409074,2.0,0.9,3.7
5,"1,2,9,11,14","(1.500,0.000);(2.000,0.000);(2.500,1.000);(2.000,1.500);(2.000,2.000)","0.18800,0.12500,0.12500,0.25000,0.12500",234.74438093409074,2.0,0.9,3.7
5,"1,4,6,12,14","(1.500,0.000);(1.500,0.500);(2.500,0.500);(2.500,1.500);(2.000,2.000)","0.18800,0.12500,0.18800,0.12500,0.12500",234.74438093409074,2.0,0.9,3.7
5,"2,3,7,11,14","(2.000,0.000);(2.500,0.000);(1.500,1.000);(2.000,1.500);(2.000,2.000)","0.12500,0.18800,0.18800,0.25000,0.12500",234.74438093409074,2.0,0.9,3.7
5,"2,3,8,10,14","(2.000,0.000);(2.500,0.000);(2.000,1.000);(1.500,1.500);(2.000,2.000)","0.12500,0.18800,0.12500,0.12500,0.12500",234.74438093409074,2.0,0.9,3.7
5,"2,4,10,12,15","(2.000,0.000);(1.500,0.500);(1.500,1.500);(2.500,1.500);(2.500,2.000)","0.12500,0.12500,0.12500,0.12500,0.18800",234.74438093409074,2.0,1.1,3.7
5,"2,4,8,14,15","(2.000,0.000);(1.500,0.500);(2.000,1.000);(2.000,2.000);(2.500,2.000)","0.12500,0.12500,0.12500,0.12500,0.18800",234.74438093409074,2.0,1.1,3.7
5,"2,5,7,14,15","(2.000,0.000);(2.000,0.500);(1.500,1.000);(2.000,2.000);(2.500,2.000)","0.12500,0.25000,0.18800,0.12500,0.18800",234.74438093409074,2.0,1.1,3.7
5,"3,4,6,10,14","(2.500,0.000);(1.500,0.500);(2.500,0.500);(1.500,1.500);(2.000,2.000)","0.18800,0.12500,0.18800,0.12500,0.12500",234.74438093409074,2.0,0.9,3.7
5,"1,3,4,12,13","(1.500,0.000);(2.500,0.000);(1.500,0.500);(2.500,1.500);(1.500,2.000)","0.18800,0.18800,0.12500,0.12500,0.12500",234.96916517727158,1.9,0.8,4.5
5,"1,3,6,10,13","(1.500,0.000);(2.500,0.000);(2.500,0.500);(1.500,1.500);(1.500,2.000)","0.18800,0.18800,0.18800,0.12500,0.12500",234.96916517727158,1.9,0.8,4.5
5,"1,8,9,13,15","(1.500,0.000);(2.000,1.000);(2.500,1.000);(1.500,2.000);(2.500,2.000)","0.18800,0.12500,0.12500,0.12500,0.18800",235.26570849540337,2.0,1.2,3.8000000000000003
5,"3,5,11,13,14","(2.500,0.000);(2.000,0.500);(2.000,1.500);(1.500,2.000);(2.000,2.000)","0.18800,0.25000,0.25000,0.12500,0.12500",235.26570849540337,2.0,1.2,3.8000000000000003
5,"3,7,8,13,15","(2.500,0.000);(1.500,1.000);(2.000,1.000);(1.500,2.000);(2.500,2.000)","0.18800,0.18800,0.12500,0.12500,0.18800",235.26570849540337,2.0,1.2,3.8000000000000003
5,"3,7,9,13,14","(2.500,0.000);(1.500,1.000);(2.500,1.000);(1.500,2.000);(2.000,2.000)","0.18800,0.18800,0.12500,0.12500,0.12500",235.26570849540337,2.0,1.2,3.8000000000000003
5,"2,3,5,13,14","(2.000,0.000);(2.500,0.000);(2.000,0.500);(1.500,2.000);(2.000,2.000)","0.12500,0.18800,0.25000,0.12500,0.12500",235.9657149168298,2.0,0.9,4.7
5,"2,4,10,11,13","(2.000,0.000);(1.500,0.500);(1.500,1.500);(2.000,1.500);(1.500,2.000)","0.12500,0.12500,0.12500,0.25000,0.12500",235.97630526482286,1.7,1.1,3.0
5,"1,4,5,10,14","(1.500,0.000);(1.500,0.500);(2.000,0.500);(1.500,1.500);(2.000,2.000)","0.18800,0.12500,0.25000,0.12500,0.12500",235.97630526482288,1.7,0.9,3.0000000000000004
5,"1,2,4,12,13","(1.500,0.000);(2.000,0.000);(1.500,0.500);(2.500,1.500);(1.500,2.000)","0.18800,0.12500,0.12500,0.12500,0.12500",236.54356297688338,1.8,0.8,4.1000000000000005
5,"1,2,6,10,13","(1.500,0.000);(2.000,0.000);(2.500,0.500);(1.500,1.500);(1.500,2.000)","0.18800,0.12500,0.18800,0.12500,0.12500",236.54356297688338,1.8,0.8,4.1000000000000005
5,"2,3,4,10,13","(2.000,0.000);(2.500,0.000);(1.500,0.500);(1.500,1.500);(1.500,2.000)","0.12500,0.18800,0.12500,0.12500,0.12500",236.54356297688338,1.8,0.8,4.1000000000000005
5,"1,3,4,11,13","(1.500,0.000);(2.500,0.000);(1.500,0.500);(2.000,1.500);(1.500,2.000)","0.18800,0.18800,0.12500,0.25000,0.12500",236.5435629768834,1.8,0.8,4.1000000000000005
5,"1,3,5,10,13","(1.500,0.000);(2.500,0.000);(2.000,0.500);(1.500,1.500);(1.500,2.000)","0.18800,0.18800,0.25000,0.12500,0.12500",236.5435629768834,1.8,0.8,4.1000000000000005
5,"3,4,5,11,15","(2.500,0.000);(1.500,0.500);(2.000,0.500);(2.000,1.500);(2.500,2.000)","0.18800,0.12500,0.25000,0.25000,0.18800",236.8400670856482,2.1,0.9,3.4000000000000004
5,"3,4,7,9,15","(2.500,0.000);(1.500,0.500);(1.500,1.000);(2.500,1.000);(2.500,2.000)","0.18800,0.12500,0.18800,0.12500,0.18800",236.8400670856482,2.1,0.9,3.4000000000000004
5,"3,5,10,11,15","(2.500,0.000);(2.000,0.500);(1.500,1.500);(2.000,1.500);(2.500,2.000)","0.18800,0.25000,0.12500,0.25000,0.18800",236.8400670856482,2.1,1.1,3.4
5,"3,5,10,12,14","(2.500,0.000);(2.000,0.500);(1.500,1.500);(2.500,1.500);(2.000,2.000)","0.18800,0.25000,0.12500,0.12500,0.12500",236.8400670856482,2.1,1.1,3.4
5,"3,6,10,11,14","(2.500,0.000);(2.500,0.500);(1.500,1.500);(2.000,1.500);(2.000,2.000)","0.18800,0.18800,0.12500,0.25000,0.12500",236.8400670856482,2.1,1.1,3.4
5,"3,7,9,10,15","(2.500,0.000);(1.500,1.000);(2.500,1.000);(1.500,1.500);(2.500,2.000)","0.18800,0.18800,0.12500,0.12500,0.18800",236.8400670856482,2.1,1.1,3.4
5,"2,4,5,12,15","(2.000,0.000);(1.500,0.500);(2.000,0.500);(2.500,1.500);(2.500,2.000)","0.12500,0.12500,0.25000,0.12500,0.18800",236.84006708564826,2.1,0.9,3.4000000000000004
5,"2,4,6,11,15","(2.000,0.000);(1.500,0.500);(2.500,0.500);(2.000,1.500);(2.500,2.000)","0.12500,0.12500,0.18800,0.25000,0.18800",236.84006708564826,2.1,0.9,3.4000000000000004
5,"1,2,9,11,12","(1.500,0.000);(2.000,0.000);(2.500,1.000);(2.000,1.500);(2.500,1.500)","0.18800,0.12500,0.12500,0.25000,0.12500",236.87346026553732,2.1,0.8,3.0
5,"1,9,11,12,14","(1.500,0.000);(2.500,1.000);(2.000,1.500);(2.500,1.500);(2.000,2.000)","0.18800,0.12500,0.25000,0.12500,0.12500",236.87346026553732,2.1,1.2,3.0
5,"2,3,7,11,12","(2.000,0.000);(2.500,0.000);(1.500,1.000);(2.000,1.500);(2.500,1.500)","0.12500,0.18800,0.18800,0.25000,0.12500",236.87346026553732,2.1,0.8,3.0
5,"2,5,6,7,15","(2.000,0.000);(2.000,0.500);(2.500,0.500);(1.500,1.000);(2.500,2.000)","0.12500,0.25000,0.18800,0.18800,0.18800",236.87346026553732,2.1,0.8,3.0
5,"3,7,11,12,14","(2.500,0.000);(1.500,1.000);(2.000,1.500);(2.500,1.500);(2.000,2.000)","0.18800,0.18800,0.25000,0.12500,0.12500",236.87346026553732,2.1,1.2,3.0
5,"5,6,7,14,15","(2.000,0.500);(2.500,0.500);(1.500,1.000);(2.000,2.000);(2.500,2.000)","0.25000,0.18800,0.18800,0.12500,0.18800",236.87346026553732,2.1,1.2,3.0
5,"1,3,4,7,12","(1.500,0.000);(2.500,0.000);(1.500,0.500);(1.500,1.000);(2.500,1.500)","0.18800,0.18800,0.12500,0.18800,0.12500",237.33995118052593,1.9,0.6,2.9
5,"1,2,4,10,11","(1.500,0.000);(2.000,0.000);(1.500,0.500);(1.500,1.500);(2.000,1.500)","0.18800,0.12500,0.12500,0.12500,0.25000",237.94780462529226,1.7,0.7,2.6
5,"1,8,10,11,13","(1.500,0.000);(2.000,1.000);(1.500,1.500);(2.000,1.500);(1.500,2.000)","0.18800,0.12500,0.12500,0.25000,0.12500",237.94780462529226,1.7,1.2,2.6
5,"4,5,10,13,14","(1.500,0.500);(2.000,0.500);(1.500,1.500);(1.500,2.000);(2.000,2.000)","0.12500,0.25000,0.12500,0.12500,0.12500",237.94780462529226,1.7,1.3,2.6
5,"4,5,7,13,14","(1.500,0.500);(2.000,0.500);(1.500,1.000);(1.500,2.000);(2.000,2.000)","0.12500,0.25000,0.18800,0.12500,0.12500",237.94780462529226,1.7,1.2,2.6
5,"1,4,5,6,7","(1.500,0.000);(1.500,0.500);(2.000,0.500);(2.500,0.500);(1.500,1.000)","0.18800,0.12500,0.25000,0.18800,0.18800",239.30100291016,1.8,0.5,1.3
5,"2,3,8,10,15","(2.000,0.000);(2.500,0.000);(2.000,1.000);(1.500,1.500);(2.500,2.000)","0.12500,0.18800,0.12500,0.12500,0.18800",239.52566357886386,2.1,0.9,3.9000000000000004
5,"3,10,12,13,15","(2.500,0.000);(1.500,1.500);(2.500,1.500);(1.500,2.000);(2.500,2.000)","0.18800,0.12500,0.12500,0.12500,0.18800",239.52566357886386,2.1,1.4,3.9
5,"3,4,10,12,15","(2.500,0.000);(1.500,0.500);(1.500,1.500);(2.500,1.500);(2.500,2.000)","0.18800,0.12500,0.12500,0.12500,0.18800",239.52566357886386,2.1,1.1,3.9
5,"3,4,6,10,15","(2.500,0.000);(1.500,0.500);(2.500,0.500);(1.500,1.500);(2.500,2.000)","0.18800,0.12500,0.18800,0.12500,0.18800",239.52566357886386,2.1,0.9,3.9000000000000004
5,"3,4,8,14,15","(2.500,0.000);(1.500,0.500);(2.000,1.000);(2.000,2.000);(2.500,2.000)","0.18800,0.12500,0.12500,0.12500,0.18800",239.52566357886386,2.1,1.1,3.9
5,"3,8,13,14,15","(2.500,0.000);(2.000,1.000);(1.500,2.000);(2.000,2.000);(2.500,2.000)","0.18800,0.12500,0.12500,0.12500,0.18800",239.52566357886386,2.1,1.4,3.9
5,"2,3,11,14,15","(2.000,0.000);(2.500,0.000);(2.000,1.500);(2.000,2.000);(2.500,2.000)","0.12500,0.18800,0.25000,0.12500,0.18800",239.56103819084416,2.2,1.1,4.5
5,"2,3,5,14,15","(2.000,0.000);(2.500,0.000);(2.000,0.500);(2.000,2.000);(2.500,2.000)","0.12500,0.18800,0.25000,0.12500,0.18800",239.56103819084422,2.2,0.9,4.5
5,"1,6,11,12,14","(1.500,0.000);(2.500,0.500);(2.000,1.500);(2.500,1.500);(2.000,2.000)","0.18800,0.18800,0.25000,0.12500,0.12500",239.6722472481496,2.1,1.1,3.4
5,"2,3,10,12,15","(2.000,0.000);(2.500,0.000);(1.500,1.500);(2.500,1.500);(2.500,2.000)","0.12500,0.18800,0.12500,0.12500,0.18800",239.8519314011491,2.2,1.0,4.3
5,"3,4,6,14,15","(2.500,0.000);(1.500,0.500);(2.500,0.500);(2.000,2.000);(2.500,2.000)","0.18800,0.12500,0.18800,0.12500,0.18800",239.8519314011491,2.2,1.0,4.3
5,"2,3,8,13,14","(2.000,0.000);(2.500,0.000);(2.000,1.000);(1.500,2.000);(2.000,2.000)","0.12500,0.18800,0.12500,0.12500,0.12500",240.2212037101493,2.0,1.0,4.5
5,"1,3,11,12,13","(1.500,0.000);(2.500,0.000);(2.000,1.500);(2.500,1.500);(1.500,2.000)","0.18800,0.18800,0.25000,0.12500,0.12500",240.22120371014935,2.0,1.0,4.5
5,"1,5,6,13,15","(1.500,0.000);(2.000,0.500);(2.500,0.500);(1.500,2.000);(2.500,2.000)","0.18800,0.25000,0.18800,0.12500,0.18800",240.22120371014935,2.0,1.0,4.5
5,"2,3,10,12,13","(2.000,0.000);(2.500,0.000);(1.500,1.500);(2.500,1.500);(1.500,2.000)","0.12500,0.18800,0.12500,0.12500,0.12500",240.22120371014935,2.0,1.0,4.5
5,"2,4,6,13,15","(2.000,0.000);(1.500,0.500);(2.500,0.500);(1.500,2.000);(2.500,2.000)","0.12500,0.12500,0.18800,0.12500,0.18800",240.22120371014935,2.0,1.0,4.5
5,"3,4,5,13,15","(2.500,0.000);(1.500,0.500);(2.000,0.500);(1.500,2.000);(2.500,2.000)","0.18800,0.12500,0.25000,0.12500,0.18800",240.22120371014935,2.0,1.0,4.5
5,"3,4,6,13,14","(2.500,0.000);(1.500,0.500);(2.500,0.500);(1.500,2.000);(2.000,2.000)","0.18800,0.12500,0.18800,0.12500,0.12500",240.22120371014935,2.0,1.0,4.5
5,"1,5,9,13,15","(1.500,0.000);(2.000,0.500);(2.500,1.000);(1.500,2.000);(2.500,2.000)","0.18800,0.25000,0.12500,0.12500,0.18800",240.28565110190553,2.0,1.1,4.2
5,"1,6,8,13,15","(1.500,0.000);(2.500,0.500);(2.000,1.000);(1.500,2.000);(2.500,2.000)","0.18800,0.18800,0.12500,0.12500,0.18800",240.28565110190553,2.0,1.1,4.2
5,"1,6,9,13,14","(1.500,0.000);(2.500,0.500);(2.500,1.000);(1.500,2.000);(2.000,2.000)","0.18800,0.18800,0.12500,0.12500,0.12500",240.28565110190553,2.0,1.1,4.2
5,"2,4,9,13,15","(2.000,0.000);(1.500,0.500);(2.500,1.000);(1.500,2.000);(2.500,2.000)","0.12500,0.12500,0.12500,0.12500,0.18800",240.28565110190553,2.0,1.1,4.2
5,"2,6,7,13,15","(2.000,0.000);(2.500,0.500);(1.500,1.000);(1.500,2.000);(2.500,2.000)","0.12500,0.18800,0.18800,0.12500,0.18800",240.28565110190553,2.0,1.1,4.2
5,"3,4,8,13,15","(2.500,0.000);(1.500,0.500);(2.000,1.000);(1.500,2.000);(2.500,2.000)","0.18800,0.12500,0.12500,0.12500,0.18800",240.28565110190553,2.0,1.1,4.2
5,"3,4,9,13,14","(2.500,0.000);(1.500,0.500);(2.500,1.000);(1.500,2.000);(2.000,2.000)","0.18800,0.12500,0.12500,0.12500,0.12500",240.28565110190553,2.0,1.1,4.2
5,"3,5,7,13,15","(2.500,0.000);(2.000,0.500);(1.500,1.000);(1.500,2.000);(2.500,2.000)","0.18800,0.25000,0.18800,0.12500,0.18800",240.28565110190553,2.0,1.1,4.2
5,"3,6,7,13,14","(2.500,0.000);(2.500,0.500);(1.500,1.000);(1.500,2.000);(2.000,2.000)","0.18800,0.18800,0.18800,0.12500,0.12500",240.28565110190553,2.0,1.1,4.2
5,"1,7,8,10,14","(1.500,0.000);(1.500,1.000);(2.000,1.000);(1.500,1.500);(2.000,2.000)","0.18800,0.18800,0.12500,0.12500,0.12500",240.61929790900757,1.7,1.1,2.5
5,"1,7,8,10,11","(1.500,0.000);(1.500,1.000);(2.000,1.000);(1.500,1.500);(2.000,1.500)","0.18800,0.18800,0.12500,0.12500,0.25000",240.72588105535206,1.7,1.0,1.8
5,"1,2,7,11,13","(1.500,0.000);(2.000,0.000);(1.500,1.000);(2.000,1.500);(1.500,2.000)","0.18800,0.12500,0.18800,0.25000,0.12500",240.87825065847923,1.7,0.9,3.5000000000000004
5,"1,2,8,10,13","(1.500,0.000);(2.000,0.000);(2.000,1.000);(1.500,1.500);(1.500,2.000)","0.18800,0.12500,0.12500,0.12500,0.12500",240.87825065847923,1.7,0.9,3.5000000000000004
5,"1,4,6,10,13","(1.500,0.000);(1.500,0.500);(2.500,0.500);(1.500,1.500);(1.500,2.000)","0.18800,0.12500,0.18800,0.12500,0.12500",240.87825065847923,1.7,0.9,3.5000000000000004
5,"3,11,13,14,15","(2.500,0.000);(2.000,1.500);(1.500,2.000);(2.000,2.000);(2.500,2.000)","0.18800,0.25000,0.12500,0.12500,0.18800",241.21336697156534,2.1,1.5,3.7
5,"1,4,9,12,15","(1.500,0.000);(1.500,0.500);(2.500,1.000);(2.500,1.500);(2.500,2.000)","0.18800,0.12500,0.12500,0.12500,0.18800",241.2133669715654,2.1,1.0,3.7
5,"1,6,9,10,15","(1.500,0.000);(2.500,0.500);(2.500,1.000);(1.500,1.500);(2.500,2.000)","0.18800,0.18800,0.12500,0.12500,0.18800",241.2133669715654,2.1,1.0,3.7
5,"3,4,7,12,15","(2.500,0.000);(1.500,0.500);(1.500,1.000);(2.500,1.500);(2.500,2.000)","0.18800,0.12500,0.18800,0.12500,0.18800",241.2133669715654,2.1,1.0,3.7
5,"3,4,9,10,15","(2.500,0.000);(1.500,0.500);(2.500,1.000);(1.500,1.500);(2.500,2.000)","0.18800,0.12500,0.12500,0.12500,0.18800",241.2133669715654,2.1,1.0,3.7
5,"3,6,7,10,15","(2.500,0.000);(2.500,0.500);(1.500,1.000);(1.500,1.500);(2.500,2.000)","0.18800,0.18800,0.18800,0.12500,0.18800",241.2133669715654,2.1,1.0,3.7
5,"1,4,5,9,11","(1.500,0.000);(1.500,0.500);(2.000,0.500);(2.500,1.000);(2.000,1.500)","0.18800,0.12500,0.25000,0.12500,0.25000",241.28371716458204,1.9,0.7,2.0
5,"1,4,6,8,11","(1.500,0.000);(1.500,0.500);(2.500,0.500);(2.000,1.000);(2.000,1.500)","0.18800,0.12500,0.18800,0.12500,0.25000",241.28371716458204,1.9,0.7,2.0
5,"3,4,5,7,11","(2.500,0.000);(1.500,0.500);(2.000,0.500);(1.500,1.000);(2.000,1.500)","0.18800,0.12500,0.25000,0.18800,0.25000",241.28371716458204,1.9,0.7,2.0
5,"5,7,10,11,15","(2.000,0.500);(1.500,1.000);(1.500,1.500);(2.000,1.500);(2.500,2.000)","0.25000,0.18800,0.12500,0.25000,0.18800",241.28371716458204,1.9,1.3,2.0
5,"2,4,7,12,14","(2.000,0.000);(1.500,0.500);(1.500,1.000);(2.500,1.500);(2.000,2.000)","0.12500,0.12500,0.18800,0.12500,0.12500",241.3438328314466,1.9,1.0,3.2
5,"2,4,9,10,14","(2.000,0.000);(1.500,0.500);(2.500,1.000);(1.500,1.500);(2.000,2.000)","0.12500,0.12500,0.12500,0.12500,0.12500",241.3438328314466,1.9,1.0,3.2
5,"2,6,7,10,14","(2.000,0.000);(2.500,0.500);(1.500,1.000);(1.500,1.500);(2.000,2.000)","0.12500,0.18800,0.18800,0.12500,0.12500",241.3438328314466,1.9,1.0,3.2
5,"1,4,8,12,14","(1.500,0.000);(1.500,0.500);(2.000,1.000);(2.500,1.500);(2.000,2.000)","0.18800,0.12500,0.12500,0.12500,0.12500",241.34383283144663,1.9,1.0,3.2
5,"1,4,9,11,14","(1.500,0.000);(1.500,0.500);(2.500,1.000);(2.000,1.500);(2.000,2.000)","0.18800,0.12500,0.12500,0.25000,0.12500",241.34383283144663,1.9,1.0,3.2
5,"1,5,7,12,14","(1.500,0.000);(2.000,0.500);(1.500,1.000);(2.500,1.500);(2.000,2.000)","0.18800,0.25000,0.18800,0.12500,0.12500",241.34383283144663,1.9,1.0,3.2
5,"1,5,9,10,14","(1.500,0.000);(2.000,0.500);(2.500,1.000);(1.500,1.500);(2.000,2.000)","0.18800,0.25000,0.12500,0.12500,0.12500",241.34383283144663,1.9,1.0,3.2
5,"1,6,7,11,14","(1.500,0.000);(2.500,0.500);(1.500,1.000);(2.000,1.500);(2.000,2.000)","0.18800,0.18800,0.18800,0.25000,0.12500",241.34383283144663,1.9,1.0,3.2
5,"1,6,8,10,14","(1.500,0.000);(2.500,0.500);(2.000,1.000);(1.500,1.500);(2.000,2.000)","0.18800,0.18800,0.12500,0.12500,0.12500",241.34383283144663,1.9,1.0,3.2
5,"2,4,7,11,15","(2.000,0.000);(1.500,0.500);(1.500,1.000);(2.000,1.500);(2.500,2.000)","0.12500,0.12500,0.18800,0.25000,0.18800",241.3438328314467,1.9,1.0,3.2
5,"2,4,8,10,15","(2.000,0.000);(1.500,0.500);(2.000,1.000);(1.500,1.500);(2.500,2.000)","0.12500,0.12500,0.12500,0.12500,0.18800",241.3438328314467,1.9,1.0,3.2
5,"2,5,7,10,15","(2.000,0.000);(2.000,0.500);(1.500,1.000);(1.500,1.500);(2.500,2.000)","0.12500,0.25000,0.18800,0.12500,0.18800",241.3438328314467,1.9,1.0,3.2
5,"3,4,7,11,14","(2.500,0.000);(1.500,0.500);(1.500,1.000);(2.000,1.500);(2.000,2.000)","0.18800,0.12500,0.18800,0.25000,0.12500",241.3438328314467,1.9,1.0,3.2
5,"3,4,8,10,14","(2.500,0.000);(1.500,0.500);(2.000,1.000);(1.500,1.500);(2.000,2.000)","0.18800,0.12500,0.12500,0.12500,0.12500",241.3438328314467,1.9,1.0,3.2
5,"3,5,7,10,14","(2.500,0.000);(2.000,0.500);(1.500,1.000);(1.500,1.500);(2.000,2.000)","0.18800,0.25000,0.18800,0.12500,0.12500",241.3438328314467,1.9,1.0,3.2
5,"1,5,6,7,9","(1.500,0.000);(2.000,0.500);(2.500,0.500);(1.500,1.000);(2.500,1.000)","0.18800,0.25000,0.18800,0.18800,0.12500",241.38744507204285,2.0,0.6,1.7
5,"1,3,6,13,15","(1.500,0.000);(2.500,0.000);(2.500,0.500);(1.500,2.000);(2.500,2.000)","0.18800,0.18800,0.18800,0.12500,0.18800",241.84544936914995,2.1,0.9,5.4
5,"1,2,4,11,14","(1.500,0.000);(2.000,0.000);(1.500,0.500);(2.000,1.500);(2.000,2.000)","0.18800,0.12500,0.12500,0.25000,0.12500",242.09749255130257,1.8,0.8,3.6000000000000005
5,"1,2,5,10,14","(1.500,0.000);(2.000,0.000);(2.000,0.500);(1.500,1.500);(2.000,2.000)","0.18800,0.12500,0.25000,0.12500,0.12500",242.09749255130257,1.8,0.8,3.6000000000000005
5,"2,4,11,13,14","(2.000,0.000);(1.500,0.500);(2.000,1.500);(1.500,2.000);(2.000,2.000)","0.12500,0.12500,0.25000,0.12500,0.12500",242.09749255130257,1.8,1.2,3.6000000000000005
5,"2,5,10,13,14","(2.000,0.000);(2.000,0.500);(1.500,1.500);(1.500,2.000);(2.000,2.000)","0.12500,0.25000,0.12500,0.12500,0.12500",242.09749255130257,1.8,1.2,3.6000000000000005
5,"3,8,9,12,15","(2.500,0.000);(2.000,1.000);(2.500,1.000);(2.500,1.500);(2.500,2.000)","0.18800,0.12500,0.12500,0.12500,0.18800",242.09749255130257,2.4,1.1,2.4
5,"1,2,3,7,8","(1.500,0.000);(2.000,0.000);(2.500,0.000);(1.500,1.000);(2.000,1.000)","0.18800,0.12500,0.18800,0.18800,0.12500",242.09749255130262,1.9,0.4,1.9
5,"1,2,5,8,11","(1.500,0.000);(2.000,0.000);(2.000,0.500);(2.000,1.000);(2.000,1.500)","0.18800,0.12500,0.25000,0.12500,0.25000",242.09749255130262,1.9,0.6,1.9
5,"1,2,7,8,9","(1.500,0.000);(2.000,0.000);(1.500,1.000);(2.000,1.000);(2.500,1.000)","0.18800,0.12500,0.18800,0.12500,0.12500",242.09749255130262,1.9,0.6,1.9
5,"1,3,4,6,7","(1.500,0.000);(2.500,0.000);(1.500,0.500);(2.500,0.500);(1.500,1.000)","0.18800,0.18800,0.12500,0.18800,0.18800",242.09749255130262,1.9,0.4,1.9
5,"1,4,5,6,11","(1.500,0.000);(1.500,0.500);(2.000,0.500);(2.500,0.500);(2.000,1.500)","0.18800,0.12500,0.25000,0.18800,0.25000",242.09749255130262,1.9,0.6,1.9
5,"1,4,6,7,9","(1.500,0.000);(1.500,0.500);(2.500,0.500);(1.500,1.000);(2.500,1.000)","0.18800,0.12500,0.18800,0.18800,0.12500",242.09749255130262,1.9,0.6,1.9
5,"3,6,8,9,15","(2.500,0.000);(2.500,0.500);(2.000,1.000);(2.500,1.000);(2.500,2.000)","0.18800,0.18800,0.12500,0.12500,0.18800",242.09749255130262,2.4,0.9,2.4000000000000004
5,"1,6,12,13,15","(1.500,0.000);(2.500,0.500);(2.500,1.500);(1.500,2.000);(2.500,2.000)","0.18800,0.18800,0.12500,0.12500,0.18800",242.17022726604296,2.1,1.2,4.5
5,"3,4,12,13,15","(2.500,0.000);(1.500,0.500);(2.500,1.500);(1.500,2.000);(2.500,2.000)","0.18800,0.12500,0.12500,0.12500,0.18800",242.17022726604296,2.1,1.2,4.5
5,"3,6,10,13,15","(2.500,0.000);(2.500,0.500);(1.500,1.500);(1.500,2.000);(2.500,2.000)","0.18800,0.18800,0.12500,0.12500,0.18800",242.17022726604296,2.1,1.2,4.5
5,"1,4,7,11,14","(1.500,0.000);(1.500,0.500);(1.500,1.000);(2.000,1.500);(2.000,2.000)","0.18800,0.12500,0.18800,0.25000,0.12500",242.4445919044103,1.7,1.0,2.8000000000000003
5,"1,4,8,10,14","(1.500,0.000);(1.500,0.500);(2.000,1.000);(1.500,1.500);(2.000,2.000)","0.18800,0.12500,0.12500,0.12500,0.12500",242.4445919044103,1.7,1.0,2.8000000000000003
5,"1,5,7,10,14","(1.500,0.000);(2.000,0.500);(1.500,1.000);(1.500,1.500);(2.000,2.000)","0.18800,0.25000,0.18800,0.12500,0.12500",242.4445919044103,1.7,1.0,2.8000000000000003
5,"2,4,7,10,14","(2.000,0.000);(1.500,0.500);(1.500,1.000);(1.500,1.500);(2.000,2.000)","0.12500,0.12500,0.18800,0.12500,0.12500",242.4445919044103,1.7,1.0,2.8000000000000003
5,"4,6,7,10,15","(1.500,0.500);(2.500,0.500);(1.500,1.000);(1.500,1.500);(2.500,2.000)","0.12500,0.18800,0.18800,0.12500,0.18800",242.7419257252546,1.9,1.1,2.9
5,"6,7,10,13,15","(2.500,0.500);(1.500,1.000);(1.500,1.500);(1.500,2.000);(2.500,2.000)","0.18800,0.18800,0.12500,0.12500,0.18800",242.7419257252546,1.9,1.4,2.9
5,"1,4,9,10,12","(1.500,0.000);(1.500,0.500);(2.500,1.000);(1.500,1.500);(2.500,1.500)","0.18800,0.12500,0.12500,0.12500,0.12500",242.74192572525465,1.9,0.9,2.9
5,"1,6,7,10,12","(1.500,0.000);(2.500,0.500);(1.500,1.000);(1.500,1.500);(2.500,1.500)","0.18800,0.18800,0.18800,0.12500,0.12500",242.74192572525465,1.9,0.9,2.9
5,"3,4,7,10,12","(2.500,0.000);(1.500,0.500);(1.500,1.000);(1.500,1.500);(2.500,1.500)","0.18800,0.12500,0.18800,0.12500,0.12500",242.74192572525465,1.9,0.9,2.9
5,"1,4,8,11,12","(1.500,0.000);(1.500,0.500);(2.000,1.000);(2.000,1.500);(2.500,1.500)","0.18800,0.12500,0.12500,0.25000,0.12500",243.0114161203737,1.9,0.9,2.4
5,"1,8,10,11,12","(1.500,0.000);(2.000,1.000);(1.500,1.500);(2.000,1.500);(2.500,1.500)","0.18800,0.12500,0.12500,0.25000,0.12500",243.0114161203737,1.9,1.1,2.4
5,"5,10,13,14,15","(2.000,0.500);(1.500,1.500);(1.500,2.000);(2.000,2.000);(2.500,2.000)","0.25000,0.12500,0.12500,0.12500,0.18800",243.0114161203737,1.9,1.6,2.4
5,"1,2,8,11,12","(1.500,0.000);(2.000,0.000);(2.000,1.000);(2.000,1.500);(2.500,1.500)","0.18800,0.12500,0.12500,0.25000,0.12500",243.24057830533266,2.0,0.8,2.8000000000000003
5,"1,4,9,12,14","(1.500,0.000);(1.500,0.500);(2.500,1.000);(2.500,1.500);(2.000,2.000)","0.18800,0.12500,0.12500,0.12500,0.12500",243.24057830533266,2.0,1.0,3.5
5,"1,6,7,12,14","(1.500,0.000);(2.500,0.500);(1.500,1.000);(2.500,1.500);(2.000,2.000)","0.18800,0.18800,0.18800,0.12500,0.12500",243.24057830533266,2.0,1.0,3.5
5,"1,6,9,10,14","(1.500,0.000);(2.500,0.500);(2.500,1.000);(1.500,1.500);(2.000,2.000)","0.18800,0.18800,0.12500,0.12500,0.12500",243.24057830533266,2.0,1.0,3.5
5,"1,8,11,12,14","(1.500,0.000);(2.000,1.000);(2.000,1.500);(2.500,1.500);(2.000,2.000)","0.18800,0.12500,0.25000,0.12500,0.12500",243.24057830533266,2.0,1.2,2.8000000000000003
5,"2,4,5,8,15","(2.000,0.000);(1.500,0.500);(2.000,0.500);(2.000,1.000);(2.500,2.000)","0.12500,0.12500,0.25000,0.12500,0.18800",243.24057830533266,2.0,0.8,2.8000000000000003
5,"2,4,7,12,15","(2.000,0.000);(1.500,0.500);(1.500,1.000);(2.500,1.500);(2.500,2.000)","0.12500,0.12500,0.18800,0.12500,0.18800",243.24057830533266,2.0,1.0,3.5
5,"2,4,9,10,15","(2.000,0.000);(1.500,0.500);(2.500,1.000);(1.500,1.500);(2.500,2.000)","0.12500,0.12500,0.12500,0.12500,0.18800",243.24057830533266,2.0,1.0,3.5
5,"2,6,7,10,15","(2.000,0.000);(2.500,0.500);(1.500,1.000);(1.500,1.500);(2.500,2.000)","0.12500,0.18800,0.18800,0.12500,0.18800",243.24057830533266,2.0,1.0,3.5
5,"3,4,7,12,14","(2.500,0.000);(1.500,0.500);(1.500,1.000);(2.500,1.500);(2.000,2.000)","0.18800,0.12500,0.18800,0.12500,0.12500",243.24057830533266,2.0,1.0,3.5
5,"3,4,9,10,14","(2.500,0.000);(1.500,0.500);(2.500,1.000);(1.500,1.500);(2.000,2.000)","0.18800,0.12500,0.12500,0.12500,0.12500",243.24057830533266,2.0,1.0,3.5
5,"3,6,7,10,14","(2.500,0.000);(2.500,0.500);(1.500,1.000);(1.500,1.500);(2.000,2.000)","0.18800,0.18800,0.18800,0.12500,0.12500",243.24057830533266,2.0,1.0,3.5
5,"3,8,10,11,14","(2.500,0.000);(2.000,1.000);(1.500,1.500);(2.000,1.500);(2.000,2.000)","0.18800,0.12500,0.12500,0.25000,0.12500",243.24057830533266,2.0,1.2,2.8000000000000003
5,"1,7,8,12,14","(1.500,0.000);(1.500,1.000);(2.000,1.000);(2.500,1.500);(2.000,2.000)","0.18800,0.18800,0.12500,0.12500,0.12500",243.49041361610406,1.9,1.1,2.9
5,"1,7,9,11,14","(1.500,0.000);(1.500,1.000);(2.500,1.000);(2.000,1.500);(2.000,2.000)","0.18800,0.18800,0.12500,0.25000,0.12500",243.49041361610406,1.9,1.1,2.9
5,"1,8,9,10,14","(1.500,0.000);(2.000,1.000);(2.500,1.000);(1.500,1.500);(2.000,2.000)","0.18800,0.12500,0.12500,0.12500,0.12500",243.49041361610406,1.9,1.1,2.9
5,"3,7,8,10,14","(2.500,0.000);(1.500,1.000);(2.000,1.000);(1.500,1.500);(2.000,2.000)","0.18800,0.18800,0.12500,0.12500,0.12500",243.49041361610412,1.9,1.1,2.9
5,"2,4,7,8,15","(2.000,0.000);(1.500,0.500);(1.500,1.000);(2.000,1.000);(2.500,2.000)","0.12500,0.12500,0.18800,0.12500,0.18800",243.49041361610415,1.9,0.9,2.9000000000000004
5,"1,3,7,12,13","(1.500,0.000);(2.500,0.000);(1.500,1.000);(2.500,1.500);(1.500,2.000)","0.18800,0.18800,0.18800,0.12500,0.12500",243.9002429603532,1.9,0.9,4.4
5,"1,3,9,10,13","(1.500,0.000);(2.500,0.000);(2.500,1.000);(1.500,1.500);(1.500,2.000)","0.18800,0.18800,0.12500,0.12500,0.12500",243.9002429603532,1.9,0.9,4.4
5,"1,5,6,11,12","(1.500,0.000);(2.000,0.500);(2.500,0.500);(2.000,1.500);(2.500,1.500)","0.18800,0.25000,0.18800,0.25000,0.12500",244.00421850966353,2.1,0.8,2.5
5,"1,6,7,9,12","(1.500,0.000);(2.500,0.500);(1.500,1.000);(2.500,1.000);(2.500,1.500)","0.18800,0.18800,0.18800,0.12500,0.12500",244.00421850966353,2.1,0.8,2.5
5,"2,3,5,8,15","(2.000,0.000);(2.500,0.000);(2.000,0.500);(2.000,1.000);(2.500,2.000)","0.12500,0.18800,0.25000,0.12500,0.18800",244.1837906950832,2.2,0.7,3.1
5,"3,8,11,14,15","(2.500,0.000);(2.000,1.000);(2.000,1.500);(2.000,2.000);(2.500,2.000)","0.18800,0.12500,0.25000,0.12500,0.18800",244.1837906950832,2.2,1.3,3.1
5,"1,3,4,10,12","(1.500,0.000);(2.500,0.000);(1.500,0.500);(1.500,1.500);(2.500,1.500)","0.18800,0.18800,0.12500,0.12500,0.12500",244.55126895217646,1.9,0.7,3.5
5,"1,8,9,13,14","(1.500,0.000);(2.000,1.000);(2.500,1.000);(1.500,2.000);(2.000,2.000)","0.18800,0.12500,0.12500,0.12500,0.12500",244.55126895217646,1.9,1.2,3.5
5,"1,9,10,12,13","(1.500,0.000);(2.500,1.000);(1.500,1.500);(2.500,1.500);(1.500,2.000)","0.18800,0.12500,0.12500,0.12500,0.12500",244.55126895217646,1.9,1.2,3.5
5,"3,7,10,12,13","(2.500,0.000);(1.500,1.000);(1.500,1.500);(2.500,1.500);(1.500,2.000)","0.18800,0.18800,0.12500,0.12500,0.12500",244.55126895217646,1.9,1.2,3.5
5,"3,7,8,13,14","(2.500,0.000);(1.500,1.000);(2.000,1.000);(1.500,2.000);(2.000,2.000)","0.18800,0.18800,0.12500,0.12500,0.12500",244.55126895217646,1.9,1.2,3.5
5,"4,6,10,13,15","(1.500,0.500);(2.500,0.500);(1.500,1.500);(1.500,2.000);(2.500,2.000)","0.12500,0.18800,0.12500,0.12500,0.18800",244.55126895217646,1.9,1.3,3.5
5,"4,6,7,13,15","(1.500,0.500);(2.500,0.500);(1.500,1.000);(1.500,2.000);(2.500,2.000)","0.12500,0.18800,0.18800,0.12500,0.18800",244.55126895217646,1.9,1.2,3.5
5,"1,2,3,7,9","(1.500,0.000);(2.000,0.000);(2.500,0.000);(1.500,1.000);(2.500,1.000)","0.18800,0.12500,0.18800,0.18800,0.12500",244.65188476231742,2.0,0.4,2.2
5,"1,5,8,11,12","(1.500,0.000);(2.000,0.500);(2.000,1.000);(2.000,1.500);(2.500,1.500)","0.18800,0.25000,0.12500,0.25000,0.12500",244.65188476231742,2.0,0.9,2.2
5,"1,7,8,9,12","(1.500,0.000);(1.500,1.000);(2.000,1.000);(2.500,1.000);(2.500,1.500)","0.18800,0.18800,0.12500,0.12500,0.12500",244.65188476231742,2.0,0.9,2.2
5,"1,2,4,10,13","(1.500,0.000);(2.000,0.000);(1.500,0.500);(1.500,1.500);(1.500,2.000)","0.18800,0.12500,0.12500,0.12500,0.12500",244.99289688563562,1.6,0.8,3.5
5,"1,2,7,8,11","(1.500,0.000);(2.000,0.000);(1.500,1.000);(2.000,1.000);(2.000,1.500)","0.18800,0.12500,0.18800,0.12500,0.25000",245.15912526406333,1.8,0.7,2.1
5,"1,3,4,6,11","(1.500,0.000);(2.500,0.000);(1.500,0.500);(2.500,0.500);(2.000,1.500)","0.18800,0.18800,0.12500,0.18800,0.25000",245.43692606170254,2.0,0.5,2.5
5,"1,4,8,10,12","(1.500,0.000);(1.500,0.500);(2.000,1.000);(1.500,1.500);(2.500,1.500)","0.18800,0.12500,0.12500,0.12500,0.12500",245.5460819159145,1.8,0.9,2.5
5,"1,4,9,10,11","(1.500,0.000);(1.500,0.500);(2.500,1.000);(1.500,1.500);(2.000,1.500)","0.18800,0.12500,0.12500,0.12500,0.25000",245.5460819159145,1.8,0.9,2.5
5,"1,5,7,10,12","(1.500,0.000);(2.000,0.500);(1.500,1.000);(1.500,1.500);(2.500,1.500)","0.18800,0.25000,0.18800,0.12500,0.12500",245.5460819159145,1.8,0.9,2.5
5,"1,6,7,10,11","(1.500,0.000);(2.500,0.500);(1.500,1.000);(1.500,1.500);(2.000,1.500)","0.18800,0.18800,0.18800,0.12500,0.25000",245.5460819159145,1.8,0.9,2.5
5,"4,5,7,10,15","(1.500,0.500);(2.000,0.500);(1.500,1.000);(1.500,1.500);(2.500,2.000)","0.12500,0.25000,0.18800,0.12500,0.18800",245.5460819159145,1.8,1.1,2.5
5,"5,7,10,13,15","(2.000,0.500);(1.500,1.000);(1.500,1.500);(1.500,2.000);(2.500,2.000)","0.25000,0.18800,0.12500,0.12500,0.18800",245.5460819159145,1.8,1.4,2.5
5,"6,7,10,13,14","(2.500,0.500);(1.500,1.000);(1.500,1.500);(1.500,2.000);(2.000,2.000)","0.18800,0.18800,0.12500,0.12500,0.12500",245.5460819159145,1.8,1.4,2.5
5,"3,4,7,10,11","(2.500,0.000);(1.500,0.500);(1.500,1.000);(1.500,1.500);(2.000,1.500)","0.18800,0.12500,0.18800,0.12500,0.25000",245.54608191591458,1.8,0.9,2.5
5,"1,2,3,10,13","(1.500,0.000);(2.000,0.000);(2.500,0.000);(1.500,1.500);(1.500,2.000)","0.18800,0.12500,0.18800,0.12500,0.12500",245.60464034650053,1.8,0.7,4.6000000000000005
5,"1,3,9,13,15","(1.500,0.000);(2.500,0.000);(2.500,1.000);(1.500,2.000);(2.500,2.000)","0.18800,0.18800,0.12500,0.12500,0.18800",245.87174863527702,2.1,1.0,5.2
5,"2,3,6,7,11","(2.000,0.000);(2.500,0.000);(2.500,0.500);(1.500,1.000);(2.000,1.500)","0.12500,0.18800,0.18800,0.18800,0.25000",246.0249278162399,2.1,0.6,2.4
5,"6,7,11,14,15","(2.500,0.500);(1.500,1.000);(2.000,1.500);(2.000,2.000);(2.500,2.000)","0.18800,0.18800,0.25000,0.12500,0.18800",246.0249278162399,2.1,1.4,2.4
5,"1,2,6,9,11","(1.500,0.000);(2.000,0.000);(2.500,0.500);(2.500,1.000);(2.000,1.500)","0.18800,0.12500,0.18800,0.12500,0.25000",246.02492781624,2.1,0.6,2.4
5,"5,7,12,14,15","(2.000,0.500);(1.500,1.000);(2.500,1.500);(2.000,2.000);(2.500,2.000)","0.25000,0.18800,0.12500,0.12500,0.18800",246.02492781624,2.1,1.4,2.4
5,"1,5,10,11,13","(1.500,0.000);(2.000,0.500);(1.500,1.500);(2.000,1.500);(1.500,2.000)","0.18800,0.25000,0.12500,0.25000,0.12500",246.02611997942287,1.7,1.1,3.0
5,"1,7,9,10,13","(1.500,0.000);(1.500,1.000);(2.500,1.000);(1.500,1.500);(1.500,2.000)","0.18800,0.18800,0.12500,0.12500,0.12500",246.02611997942287,1.7,1.1,3.0
5,"2,3,11,13,15","(2.000,0.000);(2.500,0.000);(2.000,1.500);(1.500,2.000);(2.500,2.000)","0.12500,0.18800,0.25000,0.12500,0.18800",246.20577492960112,2.1,1.1,4.9
5,"2,3,12,13,14","(2.000,0.000);(2.500,0.000);(2.500,1.500);(1.500,2.000);(2.000,2.000)","0.12500,0.18800,0.12500,0.12500,0.12500",246.20577492960112,2.1,1.1,4.9
5,"1,2,7,12,13","(1.500,0.000);(2.000,0.000);(1.500,1.000);(2.500,1.500);(1.500,2.000)","0.18800,0.12500,0.18800,0.12500,0.12500",246.379763892244,1.8,0.9,4.0
5,"1,2,9,10,13","(1.500,0.000);(2.000,0.000);(2.500,1.000);(1.500,1.500);(1.500,2.000)","0.18800,0.12500,0.12500,0.12500,0.12500",246.379763892244,1.8,0.9,4.0
5,"1,3,7,11,13","(1.500,0.000);(2.500,0.000);(1.500,1.000);(2.000,1.500);(1.500,2.000)","0.18800,0.18800,0.18800,0.25000,0.12500",246.3797638922441,1.8,0.9,4.0
5,"1,3,8,10,13","(1.500,0.000);(2.500,0.000);(2.000,1.000);(1.500,1.500);(1.500,2.000)","0.18800,0.18800,0.12500,0.12500,0.12500",246.3797638922441,1.8,0.9,4.0
5,"2,3,7,10,13","(2.000,0.000);(2.500,0.000);(1.500,1.000);(1.500,1.500);(1.500,2.000)","0.12500,0.18800,0.18800,0.12500,0.12500",246.3797638922441,1.8,0.9,4.0
5,"2,3,4,12,15","(2.000,0.000);(2.500,0.000);(1.500,0.500);(2.500,1.500);(2.500,2.000)","0.12500,0.18800,0.12500,0.12500,0.18800",246.383302509115,2.2,0.8,4.1
5,"3,6,10,14,15","(2.500,0.000);(2.500,0.500);(1.500,1.500);(2.000,2.000);(2.500,2.000)","0.18800,0.18800,0.12500,0.12500,0.18800",246.383302509115,2.2,1.2,4.1
5,"1,4,7,12,13","(1.500,0.000);(1.500,0.500);(1.500,1.000);(2.500,1.500);(1.500,2.000)","0.18800,0.12500,0.18800,0.12500,0.12500",246.39409340396685,1.7,1.0,3.3000000000000003
5,"1,4,9,10,13","(1.500,0.000);(1.500,0.500);(2.500,1.000);(1.500,1.500);(1.500,2.000)","0.18800,0.12500,0.12500,0.12500,0.12500",246.39409340396685,1.7,1.0,3.3000000000000003
5,"1,6,7,10,13","(1.500,0.000);(2.500,0.500);(1.500,1.000);(1.500,1.500);(1.500,2.000)","0.18800,0.18800,0.18800,0.12500,0.12500",246.39409340396685,1.7,1.0,3.3000000000000003
5,"3,4,7,10,13","(2.500,0.000);(1.500,0.500);(1.500,1.000);(1.500,1.500);(1.500,2.000)","0.18800,0.12500,0.18800,0.12500,0.12500",246.39409340396685,1.7,1.0,3.3000000000000003
5,"1,5,11,12,14","(1.500,0.000);(2.000,0.500);(2.000,1.500);(2.500,1.500);(2.000,2.000)","0.18800,0.25000,0.25000,0.12500,0.12500",246.67122909044417,2.0,1.1,3.2
5,"1,7,9,12,14","(1.500,0.000);(1.500,1.000);(2.500,1.000);(2.500,1.500);(2.000,2.000)","0.18800,0.18800,0.12500,0.12500,0.12500",246.67122909044417,2.0,1.1,3.2
5,"2,4,5,11,15","(2.000,0.000);(1.500,0.500);(2.000,0.500);(2.000,1.500);(2.500,2.000)","0.12500,0.12500,0.25000,0.25000,0.18800",246.67122909044417,2.0,0.9,3.2
5,"2,4,7,9,15","(2.000,0.000);(1.500,0.500);(1.500,1.000);(2.500,1.000);(2.500,2.000)","0.12500,0.12500,0.18800,0.12500,0.18800",246.67122909044417,2.0,0.9,3.2
5,"3,5,10,11,14","(2.500,0.000);(2.000,0.500);(1.500,1.500);(2.000,1.500);(2.000,2.000)","0.18800,0.25000,0.12500,0.25000,0.12500",246.67122909044417,2.0,1.1,3.2
5,"3,7,9,10,14","(2.500,0.000);(1.500,1.000);(2.500,1.000);(1.500,1.500);(2.000,2.000)","0.18800,0.18800,0.12500,0.12500,0.12500",246.67122909044417,2.0,1.1,3.2
5,"1,4,6,11,12","(1.500,0.000);(1.500,0.500);(2.500,0.500);(2.000,1.500);(2.500,1.500)","0.18800,0.12500,0.18800,0.25000,0.12500",246.69882088888107,2.0,0.8,2.8000000000000003
5,"1,3,4,10,11","(1.500,0.000);(2.500,0.000);(1.500,0.500);(1.500,1.500);(2.000,1.500)","0.18800,0.18800,0.12500,0.12500,0.25000",246.8826639050834,1.8,0.7,3.1
5,"1,7,11,12,13","(1.500,0.000);(1.500,1.000);(2.000,1.500);(2.500,1.500);(1.500,2.000)","0.18800,0.18800,0.25000,0.12500,0.12500",246.8826639050834,1.8,1.2,3.1
5,"1,8,10,12,13","(1.500,0.000);(2.000,1.000);(1.500,1.500);(2.500,1.500);(1.500,2.000)","0.18800,0.12500,0.12500,0.12500,0.12500",246.8826639050834,1.8,1.2,3.1
5,"1,9,10,11,13","(1.500,0.000);(2.500,1.000);(1.500,1.500);(2.000,1.500);(1.500,2.000)","0.18800,0.12500,0.12500,0.25000,0.12500",246.8826639050834,1.8,1.2,3.1
5,"3,7,10,11,13","(2.500,0.000);(1.500,1.000);(1.500,1.500);(2.000,1.500);(1.500,2.000)","0.18800,0.18800,0.12500,0.25000,0.12500",246.8826639050834,1.8,1.2,3.1
5,"4,5,10,13,15","(1.500,0.500);(2.000,0.500);(1.500,1.500);(1.500,2.000);(2.500,2.000)","0.12500,0.25000,0.12500,0.12500,0.18800",246.8826639050834,1.8,1.3,3.1
5,"4,6,7,13,14","(1.500,0.500);(2.500,0.500);(1.500,1.000);(1.500,2.000);(2.000,2.000)","0.12500,0.18800,0.18800,0.12500,0.12500",246.8826639050834,1.8,1.2,3.1
5,"1,2,4,10,12","(1.500,0.000);(2.000,0.000);(1.500,0.500);(1.500,1.500);(2.500,1.500)","0.18800,0.12500,0.12500,0.12500,0.12500",246.88266390508343,1.8,0.7,3.1
5,"4,5,7,13,15","(1.500,0.500);(2.000,0.500);(1.500,1.000);(1.500,2.000);(2.500,2.000)","0.12500,0.25000,0.18800,0.12500,0.18800",246.88266390508343,1.8,1.2,3.1
5,"4,6,10,13,14","(1.500,0.500);(2.500,0.500);(1.500,1.500);(1.500,2.000);(2.000,2.000)","0.12500,0.18800,0.12500,0.12500,0.12500",246.88266390508343,1.8,1.3,3.1
5,"5,7,13,14,15","(2.000,0.500);(1.500,1.000);(1.500,2.000);(2.000,2.000);(2.500,2.000)","0.25000,0.18800,0.12500,0.12500,0.18800",246.94232629685274,1.9,1.5,2.7
5,"1,5,10,11,12","(1.500,0.000);(2.000,0.500);(1.500,1.500);(2.000,1.500);(2.500,1.500)","0.18800,0.25000,0.12500,0.25000,0.12500",246.9423262968528,1.9,1.0,2.7
5,"1,7,9,10,12","(1.500,0.000);(1.500,1.000);(2.500,1.000);(1.500,1.500);(2.500,1.500)","0.18800,0.18800,0.12500,0.12500,0.12500",246.9423262968528,1.9,1.0,2.7
5,"2,3,8,14,15","(2.000,0.000);(2.500,0.000);(2.000,1.000);(2.000,2.000);(2.500,2.000)","0.12500,0.18800,0.12500,0.12500,0.18800",247.80097930760445,2.2,1.0,4.3
5,"1,4,7,10,14","(1.500,0.000);(1.500,0.500);(1.500,1.000);(1.500,1.500);(2.000,2.000)","0.18800,0.12500,0.18800,0.12500,0.12500",248.02094387218122,1.6,1.0,2.7
5,"1,3,4,12,14","(1.500,0.000);(2.500,0.000);(1.500,0.500);(2.500,1.500);(2.000,2.000)","0.18800,0.18800,0.12500,0.12500,0.12500",248.3798119879269,2.0,0.8,4.3
5,"1,3,6,10,14","(1.500,0.000);(2.500,0.000);(2.500,0.500);(1.500,1.500);(2.000,2.000)","0.18800,0.18800,0.18800,0.12500,0.12500",248.3798119879269,2.0,0.8,4.3
5,"2,4,12,13,15","(2.000,0.000);(1.500,0.500);(2.500,1.500);(1.500,2.000);(2.500,2.000)","0.12500,0.12500,0.12500,0.12500,0.18800",248.3798119879269,2.0,1.2,4.3
5,"2,6,10,13,15","(2.000,0.000);(2.500,0.500);(1.500,1.500);(1.500,2.000);(2.500,2.000)","0.12500,0.18800,0.12500,0.12500,0.18800",248.3798119879269,2.0,1.2,4.3
5,"1,2,5,11,12","(1.500,0.000);(2.000,0.000);(2.000,0.500);(2.000,1.500);(2.500,1.500)","0.18800,0.12500,0.25000,0.25000,0.12500",248.48418808697278,2.0,0.7,2.8000000000000003
5,"1,2,7,9,12","(1.500,0.000);(2.000,0.000);(1.500,1.000);(2.500,1.000);(2.500,1.500)","0.18800,0.12500,0.18800,0.12500,0.12500",248.48418808697278,2.0,0.7,2.8000000000000003
5,"1,3,7,8,12","(1.500,0.000);(2.500,0.000);(1.500,1.000);(2.000,1.000);(2.500,1.500)","0.18800,0.18800,0.18800,0.12500,0.12500",248.48418808697278,2.0,0.7,2.8000000000000003
5,"1,8,12,13,15","(1.500,0.000);(2.000,1.000);(2.500,1.500);(1.500,2.000);(2.500,2.000)","0.18800,0.12500,0.12500,0.12500,0.18800",248.82986893096802,2.0,1.3,3.8000000000000003
5,"1,9,11,13,15","(1.500,0.000);(2.500,1.000);(2.000,1.500);(1.500,2.000);(2.500,2.000)","0.18800,0.12500,0.25000,0.12500,0.18800",248.82986893096802,2.0,1.3,3.8000000000000003
5,"1,9,12,13,14","(1.500,0.000);(2.500,1.000);(2.500,1.500);(1.500,2.000);(2.000,2.000)","0.18800,0.12500,0.12500,0.12500,0.12500",248.82986893096802,2.0,1.3,3.8000000000000003
5,"3,7,11,13,15","(2.500,0.000);(1.500,1.000);(2.000,1.500);(1.500,2.000);(2.500,2.000)","0.18800,0.18800,0.25000,0.12500,0.18800",248.82986893096802,2.0,1.3,3.8000000000000003
5,"3,7,12,13,14","(2.500,0.000);(1.500,1.000);(2.500,1.500);(1.500,2.000);(2.000,2.000)","0.18800,0.18800,0.12500,0.12500,0.12500",248.82986893096802,2.0,1.3,3.8000000000000003
5,"3,8,10,13,15","(2.500,0.000);(2.000,1.000);(1.500,1.500);(1.500,2.000);(2.500,2.000)","0.18800,0.12500,0.12500,0.12500,0.18800",248.82986893096802,2.0,1.3,3.8000000000000003
5,"3,9,10,13,14","(2.500,0.000);(2.500,1.000);(1.500,1.500);(1.500,2.000);(2.000,2.000)","0.18800,0.12500,0.12500,0.12500,0.12500",248.82986893096802,2.0,1.3,3.8000000000000003
5,"1,2,11,12,13","(1.500,0.000);(2.000,0.000);(2.000,1.500);(2.500,1.500);(1.500,2.000)","0.18800,0.12500,0.25000,0.12500,0.12500",248.9991484229357,1.9,1.0,4.2
5,"1,5,6,13,14","(1.500,0.000);(2.000,0.500);(2.500,0.500);(1.500,2.000);(2.000,2.000)","0.18800,0.25000,0.18800,0.12500,0.12500",248.9991484229357,1.9,1.0,4.2
5,"2,4,6,13,14","(2.000,0.000);(1.500,0.500);(2.500,0.500);(1.500,2.000);(2.000,2.000)","0.12500,0.12500,0.18800,0.12500,0.12500",248.9991484229357,1.9,1.0,4.2
5,"2,3,10,11,13","(2.000,0.000);(2.500,0.000);(1.500,1.500);(2.000,1.500);(1.500,2.000)","0.12500,0.18800,0.12500,0.25000,0.12500",248.99914842293572,1.9,1.0,4.2
5,"2,4,5,13,15","(2.000,0.000);(1.500,0.500);(2.000,0.500);(1.500,2.000);(2.500,2.000)","0.12500,0.12500,0.25000,0.12500,0.18800",248.99914842293572,1.9,1.0,4.2
5,"3,4,5,13,14","(2.500,0.000);(1.500,0.500);(2.000,0.500);(1.500,2.000);(2.000,2.000)","0.18800,0.12500,0.25000,0.12500,0.12500",248.99914842293572,1.9,1.0,4.2
5,"1,4,5,11,12","(1.500,0.000);(1.500,0.500);(2.000,0.500);(2.000,1.500);(2.500,1.500)","0.18800,0.12500,0.25000,0.25000,0.12500",249.43212116716575,1.9,0.8,2.5
5,"1,4,7,9,12","(1.500,0.000);(1.500,0.500);(1.500,1.000);(2.500,1.000);(2.500,1.500)","0.18800,0.12500,0.18800,0.12500,0.12500",249.43212116716575,1.9,0.8,2.5
5,"1,5,9,13,14","(1.500,0.000);(2.000,0.500);(2.500,1.000);(1.500,2.000);(2.000,2.000)","0.18800,0.25000,0.12500,0.12500,0.12500",249.57097358929184,1.9,1.1,3.9
5,"1,5,8,13,15","(1.500,0.000);(2.000,0.500);(2.000,1.000);(1.500,2.000);(2.500,2.000)","0.18800,0.25000,0.12500,0.12500,0.18800",249.57097358929187,1.9,1.1,3.9
5,"1,6,10,12,13","(1.500,0.000);(2.500,0.500);(1.500,1.500);(2.500,1.500);(1.500,2.000)","0.18800,0.18800,0.12500,0.12500,0.12500",249.57097358929187,1.9,1.1,3.9
5,"1,6,8,13,14","(1.500,0.000);(2.500,0.500);(2.000,1.000);(1.500,2.000);(2.000,2.000)","0.18800,0.18800,0.12500,0.12500,0.12500",249.57097358929187,1.9,1.1,3.9
5,"2,4,8,13,15","(2.000,0.000);(1.500,0.500);(2.000,1.000);(1.500,2.000);(2.500,2.000)","0.12500,0.12500,0.12500,0.12500,0.18800",249.57097358929187,1.9,1.1,3.9
5,"2,4,9,13,14","(2.000,0.000);(1.500,0.500);(2.500,1.000);(1.500,2.000);(2.000,2.000)","0.12500,0.12500,0.12500,0.12500,0.12500",249.57097358929187,1.9,1.1,3.9
5,"2,5,7,13,15","(2.000,0.000);(2.000,0.500);(1.500,1.000);(1.500,2.000);(2.500,2.000)","0.12500,0.25000,0.18800,0.12500,0.18800",249.57097358929187,1.9,1.1,3.9
5,"2,6,7,13,14","(2.000,0.000);(2.500,0.500);(1.500,1.000);(1.500,2.000);(2.000,2.000)","0.12500,0.18800,0.18800,0.12500,0.12500",249.57097358929187,1.9,1.1,3.9
5,"3,4,10,12,13","(2.500,0.000);(1.500,0.500);(1.500,1.500);(2.500,1.500);(1.500,2.000)","0.18800,0.12500,0.12500,0.12500,0.12500",249.57097358929192,1.9,1.1,3.9
5,"3,4,8,13,14","(2.500,0.000);(1.500,0.500);(2.000,1.000);(1.500,2.000);(2.000,2.000)","0.18800,0.12500,0.12500,0.12500,0.12500",249.57097358929192,1.9,1.1,3.9
5,"3,5,7,13,14","(2.500,0.000);(2.000,0.500);(1.500,1.000);(1.500,2.000);(2.000,2.000)","0.18800,0.25000,0.18800,0.12500,0.12500",249.57097358929192,1.9,1.1,3.9
5,"1,3,4,11,14","(1.500,0.000);(2.500,0.000);(1.500,0.500);(2.000,1.500);(2.000,2.000)","0.18800,0.18800,0.12500,0.25000,0.12500",249.57671003854236,1.9,0.8,4.0
5,"1,3,5,10,14","(1.500,0.000);(2.500,0.000);(2.000,0.500);(1.500,1.500);(2.000,2.000)","0.18800,0.18800,0.25000,0.12500,0.12500",249.57671003854236,1.9,0.8,4.0
5,"2,3,4,10,14","(2.000,0.000);(2.500,0.000);(1.500,0.500);(1.500,1.500);(2.000,2.000)","0.12500,0.18800,0.12500,0.12500,0.12500",249.57671003854236,1.9,0.8,4.0
5,"2,4,10,14,15","(2.000,0.000);(1.500,0.500);(1.500,1.500);(2.000,2.000);(2.500,2.000)","0.12500,0.12500,0.12500,0.12500,0.18800",249.57671003854236,1.9,1.2,4.0
5,"2,4,11,13,15","(2.000,0.000);(1.500,0.500);(2.000,1.500);(1.500,2.000);(2.500,2.000)","0.12500,0.12500,0.25000,0.12500,0.18800",249.57671003854236,1.9,1.2,4.0
5,"2,5,10,13,15","(2.000,0.000);(2.000,0.500);(1.500,1.500);(1.500,2.000);(2.500,2.000)","0.12500,0.25000,0.12500,0.12500,0.18800",249.57671003854236,1.9,1.2,4.0
5,"1,2,4,12,14","(1.500,0.000);(2.000,0.000);(1.500,0.500);(2.500,1.500);(2.000,2.000)","0.18800,0.12500,0.12500,0.12500,0.12500",249.5767100385424,1.9,0.8,4.0
5,"1,2,6,10,14","(1.500,0.000);(2.000,0.000);(2.500,0.500);(1.500,1.500);(2.000,2.000)","0.18800,0.12500,0.18800,0.12500,0.12500",249.5767100385424,1.9,0.8,4.0
5,"2,4,12,13,14","(2.000,0.000);(1.500,0.500);(2.500,1.500);(1.500,2.000);(2.000,2.000)","0.12500,0.12500,0.12500,0.12500,0.12500",249.5767100385424,1.9,1.2,4.0
5,"2,6,10,13,14","(2.000,0.000);(2.500,0.500);(1.500,1.500);(1.500,2.000);(2.000,2.000)","0.12500,0.18800,0.12500,0.12500,0.12500",249.5767100385424,1.9,1.2,4.0
5,"1,4,6,9,15","(1.500,0.000);(1.500,0.500);(2.500,0.500);(2.500,1.000);(2.500,2.000)","0.18800,0.12500,0.18800,0.12500,0.18800",250.35317529085762,2.1,0.8,3.5
5,"1,9,10,12,15","(1.500,0.000);(2.500,1.000);(1.500,1.500);(2.500,1.500);(2.500,2.000)","0.18800,0.12500,0.12500,0.12500,0.18800",250.35317529085762,2.1,1.2,3.5
5,"3,4,6,7,15","(2.500,0.000);(1.500,0.500);(2.500,0.500);(1.500,1.000);(2.500,2.000)","0.18800,0.12500,0.18800,0.18800,0.18800",250.35317529085762,2.1,0.8,3.5
5,"3,7,10,12,15","(2.500,0.000);(1.500,1.000);(1.500,1.500);(2.500,1.500);(2.500,2.000)","0.18800,0.18800,0.12500,0.12500,0.18800",250.35317529085762,2.1,1.2,3.5
5,"2,3,5,11,15","(2.000,0.000);(2.500,0.000);(2.000,0.500);(2.000,1.500);(2.500,2.000)","0.12500,0.18800,0.25000,0.25000,0.18800",251.50447857005253,2.2,0.8,3.6
5,"2,3,7,9,15","(2.000,0.000);(2.500,0.000);(1.500,1.000);(2.500,1.000);(2.500,2.000)","0.12500,0.18800,0.18800,0.12500,0.18800",251.50447857005253,2.2,0.8,3.6
5,"3,5,11,14,15","(2.500,0.000);(2.000,0.500);(2.000,1.500);(2.000,2.000);(2.500,2.000)","0.18800,0.25000,0.25000,0.12500,0.18800",251.50447857005253,2.2,1.2,3.6
5,"3,7,9,14,15","(2.500,0.000);(1.500,1.000);(2.500,1.000);(2.000,2.000);(2.500,2.000)","0.18800,0.18800,0.12500,0.12500,0.18800",251.50447857005253,2.2,1.2,3.6
5,"1,7,8,10,12","(1.500,0.000);(1.500,1.000);(2.000,1.000);(1.500,1.500);(2.500,1.500)","0.18800,0.18800,0.12500,0.12500,0.12500",251.7559259720957,1.8,1.0,2.3000000000000003
5,"1,7,9,10,11","(1.500,0.000);(1.500,1.000);(2.500,1.000);(1.500,1.500);(2.000,1.500)","0.18800,0.18800,0.12500,0.12500,0.25000",251.7559259720957,1.8,1.0,2.3
5,"2,4,5,13,14","(2.000,0.000);(1.500,0.500);(2.000,0.500);(1.500,2.000);(2.000,2.000)","0.12500,0.12500,0.25000,0.12500,0.12500",252.0294492646836,1.8,1.0,3.8000000000000003
5,"1,2,9,12,15","(1.500,0.000);(2.000,0.000);(2.500,1.000);(2.500,1.500);(2.500,2.000)","0.18800,0.12500,0.12500,0.12500,0.18800",252.13572155172838,2.2,0.9,4.0
5,"1,6,9,14,15","(1.500,0.000);(2.500,0.500);(2.500,1.000);(2.000,2.000);(2.500,2.000)","0.18800,0.18800,0.12500,0.12500,0.18800",252.13572155172838,2.2,1.1,4.0
5,"2,3,7,12,15","(2.000,0.000);(2.500,0.000);(1.500,1.000);(2.500,1.500);(2.500,2.000)","0.12500,0.18800,0.18800,0.12500,0.18800",252.13572155172838,2.2,0.9,4.0
5,"3,6,7,14,15","(2.500,0.000);(2.500,0.500);(1.500,1.000);(2.000,2.000);(2.500,2.000)","0.18800,0.18800,0.18800,0.12500,0.18800",252.13572155172838,2.2,1.1,4.0
5,"5,6,8,9,15","(2.000,0.500);(2.500,0.500);(2.000,1.000);(2.500,1.000);(2.500,2.000)","0.25000,0.18800,0.12500,0.12500,0.18800",252.44940966346564,2.3,1.0,1.8
5,"1,2,6,7,9","(1.500,0.000);(2.000,0.000);(2.500,0.500);(1.500,1.000);(2.500,1.000)","0.18800,0.12500,0.18800,0.18800,0.12500",252.5525133678513,2.0,0.5,2.0
5,"1,3,5,7,9","(1.500,0.000);(2.500,0.000);(2.000,0.500);(1.500,1.000);(2.500,1.000)","0.18800,0.18800,0.25000,0.18800,0.12500",252.5525133678513,2.0,0.5,2.0
5,"1,4,11,12,13","(1.500,0.000);(1.500,0.500);(2.000,1.500);(2.500,1.500);(1.500,2.000)","0.18800,0.12500,0.25000,0.12500,0.12500",252.6435178197993,1.8,1.1,3.5
5,"1,5,10,12,13","(1.500,0.000);(2.000,0.500);(1.500,1.500);(2.500,1.500);(1.500,2.000)","0.18800,0.25000,0.12500,0.12500,0.12500",252.6435178197993,1.8,1.1,3.5
5,"1,5,8,13,14","(1.500,0.000);(2.000,0.500);(2.000,1.000);(1.500,2.000);(2.000,2.000)","0.18800,0.25000,0.12500,0.12500,0.12500",252.6435178197993,1.8,1.1,3.5
5,"1,6,10,11,13","(1.500,0.000);(2.500,0.500);(1.500,1.500);(2.000,1.500);(1.500,2.000)","0.18800,0.18800,0.12500,0.25000,0.12500",252.6435178197993,1.8,1.1,3.5
5,"2,4,10,12,13","(2.000,0.000);(1.500,0.500);(1.500,1.500);(2.500,1.500);(1.500,2.000)","0.12500,0.12500,0.12500,0.12500,0.12500",252.6435178197993,1.8,1.1,3.5
5,"2,4,8,13,14","(2.000,0.000);(1.500,0.500);(2.000,1.000);(1.500,2.000);(2.000,2.000)","0.12500,0.12500,0.12500,0.12500,0.12500",252.6435178197993,1.8,1.1,3.5
5,"2,5,7,13,14","(2.000,0.000);(2.000,0.500);(1.500,1.000);(1.500,2.000);(2.000,2.000)","0.12500,0.25000,0.18800,0.12500,0.12500",252.6435178197993,1.8,1.1,3.5
5,"3,4,10,11,13","(2.500,0.000);(1.500,0.500);(1.500,1.500);(2.000,1.500);(1.500,2.000)","0.18800,0.12500,0.12500,0.25000,0.12500",252.6435178197993,1.8,1.1,3.5
5,"1,2,3,4,7","(1.500,0.000);(2.000,0.000);(2.500,0.000);(1.500,0.500);(1.500,1.000)","0.18800,0.12500,0.18800,0.12500,0.18800",252.72678769338688,1.8,0.3,1.5999999999999999
5,"1,4,5,8,11","(1.500,0.000);(1.500,0.500);(2.000,0.500);(2.000,1.000);(2.000,1.500)","0.18800,0.12500,0.25000,0.12500,0.25000",252.72678769338688,1.8,0.7,1.6
5,"5,7,11,14,15","(2.000,0.500);(1.500,1.000);(2.000,1.500);(2.000,2.000);(2.500,2.000)","0.25000,0.18800,0.25000,0.12500,0.18800",253.4784086156798,2.0,1.4,2.2
5,"1,2,5,9,11","(1.500,0.000);(2.000,0.000);(2.000,0.500);(2.500,1.000);(2.000,1.500)","0.18800,0.12500,0.25000,0.12500,0.25000",253.47840861567985,2.0,0.6,2.2
5,"1,2,6,8,11","(1.500,0.000);(2.000,0.000);(2.500,0.500);(2.000,1.000);(2.000,1.500)","0.18800,0.12500,0.18800,0.12500,0.25000",253.47840861567985,2.0,0.6,2.2
5,"2,3,5,7,11","(2.000,0.000);(2.500,0.000);(2.000,0.500);(1.500,1.000);(2.000,1.500)","0.12500,0.18800,0.25000,0.18800,0.25000",253.47840861567985,2.0,0.6,2.2
5,"1,3,6,10,15","(1.500,0.000);(2.500,0.000);(2.500,0.500);(1.500,1.500);(2.500,2.000)","0.18800,0.18800,0.18800,0.12500,0.18800",253.6323349915192,2.1,0.8,4.5
5,"3,5,13,14,15","(2.500,0.000);(2.000,0.500);(1.500,2.000);(2.000,2.000);(2.500,2.000)","0.18800,0.25000,0.12500,0.12500,0.18800",253.6323349915192,2.1,1.3,4.5
5,"1,4,7,10,11","(1.500,0.000);(1.500,0.500);(1.500,1.000);(1.500,1.500);(2.000,1.500)","0.18800,0.12500,0.18800,0.12500,0.25000",254.02622453663176,1.6,0.9,1.9
5,"1,2,6,13,15","(1.500,0.000);(2.000,0.000);(2.500,0.500);(1.500,2.000);(2.500,2.000)","0.18800,0.12500,0.18800,0.12500,0.18800",255.23171684868404,2.0,0.9,5.2
5,"1,3,5,13,15","(1.500,0.000);(2.500,0.000);(2.000,0.500);(1.500,2.000);(2.500,2.000)","0.18800,0.18800,0.25000,0.12500,0.18800",255.23171684868404,2.0,0.9,5.2
5,"1,3,6,13,14","(1.500,0.000);(2.500,0.000);(2.500,0.500);(1.500,2.000);(2.000,2.000)","0.18800,0.18800,0.18800,0.12500,0.12500",255.23171684868404,2.0,0.9,5.2
5,"2,3,4,13,15","(2.000,0.000);(2.500,0.000);(1.500,0.500);(1.500,2.000);(2.500,2.000)","0.12500,0.18800,0.12500,0.12500,0.18800",255.23171684868404,2.0,0.9,5.2
5,"1,7,10,11,13","(1.500,0.000);(1.500,1.000);(1.500,1.500);(2.000,1.500);(1.500,2.000)","0.18800,0.18800,0.12500,0.25000,0.12500",255.63880931560024,1.6,1.2,2.5
5,"1,3,4,9,11","(1.500,0.000);(2.500,0.000);(1.500,0.500);(2.500,1.000);(2.000,1.500)","0.18800,0.18800,0.12500,0.12500,0.25000",256.03673475803726,2.0,0.6,2.7
5,"6,7,10,14,15","(2.500,0.500);(1.500,1.000);(1.500,1.500);(2.000,2.000);(2.500,2.000)","0.18800,0.18800,0.12500,0.12500,0.18800",256.03673475803726,2.0,1.4,2.7
5,"1,2,7,11,14","(1.500,0.000);(2.000,0.000);(1.500,1.000);(2.000,1.500);(2.000,2.000)","0.18800,0.12500,0.18800,0.25000,0.12500",256.5568525424484,1.8,0.9,3.5000000000000004
5,"1,2,8,10,14","(1.500,0.000);(2.000,0.000);(2.000,1.000);(1.500,1.500);(2.000,2.000)","0.18800,0.12500,0.12500,0.12500,0.12500",256.5568525424484,1.8,0.9,3.5000000000000004
5,"1,4,6,10,14","(1.500,0.000);(1.500,0.500);(2.500,0.500);(1.500,1.500);(2.000,2.000)","0.18800,0.12500,0.18800,0.12500,0.12500",256.5568525424484,1.8,0.9,3.5000000000000004
5,"2,3,4,5,15","(2.000,0.000);(2.500,0.000);(1.500,0.500);(2.000,0.500);(2.500,2.000)","0.12500,0.18800,0.12500,0.25000,0.18800",256.5893983856139,2.1,0.6,3.3999999999999995
5,"3,10,11,14,15","(2.500,0.000);(1.500,1.500);(2.000,1.500);(2.000,2.000);(2.500,2.000)","0.18800,0.12500,0.25000,0.12500,0.18800",256.5893983856139,2.1,1.4,3.4
5,"1,2,7,10,13","(1.500,0.000);(2.000,0.000);(1.500,1.000);(1.500,1.500);(1.500,2.000)","0.18800,0.12500,0.18800,0.12500,0.12500",256.74115361074286,1.6,0.9,3.4000000000000004
5,"1,2,4,6,7","(1.500,0.000);(2.000,0.000);(1.500,0.500);(2.500,0.500);(1.500,1.000)","0.18800,0.12500,0.12500,0.18800,0.18800",257.13087729307654,1.8,0.4,1.5
5,"1,3,4,5,7","(1.500,0.000);(2.500,0.000);(1.500,0.500);(2.000,0.500);(1.500,1.000)","0.18800,0.18800,0.12500,0.25000,0.18800",257.13087729307654,1.8,0.4,1.5
5,"1,4,6,7,8","(1.500,0.000);(1.500,0.500);(2.500,0.500);(1.500,1.000);(2.000,1.000)","0.18800,0.12500,0.18800,0.18800,0.12500",257.13087729307654,1.8,0.6,1.5
5,"2,3,4,8,15","(2.000,0.000);(2.500,0.000);(1.500,0.500);(2.000,1.000);(2.500,2.000)","0.12500,0.18800,0.12500,0.12500,0.18800",257.13087729307654,2.1,0.7,3.5
5,"3,8,10,14,15","(2.500,0.000);(2.000,1.000);(1.500,1.500);(2.000,2.000);(2.500,2.000)","0.18800,0.12500,0.12500,0.12500,0.18800",257.13087729307654,2.1,1.3,3.5
5,"1,3,4,10,13","(1.500,0.000);(2.500,0.000);(1.500,0.500);(1.500,1.500);(1.500,2.000)","0.18800,0.18800,0.12500,0.12500,0.12500",257.2821082489718,1.7,0.8,4.1000000000000005
5,"1,11,12,13,15","(1.500,0.000);(2.000,1.500);(2.500,1.500);(1.500,2.000);(2.500,2.000)","0.18800,0.25000,0.12500,0.12500,0.18800",257.7838682682931,2.0,1.4,3.7
5,"1,3,10,11,12","(1.500,0.000);(2.500,0.000);(1.500,1.500);(2.000,1.500);(2.500,1.500)","0.18800,0.18800,0.12500,0.25000,0.12500",257.7838682682931,2.0,0.9,3.7
5,"1,4,11,12,15","(1.500,0.000);(1.500,0.500);(2.000,1.500);(2.500,1.500);(2.500,2.000)","0.18800,0.12500,0.25000,0.12500,0.18800",257.7838682682931,2.0,1.1,3.7
5,"3,10,11,13,15","(2.500,0.000);(1.500,1.500);(2.000,1.500);(1.500,2.000);(2.500,2.000)","0.18800,0.12500,0.25000,0.12500,0.18800",257.7838682682931,2.0,1.4,3.7
5,"3,10,12,13,14","(2.500,0.000);(1.500,1.500);(2.500,1.500);(1.500,2.000);(2.000,2.000)","0.18800,0.12500,0.12500,0.12500,0.12500",257.7838682682931,2.0,1.4,3.7
5,"3,4,10,11,15","(2.500,0.000);(1.500,0.500);(1.500,1.500);(2.000,1.500);(2.500,2.000)","0.18800,0.12500,0.12500,0.25000,0.18800",257.7838682682931,2.0,1.1,3.7
5,"3,4,10,12,14","(2.500,0.000);(1.500,0.500);(1.500,1.500);(2.500,1.500);(2.000,2.000)","0.18800,0.12500,0.12500,0.12500,0.12500",257.7838682682931,2.0,1.1,3.7
5,"1,5,6,10,15","(1.500,0.000);(2.000,0.500);(2.500,0.500);(1.500,1.500);(2.500,2.000)","0.18800,0.25000,0.18800,0.12500,0.18800",257.78386826829313,2.0,0.9,3.7
5,"2,4,6,10,15","(2.000,0.000);(1.500,0.500);(2.500,0.500);(1.500,1.500);(2.500,2.000)","0.12500,0.12500,0.18800,0.12500,0.18800",257.78386826829313,2.0,0.9,3.7
5,"3,4,5,10,15","(2.500,0.000);(1.500,0.500);(2.000,0.500);(1.500,1.500);(2.500,2.000)","0.18800,0.12500,0.25000,0.12500,0.18800",257.78386826829313,2.0,0.9,3.7
5,"1,2,3,10,14","(1.500,0.000);(2.000,0.000);(2.500,0.000);(1.500,1.500);(2.000,2.000)","0.18800,0.12500,0.18800,0.12500,0.12500",257.85007153588634,1.9,0.7,4.5
5,"2,4,13,14,15","(2.000,0.000);(1.500,0.500);(1.500,2.000);(2.000,2.000);(2.500,2.000)","0.12500,0.12500,0.12500,0.12500,0.18800",257.85007153588634,1.9,1.3,4.5
5,"1,5,12,13,15","(1.500,0.000);(2.000,0.500);(2.500,1.500);(1.500,2.000);(2.500,2.000)","0.18800,0.25000,0.12500,0.12500,0.18800",258.0927423686825,2.0,1.2,4.3
5,"1,6,11,13,15","(1.500,0.000);(2.500,0.500);(2.000,1.500);(1.500,2.000);(2.500,2.000)","0.18800,0.18800,0.25000,0.12500,0.18800",258.0927423686825,2.0,1.2,4.3
5,"1,6,12,13,14","(1.500,0.000);(2.500,0.500);(2.500,1.500);(1.500,2.000);(2.000,2.000)","0.18800,0.18800,0.12500,0.12500,0.12500",258.0927423686825,2.0,1.2,4.3
5,"3,4,11,13,15","(2.500,0.000);(1.500,0.500);(2.000,1.500);(1.500,2.000);(2.500,2.000)","0.18800,0.12500,0.25000,0.12500,0.18800",258.0927423686825,2.0,1.2,4.3
5,"3,4,12,13,14","(2.500,0.000);(1.500,0.500);(2.500,1.500);(1.500,2.000);(2.000,2.000)","0.18800,0.12500,0.12500,0.12500,0.12500",258.0927423686825,2.0,1.2,4.3
5,"3,5,10,13,15","(2.500,0.000);(2.000,0.500);(1.500,1.500);(1.500,2.000);(2.500,2.000)","0.18800,0.25000,0.12500,0.12500,0.18800",258.0927423686825,2.0,1.2,4.3
5,"3,6,10,13,14","(2.500,0.000);(2.500,0.500);(1.500,1.500);(1.500,2.000);(2.000,2.000)","0.18800,0.18800,0.12500,0.12500,0.12500",258.0927423686825,2.0,1.2,4.3
5,"1,4,8,9,15","(1.500,0.000);(1.500,0.500);(2.000,1.000);(2.500,1.000);(2.500,2.000)","0.18800,0.12500,0.12500,0.12500,0.18800",258.25283653474327,2.0,0.9,3.2
5,"1,8,9,10,15","(1.500,0.000);(2.000,1.000);(2.500,1.000);(1.500,1.500);(2.500,2.000)","0.18800,0.12500,0.12500,0.12500,0.18800",258.25283653474327,2.0,1.1,3.2
5,"3,4,7,8,15","(2.500,0.000);(1.500,0.500);(1.500,1.000);(2.000,1.000);(2.500,2.000)","0.18800,0.12500,0.18800,0.12500,0.18800",258.25283653474327,2.0,0.9,3.2
5,"3,7,8,10,15","(2.500,0.000);(1.500,1.000);(2.000,1.000);(1.500,1.500);(2.500,2.000)","0.18800,0.18800,0.12500,0.12500,0.18800",258.25283653474327,2.0,1.1,3.2
5,"1,2,4,10,14","(1.500,0.000);(2.000,0.000);(1.500,0.500);(1.500,1.500);(2.000,2.000)","0.18800,0.12500,0.12500,0.12500,0.12500",258.5083102942067,1.7,0.8,3.6000000000000005
5,"2,4,10,13,14","(2.000,0.000);(1.500,0.500);(1.500,1.500);(1.500,2.000);(2.000,2.000)","0.12500,0.12500,0.12500,0.12500,0.12500",258.5083102942067,1.7,1.2,3.6000000000000005
5,"1,3,6,11,12","(1.500,0.000);(2.500,0.000);(2.500,0.500);(2.000,1.500);(2.500,1.500)","0.18800,0.18800,0.18800,0.25000,0.12500",259.31524268572093,2.2,0.7,3.1
5,"6,9,11,12,15","(2.500,0.500);(2.500,1.000);(2.000,1.500);(2.500,1.500);(2.500,2.000)","0.18800,0.12500,0.25000,0.12500,0.18800",260.1147033022302,2.4,1.3,1.5
5,"1,2,6,7,8","(1.500,0.000);(2.000,0.000);(2.500,0.500);(1.500,1.000);(2.000,1.000)","0.18800,0.12500,0.18800,0.18800,0.12500",260.29702737444,1.9,0.5,1.7
5,"1,3,5,7,8","(1.500,0.000);(2.500,0.000);(2.000,0.500);(1.500,1.000);(2.000,1.000)","0.18800,0.18800,0.25000,0.18800,0.12500",260.29702737444,1.9,0.5,1.7
5,"1,2,6,11,12","(1.500,0.000);(2.000,0.000);(2.500,0.500);(2.000,1.500);(2.500,1.500)","0.18800,0.12500,0.18800,0.25000,0.12500",260.32517215771674,2.1,0.7,3.0
5,"1,3,5,11,12","(1.500,0.000);(2.500,0.000);(2.000,0.500);(2.000,1.500);(2.500,1.500)","0.18800,0.18800,0.25000,0.25000,0.12500",260.32517215771674,2.1,0.7,3.0
5,"1,3,7,9,12","(1.500,0.000);(2.500,0.000);(1.500,1.000);(2.500,1.000);(2.500,1.500)","0.18800,0.18800,0.18800,0.12500,0.12500",260.32517215771674,2.1,0.7,3.0
5,"1,4,6,12,15","(1.500,0.000);(1.500,0.500);(2.500,0.500);(2.500,1.500);(2.500,2.000)","0.18800,0.12500,0.18800,0.12500,0.18800",260.32517215771674,2.1,0.9,3.9000000000000004
5,"1,6,10,12,15","(1.500,0.000);(2.500,0.500);(1.500,1.500);(2.500,1.500);(2.500,2.000)","0.18800,0.18800,0.12500,0.12500,0.18800",260.32517215771674,2.1,1.1,3.9
5,"1,2,9,13,15","(1.500,0.000);(2.000,0.000);(2.500,1.000);(1.500,2.000);(2.500,2.000)","0.18800,0.12500,0.12500,0.12500,0.18800",260.3251721577168,2.0,1.0,5.0
5,"1,3,8,13,15","(1.500,0.000);(2.500,0.000);(2.000,1.000);(1.500,2.000);(2.500,2.000)","0.18800,0.18800,0.12500,0.12500,0.18800",260.3251721577168,2.0,1.0,5.0
5,"1,3,9,13,14","(1.500,0.000);(2.500,0.000);(2.500,1.000);(1.500,2.000);(2.000,2.000)","0.18800,0.18800,0.12500,0.12500,0.12500",260.3251721577168,2.0,1.0,5.0
5,"2,3,7,13,15","(2.000,0.000);(2.500,0.000);(1.500,1.000);(1.500,2.000);(2.500,2.000)","0.12500,0.18800,0.18800,0.12500,0.18800",260.3251721577168,2.0,1.0,5.0
5,"1,2,7,10,11","(1.500,0.000);(2.000,0.000);(1.500,1.000);(1.500,1.500);(2.000,1.500)","0.18800,0.12500,0.18800,0.12500,0.25000",260.7776338947169,1.7,0.8,2.6
5,"1,3,9,10,15","(1.500,0.000);(2.500,0.000);(2.500,1.000);(1.500,1.500);(2.500,2.000)","0.18800,0.18800,0.12500,0.12500,0.18800",260.9154603067213,2.1,0.9,4.4
5,"1,3,7,10,12","(1.500,0.000);(2.500,0.000);(1.500,1.000);(1.500,1.500);(2.500,1.500)","0.18800,0.18800,0.18800,0.12500,0.12500",260.9750903803206,1.9,0.8,3.5
5,"1,8,11,13,15","(1.500,0.000);(2.000,1.000);(2.000,1.500);(1.500,2.000);(2.500,2.000)","0.18800,0.12500,0.25000,0.12500,0.18800",260.9750903803206,1.9,1.3,3.5
5,"1,8,12,13,14","(1.500,0.000);(2.000,1.000);(2.500,1.500);(1.500,2.000);(2.000,2.000)","0.18800,0.12500,0.12500,0.12500,0.12500",260.9750903803206,1.9,1.3,3.5
5,"1,9,11,13,14","(1.500,0.000);(2.500,1.000);(2.000,1.500);(1.500,2.000);(2.000,2.000)","0.18800,0.12500,0.25000,0.12500,0.12500",260.9750903803206,1.9,1.3,3.5
5,"3,7,11,13,14","(2.500,0.000);(1.500,1.000);(2.000,1.500);(1.500,2.000);(2.000,2.000)","0.18800,0.18800,0.25000,0.12500,0.12500",260.9750903803206,1.9,1.3,3.5
5,"3,8,10,13,14","(2.500,0.000);(2.000,1.000);(1.500,1.500);(1.500,2.000);(2.000,2.000)","0.18800,0.12500,0.12500,0.12500,0.12500",260.9750903803206,1.9,1.3,3.5
5,"1,4,9,11,15","(1.500,0.000);(1.500,0.500);(2.500,1.000);(2.000,1.500);(2.500,2.000)","0.18800,0.12500,0.12500,0.25000,0.18800",261.32706876178304,2.0,1.0,3.5
5,"1,5,9,10,15","(1.500,0.000);(2.000,0.500);(2.500,1.000);(1.500,1.500);(2.500,2.000)","0.18800,0.25000,0.12500,0.12500,0.18800",261.32706876178304,2.0,1.0,3.5
5,"3,4,7,11,15","(2.500,0.000);(1.500,0.500);(1.500,1.000);(2.000,1.500);(2.500,2.000)","0.18800,0.12500,0.18800,0.25000,0.18800",261.32706876178304,2.0,1.0,3.5
5,"3,5,7,10,15","(2.500,0.000);(2.000,0.500);(1.500,1.000);(1.500,1.500);(2.500,2.000)","0.18800,0.25000,0.18800,0.12500,0.18800",261.32706876178304,2.0,1.0,3.5
5,"1,4,8,12,15","(1.500,0.000);(1.500,0.500);(2.000,1.000);(2.500,1.500);(2.500,2.000)","0.18800,0.12500,0.12500,0.12500,0.18800",261.3270687617831,2.0,1.0,3.5
5,"1,6,8,10,15","(1.500,0.000);(2.500,0.500);(2.000,1.000);(1.500,1.500);(2.500,2.000)","0.18800,0.18800,0.12500,0.12500,0.18800",261.3270687617831,2.0,1.0,3.5
5,"3,4,8,10,15","(2.500,0.000);(1.500,0.500);(2.000,1.000);(1.500,1.500);(2.500,2.000)","0.18800,0.12500,0.12500,0.12500,0.18800",261.3270687617831,2.0,1.0,3.5
5,"1,3,6,14,15","(1.500,0.000);(2.500,0.000);(2.500,0.500);(2.000,2.000);(2.500,2.000)","0.18800,0.18800,0.18800,0.12500,0.18800",261.47162388545377,2.2,0.9,5.0
5,"2,3,11,13,14","(2.000,0.000);(2.500,0.000);(2.000,1.500);(1.500,2.000);(2.000,2.000)","0.12500,0.18800,0.25000,0.12500,0.12500",261.534113348152,2.0,1.1,4.7
5,"1,3,7,12,14","(1.500,0.000);(2.500,0.000);(1.500,1.000);(2.500,1.500);(2.000,2.000)","0.18800,0.18800,0.18800,0.12500,0.12500",262.64320737043556,2.0,0.9,4.2
5,"1,3,9,10,14","(1.500,0.000);(2.500,0.000);(2.500,1.000);(1.500,1.500);(2.000,2.000)","0.18800,0.18800,0.12500,0.12500,0.12500",262.64320737043556,2.0,0.9,4.2
5,"2,3,10,11,15","(2.000,0.000);(2.500,0.000);(1.500,1.500);(2.000,1.500);(2.500,2.000)","0.12500,0.18800,0.12500,0.25000,0.18800",263.4305524140271,2.1,1.0,4.2
5,"2,3,10,12,14","(2.000,0.000);(2.500,0.000);(1.500,1.500);(2.500,1.500);(2.000,2.000)","0.12500,0.18800,0.12500,0.12500,0.12500",263.4305524140271,2.1,1.0,4.2
5,"2,4,6,14,15","(2.000,0.000);(1.500,0.500);(2.500,0.500);(2.000,2.000);(2.500,2.000)","0.12500,0.12500,0.18800,0.12500,0.18800",263.4305524140271,2.1,1.0,4.2
5,"3,4,5,14,15","(2.500,0.000);(1.500,0.500);(2.000,0.500);(2.000,2.000);(2.500,2.000)","0.18800,0.12500,0.25000,0.12500,0.18800",263.4305524140271,2.1,1.0,4.2
5,"1,2,11,12,15","(1.500,0.000);(2.000,0.000);(2.000,1.500);(2.500,1.500);(2.500,2.000)","0.18800,0.12500,0.25000,0.12500,0.18800",263.43055241402726,2.1,1.0,4.2
5,"1,3,11,12,14","(1.500,0.000);(2.500,0.000);(2.000,1.500);(2.500,1.500);(2.000,2.000)","0.18800,0.18800,0.25000,0.12500,0.12500",263.43055241402726,2.1,1.0,4.2
5,"1,5,6,14,15","(1.500,0.000);(2.000,0.500);(2.500,0.500);(2.000,2.000);(2.500,2.000)","0.18800,0.25000,0.18800,0.12500,0.18800",263.43055241402726,2.1,1.0,4.2
5,"1,4,10,11,13","(1.500,0.000);(1.500,0.500);(1.500,1.500);(2.000,1.500);(1.500,2.000)","0.18800,0.12500,0.12500,0.25000,0.12500",263.7783040696788,1.6,1.1,2.9
5,"1,2,3,11,12","(1.500,0.000);(2.000,0.000);(2.500,0.000);(2.000,1.500);(2.500,1.500)","0.18800,0.12500,0.18800,0.25000,0.12500",263.9718386203207,2.1,0.6,3.4
5,"1,8,10,11,14","(1.500,0.000);(2.000,1.000);(1.500,1.500);(2.000,1.500);(2.000,2.000)","0.18800,0.12500,0.12500,0.25000,0.12500",264.2637494261026,1.8,1.2,2.6
5,"1,3,12,13,15","(1.500,0.000);(2.500,0.000);(2.500,1.500);(1.500,2.000);(2.500,2.000)","0.18800,0.18800,0.12500,0.12500,0.18800",264.3722195898661,2.1,1.1,5.4
5,"5,6,8,12,15","(2.000,0.500);(2.500,0.500);(2.000,1.000);(2.500,1.500);(2.500,2.000)","0.25000,0.18800,0.12500,0.12500,0.18800",264.3840544140363,2.3,1.1,2.0
5,"1,2,7,12,14","(1.500,0.000);(2.000,0.000);(1.500,1.000);(2.500,1.500);(2.000,2.000)","0.18800,0.12500,0.18800,0.12500,0.12500",264.4597928878179,1.9,0.9,3.9000000000000004
5,"1,2,9,10,14","(1.500,0.000);(2.000,0.000);(2.500,1.000);(1.500,1.500);(2.000,2.000)","0.18800,0.12500,0.12500,0.12500,0.12500",264.4597928878179,1.9,0.9,3.9000000000000004
5,"1,3,7,11,14","(1.500,0.000);(2.500,0.000);(1.500,1.000);(2.000,1.500);(2.000,2.000)","0.18800,0.18800,0.18800,0.25000,0.12500",264.4597928878179,1.9,0.9,3.9000000000000004
5,"1,3,8,10,14","(1.500,0.000);(2.500,0.000);(2.000,1.000);(1.500,1.500);(2.000,2.000)","0.18800,0.18800,0.12500,0.12500,0.12500",264.4597928878179,1.9,0.9,3.9000000000000004
5,"2,3,7,10,14","(2.000,0.000);(2.500,0.000);(1.500,1.000);(1.500,1.500);(2.000,2.000)","0.12500,0.18800,0.18800,0.12500,0.12500",264.4597928878179,1.9,0.9,3.9000000000000004
5,"2,4,7,14,15","(2.000,0.000);(1.500,0.500);(1.500,1.000);(2.000,2.000);(2.500,2.000)","0.12500,0.12500,0.18800,0.12500,0.18800",264.4597928878179,1.9,1.1,3.9
5,"1,2,3,13,15","(1.500,0.000);(2.000,0.000);(2.500,0.000);(1.500,2.000);(2.500,2.000)","0.18800,0.12500,0.18800,0.12500,0.18800",264.5261541011151,2.0,0.8,5.800000000000001
5,"3,6,8,12,15","(2.500,0.000);(2.500,0.500);(2.000,1.000);(2.500,1.500);(2.500,2.000)","0.18800,0.18800,0.12500,0.12500,0.18800",265.07188014663876,2.4,1.0,2.7
5,"1,2,5,13,15","(1.500,0.000);(2.000,0.000);(2.000,0.500);(1.500,2.000);(2.500,2.000)","0.18800,0.12500,0.25000,0.12500,0.18800",265.3368630761368,1.9,0.9,4.9
5,"1,2,6,13,14","(1.500,0.000);(2.000,0.000);(2.500,0.500);(1.500,2.000);(2.000,2.000)","0.18800,0.12500,0.18800,0.12500,0.12500",265.3368630761368,1.9,0.9,4.9
5,"1,3,5,13,14","(1.500,0.000);(2.500,0.000);(2.000,0.500);(1.500,2.000);(2.000,2.000)","0.18800,0.18800,0.25000,0.12500,0.12500",265.3368630761368,1.9,0.9,4.9
5,"2,3,4,13,14","(2.000,0.000);(2.500,0.000);(1.500,0.500);(1.500,2.000);(2.000,2.000)","0.12500,0.18800,0.12500,0.12500,0.12500",265.3368630761368,1.9,0.9,4.9
5,"3,5,7,8,9","(2.500,0.000);(2.000,0.500);(1.500,1.000);(2.000,1.000);(2.500,1.000)","0.18800,0.25000,0.18800,0.12500,0.12500",266.21372368084405,2.1,0.7,1.5
5,"7,8,9,11,15","(1.500,1.000);(2.000,1.000);(2.500,1.000);(2.000,1.500);(2.500,2.000)","0.18800,0.12500,0.12500,0.25000,0.18800",266.21372368084405,2.1,1.3,1.5
5,"1,4,7,12,14","(1.500,0.000);(1.500,0.500);(1.500,1.000);(2.500,1.500);(2.000,2.000)","0.18800,0.12500,0.18800,0.12500,0.12500",266.30724180643284,1.8,1.0,3.3000000000000003
5,"1,4,9,10,14","(1.500,0.000);(1.500,0.500);(2.500,1.000);(1.500,1.500);(2.000,2.000)","0.18800,0.12500,0.12500,0.12500,0.12500",266.30724180643284,1.8,1.0,3.3000000000000003
5,"1,6,7,10,14","(1.500,0.000);(2.500,0.500);(1.500,1.000);(1.500,1.500);(2.000,2.000)","0.18800,0.18800,0.18800,0.12500,0.12500",266.30724180643284,1.8,1.0,3.3000000000000003
5,"2,4,7,10,15","(2.000,0.000);(1.500,0.500);(1.500,1.000);(1.500,1.500);(2.500,2.000)","0.12500,0.12500,0.18800,0.12500,0.18800",266.30724180643284,1.8,1.0,3.3000000000000003
5,"3,4,7,10,14","(2.500,0.000);(1.500,0.500);(1.500,1.000);(1.500,1.500);(2.000,2.000)","0.18800,0.12500,0.18800,0.12500,0.12500",266.30724180643284,1.8,1.0,3.3000000000000003
5,"6,7,8,9,11","(2.500,0.500);(1.500,1.000);(2.000,1.000);(2.500,1.000);(2.000,1.500)","0.18800,0.18800,0.12500,0.12500,0.25000",266.4874817963463,2.1,1.0,1.2
5,"1,10,11,12,13","(1.500,0.000);(1.500,1.500);(2.000,1.500);(2.500,1.500);(1.500,2.000)","0.18800,0.12500,0.25000,0.12500,0.12500",266.55203904694287,1.8,1.3,3.1
5,"1,2,7,10,12","(1.500,0.000);(2.000,0.000);(1.500,1.000);(1.500,1.500);(2.500,1.500)","0.18800,0.12500,0.18800,0.12500,0.12500",266.55203904694287,1.8,0.8,3.1
5,"1,3,7,10,11","(1.500,0.000);(2.500,0.000);(1.500,1.000);(1.500,1.500);(2.000,1.500)","0.18800,0.18800,0.18800,0.12500,0.25000",266.55203904694287,1.8,0.8,3.1
5,"1,8,11,13,14","(1.500,0.000);(2.000,1.000);(2.000,1.500);(1.500,2.000);(2.000,2.000)","0.18800,0.12500,0.25000,0.12500,0.12500",266.55203904694287,1.8,1.3,3.1
5,"3,5,8,9,11","(2.500,0.000);(2.000,0.500);(2.000,1.000);(2.500,1.000);(2.000,1.500)","0.18800,0.25000,0.12500,0.12500,0.25000",268.30429546292845,2.2,0.8,1.6
5,"5,8,9,11,15","(2.000,0.500);(2.000,1.000);(2.500,1.000);(2.000,1.500);(2.500,2.000)","0.25000,0.12500,0.12500,0.25000,0.18800",268.30429546292845,2.2,1.2,1.6
5,"1,5,7,11,12","(1.500,0.000);(2.000,0.500);(1.500,1.000);(2.000,1.500);(2.500,1.500)","0.18800,0.25000,0.18800,0.25000,0.12500",268.3042954629285,1.9,0.9,2.4
5,"1,3,7,10,13","(1.500,0.000);(2.500,0.000);(1.500,1.000);(1.500,1.500);(1.500,2.000)","0.18800,0.18800,0.18800,0.12500,0.12500",268.96075818898805,1.7,0.9,4.0
5,"1,2,8,12,15","(1.500,0.000);(2.000,0.000);(2.000,1.000);(2.500,1.500);(2.500,2.000)","0.18800,0.12500,0.12500,0.12500,0.18800",269.18142831998466,2.1,0.9,3.9000000000000004
5,"1,2,9,11,15","(1.500,0.000);(2.000,0.000);(2.500,1.000);(2.000,1.500);(2.500,2.000)","0.18800,0.12500,0.12500,0.25000,0.18800",269.18142831998466,2.1,0.9,3.9000000000000004
5,"2,3,7,11,15","(2.000,0.000);(2.500,0.000);(1.500,1.000);(2.000,1.500);(2.500,2.000)","0.12500,0.18800,0.18800,0.25000,0.18800",269.18142831998466,2.1,0.9,3.9000000000000004
5,"3,5,7,14,15","(2.500,0.000);(2.000,0.500);(1.500,1.000);(2.000,2.000);(2.500,2.000)","0.18800,0.25000,0.18800,0.12500,0.18800",269.18142831998466,2.1,1.1,3.9
5,"1,5,9,14,15","(1.500,0.000);(2.000,0.500);(2.500,1.000);(2.000,2.000);(2.500,2.000)","0.18800,0.25000,0.12500,0.12500,0.18800",269.1814283199847,2.1,1.1,3.9
5,"1,6,8,14,15","(1.500,0.000);(2.500,0.500);(2.000,1.000);(2.000,2.000);(2.500,2.000)","0.18800,0.18800,0.12500,0.12500,0.18800",269.1814283199847,2.1,1.1,3.9
5,"1,2,5,6,7","(1.500,0.000);(2.000,0.000);(2.000,0.500);(2.500,0.500);(1.500,1.000)","0.18800,0.12500,0.25000,0.18800,0.18800",269.3900662543077,1.9,0.4,1.4
5,"1,5,6,7,8","(1.500,0.000);(2.000,0.500);(2.500,0.500);(1.500,1.000);(2.000,1.000)","0.18800,0.25000,0.18800,0.18800,0.12500",269.3900662543077,1.9,0.6,1.4
5,"1,2,7,9,11","(1.500,0.000);(2.000,0.000);(1.500,1.000);(2.500,1.000);(2.000,1.500)","0.18800,0.12500,0.18800,0.12500,0.25000",269.5825295230935,1.9,0.7,2.5
5,"1,5,9,11,12","(1.500,0.000);(2.000,0.500);(2.500,1.000);(2.000,1.500);(2.500,1.500)","0.18800,0.25000,0.12500,0.25000,0.12500",269.70683662134525,2.1,0.9,2.4
5,"1,6,8,11,12","(1.500,0.000);(2.500,0.500);(2.000,1.000);(2.000,1.500);(2.500,1.500)","0.18800,0.18800,0.12500,0.25000,0.12500",269.70683662134525,2.1,0.9,2.4
5,"3,5,7,11,12","(2.500,0.000);(2.000,0.500);(1.500,1.000);(2.000,1.500);(2.500,1.500)","0.18800,0.25000,0.18800,0.25000,0.12500",269.70683662134525,2.1,0.9,2.4
5,"1,2,8,9,15","(1.500,0.000);(2.000,0.000);(2.000,1.000);(2.500,1.000);(2.500,2.000)","0.18800,0.12500,0.12500,0.12500,0.18800",269.76339672191904,2.1,0.8,3.5
5,"1,8,9,14,15","(1.500,0.000);(2.000,1.000);(2.500,1.000);(2.000,2.000);(2.500,2.000)","0.18800,0.12500,0.12500,0.12500,0.18800",269.76339672191904,2.1,1.2,3.5
5,"2,3,7,8,15","(2.000,0.000);(2.500,0.000);(1.500,1.000);(2.000,1.000);(2.500,2.000)","0.12500,0.18800,0.18800,0.12500,0.18800",269.76339672191904,2.1,0.8,3.5
5,"3,7,8,14,15","(2.500,0.000);(1.500,1.000);(2.000,1.000);(2.000,2.000);(2.500,2.000)","0.18800,0.18800,0.12500,0.12500,0.18800",269.76339672191904,2.1,1.2,3.5
5,"1,5,10,11,14","(1.500,0.000);(2.000,0.500);(1.500,1.500);(2.000,1.500);(2.000,2.000)","0.18800,0.25000,0.12500,0.25000,0.12500",269.7633967219191,1.8,1.1,3.0
5,"1,7,9,10,14","(1.500,0.000);(1.500,1.000);(2.500,1.000);(1.500,1.500);(2.000,2.000)","0.18800,0.18800,0.12500,0.12500,0.12500",269.7633967219191,1.8,1.1,3.0
5,"1,2,4,6,11","(1.500,0.000);(2.000,0.000);(1.500,0.500);(2.500,0.500);(2.000,1.500)","0.18800,0.12500,0.12500,0.18800,0.25000",269.9806186678729,1.9,0.5,2.2
5,"1,3,4,5,11","(1.500,0.000);(2.500,0.000);(1.500,0.500);(2.000,0.500);(2.000,1.500)","0.18800,0.18800,0.12500,0.25000,0.25000",269.9806186678729,1.9,0.5,2.2
5,"1,3,4,7,9","(1.500,0.000);(2.500,0.000);(1.500,0.500);(1.500,1.000);(2.500,1.000)","0.18800,0.18800,0.12500,0.18800,0.12500",269.9806186678729,1.9,0.5,2.2
5,"1,5,11,13,15","(1.500,0.000);(2.000,0.500);(2.000,1.500);(1.500,2.000);(2.500,2.000)","0.18800,0.25000,0.25000,0.12500,0.18800",270.44490533650287,1.9,1.2,4.0
5,"1,5,12,13,14","(1.500,0.000);(2.000,0.500);(2.500,1.500);(1.500,2.000);(2.000,2.000)","0.18800,0.25000,0.12500,0.12500,0.12500",270.44490533650287,1.9,1.2,4.0
5,"1,6,11,13,14","(1.500,0.000);(2.500,0.500);(2.000,1.500);(1.500,2.000);(2.000,2.000)","0.18800,0.18800,0.25000,0.12500,0.12500",270.44490533650287,1.9,1.2,4.0
5,"1,7,9,13,15","(1.500,0.000);(1.500,1.000);(2.500,1.000);(1.500,2.000);(2.500,2.000)","0.18800,0.18800,0.12500,0.12500,0.18800",270.44490533650287,1.9,1.2,4.0
5,"3,4,11,13,14","(2.500,0.000);(1.500,0.500);(2.000,1.500);(1.500,2.000);(2.000,2.000)","0.18800,0.12500,0.25000,0.12500,0.12500",270.44490533650287,1.9,1.2,4.0
5,"3,5,10,13,14","(2.500,0.000);(2.000,0.500);(1.500,1.500);(1.500,2.000);(2.000,2.000)","0.18800,0.25000,0.12500,0.12500,0.12500",270.44490533650287,1.9,1.2,4.0
5,"1,2,5,13,14","(1.500,0.000);(2.000,0.000);(2.000,0.500);(1.500,2.000);(2.000,2.000)","0.18800,0.12500,0.25000,0.12500,0.12500",270.6732252634808,1.8,0.9,4.500000000000001
5,"1,3,9,14,15","(1.500,0.000);(2.500,0.000);(2.500,1.000);(2.000,2.000);(2.500,2.000)","0.18800,0.18800,0.12500,0.12500,0.18800",271.06780213389106,2.2,1.0,4.8
5,"1,8,9,11,12","(1.500,0.000);(2.000,1.000);(2.500,1.000);(2.000,1.500);(2.500,1.500)","0.18800,0.12500,0.12500,0.25000,0.12500",271.2364656754299,2.1,1.0,2.2
5,"1,2,9,13,14","(1.500,0.000);(2.000,0.000);(2.500,1.000);(1.500,2.000);(2.000,2.000)","0.18800,0.12500,0.12500,0.12500,0.12500",271.47655726711383,1.9,1.0,4.7
5,"2,3,7,13,14","(2.000,0.000);(2.500,0.000);(1.500,1.000);(1.500,2.000);(2.000,2.000)","0.12500,0.18800,0.18800,0.12500,0.12500",271.47655726711383,1.9,1.0,4.7
5,"1,2,8,13,15","(1.500,0.000);(2.000,0.000);(2.000,1.000);(1.500,2.000);(2.500,2.000)","0.18800,0.12500,0.12500,0.12500,0.18800",271.4765572671139,1.9,1.0,4.7
5,"1,3,10,12,13","(1.500,0.000);(2.500,0.000);(1.500,1.500);(2.500,1.500);(1.500,2.000)","0.18800,0.18800,0.12500,0.12500,0.12500",271.4765572671139,1.9,1.0,4.7
5,"1,3,8,13,14","(1.500,0.000);(2.500,0.000);(2.000,1.000);(1.500,2.000);(2.000,2.000)","0.18800,0.18800,0.12500,0.12500,0.12500",271.4765572671139,1.9,1.0,4.7
5,"1,4,6,13,15","(1.500,0.000);(1.500,0.500);(2.500,0.500);(1.500,2.000);(2.500,2.000)","0.18800,0.12500,0.18800,0.12500,0.18800",271.4765572671139,1.9,1.0,4.7
5,"1,2,6,10,15","(1.500,0.000);(2.000,0.000);(2.500,0.500);(1.500,1.500);(2.500,2.000)","0.18800,0.12500,0.18800,0.12500,0.18800",272.0044392253968,2.0,0.8,4.3
5,"1,3,5,10,15","(1.500,0.000);(2.500,0.000);(2.000,0.500);(1.500,1.500);(2.500,2.000)","0.18800,0.18800,0.25000,0.12500,0.18800",272.0044392253968,2.0,0.8,4.3
5,"1,4,12,14,15","(1.500,0.000);(1.500,0.500);(2.500,1.500);(2.000,2.000);(2.500,2.000)","0.18800,0.12500,0.12500,0.12500,0.18800",272.0044392253968,2.0,1.2,4.3
5,"2,3,4,10,15","(2.000,0.000);(2.500,0.000);(1.500,0.500);(1.500,1.500);(2.500,2.000)","0.12500,0.18800,0.12500,0.12500,0.18800",272.0044392253968,2.0,0.8,4.3
5,"3,4,10,14,15","(2.500,0.000);(1.500,0.500);(1.500,1.500);(2.000,2.000);(2.500,2.000)","0.18800,0.12500,0.12500,0.12500,0.18800",272.0044392253968,2.0,1.2,4.3
5,"1,2,4,8,11","(1.500,0.000);(2.000,0.000);(1.500,0.500);(2.000,1.000);(2.000,1.500)","0.18800,0.12500,0.12500,0.12500,0.25000",272.5208455195296,1.8,0.6,2.0
5,"1,2,5,7,11","(1.500,0.000);(2.000,0.000);(2.000,0.500);(1.500,1.000);(2.000,1.500)","0.18800,0.12500,0.25000,0.18800,0.25000",272.5208455195296,1.8,0.6,2.0
5,"1,11,12,13,14","(1.500,0.000);(2.000,1.500);(2.500,1.500);(1.500,2.000);(2.000,2.000)","0.18800,0.25000,0.12500,0.12500,0.12500",272.61454581716134,1.9,1.4,3.4
5,"1,4,11,12,14","(1.500,0.000);(1.500,0.500);(2.000,1.500);(2.500,1.500);(2.000,2.000)","0.18800,0.12500,0.25000,0.12500,0.12500",272.61454581716134,1.9,1.1,3.4
5,"3,10,11,13,14","(2.500,0.000);(1.500,1.500);(2.000,1.500);(1.500,2.000);(2.000,2.000)","0.18800,0.12500,0.25000,0.12500,0.12500",272.61454581716134,1.9,1.4,3.4
5,"3,4,10,11,14","(2.500,0.000);(1.500,0.500);(1.500,1.500);(2.000,1.500);(2.000,2.000)","0.18800,0.12500,0.12500,0.25000,0.12500",272.61454581716134,1.9,1.1,3.4
5,"1,2,10,11,12","(1.500,0.000);(2.000,0.000);(1.500,1.500);(2.000,1.500);(2.500,1.500)","0.18800,0.12500,0.12500,0.25000,0.12500",272.6145458171614,1.9,0.9,3.4
5,"2,4,5,10,15","(2.000,0.000);(1.500,0.500);(2.000,0.500);(1.500,1.500);(2.500,2.000)","0.12500,0.12500,0.25000,0.12500,0.18800",272.6145458171614,1.9,0.9,3.4000000000000004
5,"1,3,4,10,14","(1.500,0.000);(2.500,0.000);(1.500,0.500);(1.500,1.500);(2.000,2.000)","0.18800,0.18800,0.12500,0.12500,0.12500",273.3944711446816,1.8,0.8,4.1000000000000005
5,"2,4,10,13,15","(2.000,0.000);(1.500,0.500);(1.500,1.500);(1.500,2.000);(2.500,2.000)","0.12500,0.12500,0.12500,0.12500,0.18800",273.3944711446816,1.8,1.2,4.1000000000000005
5,"2,3,4,11,15","(2.000,0.000);(2.500,0.000);(1.500,0.500);(2.000,1.500);(2.500,2.000)","0.12500,0.18800,0.12500,0.25000,0.18800",273.4442253275853,2.1,0.8,4.0
5,"3,5,10,14,15","(2.500,0.000);(2.000,0.500);(1.500,1.500);(2.000,2.000);(2.500,2.000)","0.18800,0.25000,0.12500,0.12500,0.18800",273.4442253275853,2.1,1.2,4.0
5,"1,2,11,12,14","(1.500,0.000);(2.000,0.000);(2.000,1.500);(2.500,1.500);(2.000,2.000)","0.18800,0.12500,0.25000,0.12500,0.12500",273.45895791698365,2.0,1.0,4.0
5,"1,2,5,6,11","(1.500,0.000);(2.000,0.000);(2.000,0.500);(2.500,0.500);(2.000,1.500)","0.18800,0.12500,0.25000,0.18800,0.25000",273.45895791698365,2.0,0.5,2.0
5,"2,3,10,11,14","(2.000,0.000);(2.500,0.000);(1.500,1.500);(2.000,1.500);(2.000,2.000)","0.12500,0.18800,0.12500,0.25000,0.12500",273.45895791698365,2.0,1.0,4.0
5,"2,4,5,14,15","(2.000,0.000);(1.500,0.500);(2.000,0.500);(2.000,2.000);(2.500,2.000)","0.12500,0.12500,0.25000,0.12500,0.18800",273.45895791698365,2.0,1.0,4.0
5,"3,6,9,12,15","(2.500,0.000);(2.500,0.500);(2.500,1.000);(2.500,1.500);(2.500,2.000)","0.18800,0.18800,0.12500,0.12500,0.18800",273.45895791698365,2.5,1.0,2.5
5,"1,3,6,7,8","(1.500,0.000);(2.500,0.000);(2.500,0.500);(1.500,1.000);(2.000,1.000)","0.18800,0.18800,0.18800,0.18800,0.12500",273.4589579169837,2.0,0.5,2.0
5,"1,4,9,13,15","(1.500,0.000);(1.500,0.500);(2.500,1.000);(1.500,2.000);(2.500,2.000)","0.18800,0.12500,0.12500,0.12500,0.18800",273.47600686006916,1.9,1.1,4.4
5,"1,6,7,13,15","(1.500,0.000);(2.500,0.500);(1.500,1.000);(1.500,2.000);(2.500,2.000)","0.18800,0.18800,0.18800,0.12500,0.18800",273.47600686006916,1.9,1.1,4.4
5,"3,4,7,13,15","(2.500,0.000);(1.500,0.500);(1.500,1.000);(1.500,2.000);(2.500,2.000)","0.18800,0.12500,0.18800,0.12500,0.18800",273.47600686006916,1.9,1.1,4.4
5,"1,2,4,11,12","(1.500,0.000);(2.000,0.000);(1.500,0.500);(2.000,1.500);(2.500,1.500)","0.18800,0.12500,0.12500,0.25000,0.12500",273.8790180077773,1.9,0.7,3.0
5,"1,2,7,10,14","(1.500,0.000);(2.000,0.000);(1.500,1.000);(1.500,1.500);(2.000,2.000)","0.18800,0.12500,0.18800,0.12500,0.12500",274.2125825914554,1.7,0.9,3.5000000000000004
5,"2,4,7,13,14","(2.000,0.000);(1.500,0.500);(1.500,1.000);(1.500,2.000);(2.000,2.000)","0.12500,0.12500,0.18800,0.12500,0.12500",274.2125825914554,1.7,1.1,3.5
5,"1,7,10,12,13","(1.500,0.000);(1.500,1.000);(1.500,1.500);(2.500,1.500);(1.500,2.000)","0.18800,0.18800,0.12500,0.12500,0.12500",274.2324932019668,1.7,1.2,3.1000000000000005
5,"1,7,8,13,14","(1.500,0.000);(1.500,1.000);(2.000,1.000);(1.500,2.000);(2.000,2.000)","0.18800,0.18800,0.12500,0.12500,0.12500",274.2324932019668,1.7,1.2,3.1000000000000005
5,"1,7,8,11,12","(1.500,0.000);(1.500,1.000);(2.000,1.000);(2.000,1.500);(2.500,1.500)","0.18800,0.18800,0.12500,0.25000,0.12500",274.54670277580385,1.9,1.0,2.2
5,"1,2,6,9,15","(1.500,0.000);(2.000,0.000);(2.500,0.500);(2.500,1.000);(2.500,2.000)","0.18800,0.12500,0.18800,0.12500,0.18800",274.97023824645214,2.2,0.7,3.6
5,"1,9,12,14,15","(1.500,0.000);(2.500,1.000);(2.500,1.500);(2.000,2.000);(2.500,2.000)","0.18800,0.12500,0.12500,0.12500,0.18800",274.97023824645214,2.2,1.3,3.6000000000000005
5,"2,3,6,7,15","(2.000,0.000);(2.500,0.000);(2.500,0.500);(1.500,1.000);(2.500,2.000)","0.12500,0.18800,0.18800,0.18800,0.18800",274.97023824645214,2.2,0.7,3.6
5,"3,7,12,14,15","(2.500,0.000);(1.500,1.000);(2.500,1.500);(2.000,2.000);(2.500,2.000)","0.18800,0.18800,0.12500,0.12500,0.18800",274.97023824645214,2.2,1.3,3.6
5,"1,2,3,13,14","(1.500,0.000);(2.000,0.000);(2.500,0.000);(1.500,2.000);(2.000,2.000)","0.18800,0.12500,0.18800,0.12500,0.12500",275.2612338053754,1.9,0.8,5.5
5,"1,4,5,9,15","(1.500,0.000);(1.500,0.500);(2.000,0.500);(2.500,1.000);(2.500,2.000)","0.18800,0.12500,0.25000,0.12500,0.18800",275.31777158281943,2.0,0.8,3.3000000000000003
5,"1,4,6,8,15","(1.500,0.000);(1.500,0.500);(2.500,0.500);(2.000,1.000);(2.500,2.000)","0.18800,0.12500,0.18800,0.12500,0.18800",275.31777158281943,2.0,0.8,3.3000000000000003
5,"1,8,10,12,15","(1.500,0.000);(2.000,1.000);(1.500,1.500);(2.500,1.500);(2.500,2.000)","0.18800,0.12500,0.12500,0.12500,0.18800",275.31777158281943,2.0,1.2,3.3000000000000003
5,"1,9,10,11,15","(1.500,0.000);(2.500,1.000);(1.500,1.500);(2.000,1.500);(2.500,2.000)","0.18800,0.12500,0.12500,0.25000,0.18800",275.31777158281943,2.0,1.2,3.3000000000000003
5,"1,9,10,12,14","(1.500,0.000);(2.500,1.000);(1.500,1.500);(2.500,1.500);(2.000,2.000)","0.18800,0.12500,0.12500,0.12500,0.12500",275.31777158281943,2.0,1.2,3.3000000000000003
5,"2,4,6,7,15","(2.000,0.000);(1.500,0.500);(2.500,0.500);(1.500,1.000);(2.500,2.000)","0.12500,0.12500,0.18800,0.18800,0.18800",275.31777158281943,2.0,0.8,3.3000000000000003
5,"3,4,5,7,15","(2.500,0.000);(1.500,0.500);(2.000,0.500);(1.500,1.000);(2.500,2.000)","0.18800,0.12500,0.25000,0.18800,0.18800",275.31777158281943,2.0,0.8,3.3000000000000003
5,"3,7,10,11,15","(2.500,0.000);(1.500,1.000);(1.500,1.500);(2.000,1.500);(2.500,2.000)","0.18800,0.18800,0.12500,0.25000,0.18800",275.31777158281943,2.0,1.2,3.3000000000000003
5,"3,7,10,12,14","(2.500,0.000);(1.500,1.000);(1.500,1.500);(2.500,1.500);(2.000,2.000)","0.18800,0.18800,0.12500,0.12500,0.12500",275.31777158281943,2.0,1.2,3.3000000000000003
5,"1,4,7,10,12","(1.500,0.000);(1.500,0.500);(1.500,1.000);(1.500,1.500);(2.500,1.500)","0.18800,0.12500,0.18800,0.12500,0.12500",275.9441305994705,1.7,0.9,2.5
5,"1,2,10,11,13","(1.500,0.000);(2.000,0.000);(1.500,1.500);(2.000,1.500);(1.500,2.000)","0.18800,0.12500,0.12500,0.25000,0.12500",276.3648602192983,1.7,1.0,3.8000000000000003
5,"1,4,5,13,14","(1.500,0.000);(1.500,0.500);(2.000,0.500);(1.500,2.000);(2.000,2.000)","0.18800,0.12500,0.25000,0.12500,0.12500",276.3648602192983,1.7,1.0,3.8000000000000003
5,"1,6,9,11,12","(1.500,0.000);(2.500,0.500);(2.500,1.000);(2.000,1.500);(2.500,1.500)","0.18800,0.18800,0.12500,0.25000,0.12500",276.8790089317746,2.2,0.9,2.5
5,"3,6,7,11,12","(2.500,0.000);(2.500,0.500);(1.500,1.000);(2.000,1.500);(2.500,1.500)","0.18800,0.18800,0.18800,0.25000,0.12500",276.8790089317746,2.2,0.9,2.5
5,"1,5,11,13,14","(1.500,0.000);(2.000,0.500);(2.000,1.500);(1.500,2.000);(2.000,2.000)","0.18800,0.25000,0.25000,0.12500,0.12500",277.06516586179873,1.8,1.2,3.6000000000000005
5,"1,7,8,13,15","(1.500,0.000);(1.500,1.000);(2.000,1.000);(1.500,2.000);(2.500,2.000)","0.18800,0.18800,0.12500,0.12500,0.18800",277.06516586179873,1.8,1.2,3.6000000000000005
5,"1,7,9,13,14","(1.500,0.000);(1.500,1.000);(2.500,1.000);(1.500,2.000);(2.000,2.000)","0.18800,0.18800,0.12500,0.12500,0.12500",277.06516586179873,1.8,1.2,3.6000000000000005
5,"1,2,10,12,13","(1.500,0.000);(2.000,0.000);(1.500,1.500);(2.500,1.500);(1.500,2.000)","0.18800,0.12500,0.12500,0.12500,0.12500",277.6885272650626,1.8,1.0,4.3
5,"1,2,8,13,14","(1.500,0.000);(2.000,0.000);(2.000,1.000);(1.500,2.000);(2.000,2.000)","0.18800,0.12500,0.12500,0.12500,0.12500",277.6885272650626,1.8,1.0,4.3
5,"1,3,10,11,13","(1.500,0.000);(2.500,0.000);(1.500,1.500);(2.000,1.500);(1.500,2.000)","0.18800,0.18800,0.12500,0.25000,0.12500",277.6885272650626,1.8,1.0,4.3
5,"1,4,5,13,15","(1.500,0.000);(1.500,0.500);(2.000,0.500);(1.500,2.000);(2.500,2.000)","0.18800,0.12500,0.25000,0.12500,0.18800",277.6885272650626,1.8,1.0,4.3
5,"1,4,6,13,14","(1.500,0.000);(1.500,0.500);(2.500,0.500);(1.500,2.000);(2.000,2.000)","0.18800,0.12500,0.18800,0.12500,0.12500",277.6885272650626,1.8,1.0,4.3
5,"1,2,12,14,15","(1.500,0.000);(2.000,0.000);(2.500,1.500);(2.000,2.000);(2.500,2.000)","0.18800,0.12500,0.12500,0.12500,0.18800",277.6927776972503,2.1,1.1,4.9
5,"1,2,6,14,15","(1.500,0.000);(2.000,0.000);(2.500,0.500);(2.000,2.000);(2.500,2.000)","0.18800,0.12500,0.18800,0.12500,0.18800",277.6927776972503,2.1,0.9,4.9
5,"1,3,5,14,15","(1.500,0.000);(2.500,0.000);(2.000,0.500);(2.000,2.000);(2.500,2.000)","0.18800,0.18800,0.25000,0.12500,0.18800",277.6927776972503,2.1,0.9,4.9
5,"2,3,10,14,15","(2.000,0.000);(2.500,0.000);(1.500,1.500);(2.000,2.000);(2.500,2.000)","0.12500,0.18800,0.12500,0.12500,0.18800",277.6927776972503,2.1,1.1,4.9
5,"2,3,4,14,15","(2.000,0.000);(2.500,0.000);(1.500,0.500);(2.000,2.000);(2.500,2.000)","0.12500,0.18800,0.12500,0.12500,0.18800",277.6927776972503,2.1,0.9,4.9
5,"1,4,8,11,15","(1.500,0.000);(1.500,0.500);(2.000,1.000);(2.000,1.500);(2.500,2.000)","0.18800,0.12500,0.12500,0.25000,0.18800",278.52769434135786,1.9,1.0,3.2
5,"1,5,8,10,15","(1.500,0.000);(2.000,0.500);(2.000,1.000);(1.500,1.500);(2.500,2.000)","0.18800,0.25000,0.12500,0.12500,0.18800",278.52769434135786,1.9,1.0,3.2
5,"1,4,10,12,13","(1.500,0.000);(1.500,0.500);(1.500,1.500);(2.500,1.500);(1.500,2.000)","0.18800,0.12500,0.12500,0.12500,0.12500",278.60407823220294,1.7,1.1,3.5
5,"1,4,8,13,14","(1.500,0.000);(1.500,0.500);(2.000,1.000);(1.500,2.000);(2.000,2.000)","0.18800,0.12500,0.12500,0.12500,0.12500",278.60407823220294,1.7,1.1,3.5
5,"1,5,7,13,14","(1.500,0.000);(2.000,0.500);(1.500,1.000);(1.500,2.000);(2.000,2.000)","0.18800,0.25000,0.18800,0.12500,0.12500",278.60407823220294,1.7,1.1,3.5
5,"1,4,7,11,12","(1.500,0.000);(1.500,0.500);(1.500,1.000);(2.000,1.500);(2.500,1.500)","0.18800,0.12500,0.18800,0.25000,0.12500",278.77763009265004,1.8,0.9,2.5
5,"1,2,6,12,15","(1.500,0.000);(2.000,0.000);(2.500,0.500);(2.500,1.500);(2.500,2.000)","0.18800,0.12500,0.18800,0.12500,0.18800",278.94009395060533,2.2,0.8,4.1
5,"1,6,12,14,15","(1.500,0.000);(2.500,0.500);(2.500,1.500);(2.000,2.000);(2.500,2.000)","0.18800,0.18800,0.12500,0.12500,0.18800",278.94009395060533,2.2,1.2,4.1
5,"1,2,3,10,15","(1.500,0.000);(2.000,0.000);(2.500,0.000);(1.500,1.500);(2.500,2.000)","0.18800,0.12500,0.18800,0.12500,0.18800",279.37537523595813,2.0,0.7,4.8
5,"3,4,13,14,15","(2.500,0.000);(1.500,0.500);(1.500,2.000);(2.000,2.000);(2.500,2.000)","0.18800,0.12500,0.12500,0.12500,0.18800",279.37537523595813,2.0,1.3,4.8
5,"2,3,13,14,15","(2.000,0.000);(2.500,0.000);(1.500,2.000);(2.000,2.000);(2.500,2.000)","0.12500,0.18800,0.12500,0.12500,0.18800",279.5896595967139,2.1,1.2,5.5
5,"1,2,8,11,15","(1.500,0.000);(2.000,0.000);(2.000,1.000);(2.000,1.500);(2.500,2.000)","0.18800,0.12500,0.12500,0.25000,0.18800",279.969565670179,2.0,0.9,3.7
5,"1,5,8,14,15","(1.500,0.000);(2.000,0.500);(2.000,1.000);(2.000,2.000);(2.500,2.000)","0.18800,0.25000,0.12500,0.12500,0.18800",279.96956567017907,2.0,1.1,3.7
5,"1,6,10,12,14","(1.500,0.000);(2.500,0.500);(1.500,1.500);(2.500,1.500);(2.000,2.000)","0.18800,0.18800,0.12500,0.12500,0.12500",279.96956567017907,2.0,1.1,3.7
5,"1,3,4,6,15","(1.500,0.000);(2.500,0.000);(1.500,0.500);(2.500,0.500);(2.500,2.000)","0.18800,0.18800,0.12500,0.18800,0.18800",280.05066948539053,2.1,0.6,3.8999999999999995
5,"1,3,4,9,15","(1.500,0.000);(2.500,0.000);(1.500,0.500);(2.500,1.000);(2.500,2.000)","0.18800,0.18800,0.12500,0.12500,0.18800",280.1818574446438,2.1,0.7,4.0
5,"1,4,8,13,15","(1.500,0.000);(1.500,0.500);(2.000,1.000);(1.500,2.000);(2.500,2.000)","0.18800,0.12500,0.12500,0.12500,0.18800",280.1818574446438,1.8,1.1,4.0
5,"1,4,9,13,14","(1.500,0.000);(1.500,0.500);(2.500,1.000);(1.500,2.000);(2.000,2.000)","0.18800,0.12500,0.12500,0.12500,0.12500",280.1818574446438,1.8,1.1,4.0
5,"1,5,7,13,15","(1.500,0.000);(2.000,0.500);(1.500,1.000);(1.500,2.000);(2.500,2.000)","0.18800,0.25000,0.18800,0.12500,0.18800",280.1818574446438,1.8,1.1,4.0
5,"1,6,7,13,14","(1.500,0.000);(2.500,0.500);(1.500,1.000);(1.500,2.000);(2.000,2.000)","0.18800,0.18800,0.18800,0.12500,0.12500",280.1818574446438,1.8,1.1,4.0
5,"2,4,7,13,15","(2.000,0.000);(1.500,0.500);(1.500,1.000);(1.500,2.000);(2.500,2.000)","0.12500,0.12500,0.18800,0.12500,0.18800",280.1818574446438,1.8,1.1,4.0
5,"3,4,7,13,14","(2.500,0.000);(1.500,0.500);(1.500,1.000);(1.500,2.000);(2.000,2.000)","0.18800,0.12500,0.18800,0.12500,0.12500",280.1818574446438,1.8,1.1,4.0
5,"1,2,7,11,12","(1.500,0.000);(2.000,0.000);(1.500,1.000);(2.000,1.500);(2.500,1.500)","0.18800,0.12500,0.18800,0.25000,0.12500",280.6195646473085,1.9,0.8,3.0
5,"1,9,10,11,14","(1.500,0.000);(2.500,1.000);(1.500,1.500);(2.000,1.500);(2.000,2.000)","0.18800,0.12500,0.12500,0.25000,0.12500",280.6195646473085,1.9,1.2,3.0
5,"2,4,5,7,15","(2.000,0.000);(1.500,0.500);(2.000,0.500);(1.500,1.000);(2.500,2.000)","0.12500,0.12500,0.25000,0.18800,0.18800",280.6195646473085,1.9,0.8,3.0
5,"3,7,10,11,14","(2.500,0.000);(1.500,1.000);(1.500,1.500);(2.000,1.500);(2.000,2.000)","0.18800,0.18800,0.12500,0.25000,0.12500",280.6195646473085,1.9,1.2,3.0
5,"1,7,11,12,14","(1.500,0.000);(1.500,1.000);(2.000,1.500);(2.500,1.500);(2.000,2.000)","0.18800,0.18800,0.25000,0.12500,0.12500",280.61956464730855,1.9,1.2,3.0
5,"1,8,10,12,14","(1.500,0.000);(2.000,1.000);(1.500,1.500);(2.500,1.500);(2.000,2.000)","0.18800,0.12500,0.12500,0.12500,0.12500",280.61956464730855,1.9,1.2,3.0
5,"1,4,7,9,11","(1.500,0.000);(1.500,0.500);(1.500,1.000);(2.500,1.000);(2.000,1.500)","0.18800,0.12500,0.18800,0.12500,0.25000",280.765827119435,1.8,0.8,2.1
5,"1,2,12,13,15","(1.500,0.000);(2.000,0.000);(2.500,1.500);(1.500,2.000);(2.500,2.000)","0.18800,0.12500,0.12500,0.12500,0.18800",281.4697267590121,2.0,1.1,5.2
5,"1,3,11,13,15","(1.500,0.000);(2.500,0.000);(2.000,1.500);(1.500,2.000);(2.500,2.000)","0.18800,0.18800,0.25000,0.12500,0.18800",281.4697267590121,2.0,1.1,5.2
5,"1,3,12,13,14","(1.500,0.000);(2.500,0.000);(2.500,1.500);(1.500,2.000);(2.000,2.000)","0.18800,0.18800,0.12500,0.12500,0.12500",281.4697267590121,2.0,1.1,5.2
5,"2,3,10,13,15","(2.000,0.000);(2.500,0.000);(1.500,1.500);(1.500,2.000);(2.500,2.000)","0.12500,0.18800,0.12500,0.12500,0.18800",281.4697267590121,2.0,1.1,5.2
5,"1,5,10,12,14","(1.500,0.000);(2.000,0.500);(1.500,1.500);(2.500,1.500);(2.000,2.000)","0.18800,0.25000,0.12500,0.12500,0.12500",281.47388495489474,1.9,1.1,3.4
5,"1,6,10,11,14","(1.500,0.000);(2.500,0.500);(1.500,1.500);(2.000,1.500);(2.000,2.000)","0.18800,0.18800,0.12500,0.25000,0.12500",281.47388495489474,1.9,1.1,3.4
5,"1,7,10,11,14","(1.500,0.000);(1.500,1.000);(1.500,1.500);(2.000,1.500);(2.000,2.000)","0.18800,0.18800,0.12500,0.25000,0.12500",281.52298138716105,1.7,1.2,2.6
5,"1,9,13,14,15","(1.500,0.000);(2.500,1.000);(1.500,2.000);(2.000,2.000);(2.500,2.000)","0.18800,0.12500,0.12500,0.12500,0.18800",281.55599821436914,2.0,1.4,4.2
5,"3,7,13,14,15","(2.500,0.000);(1.500,1.000);(1.500,2.000);(2.000,2.000);(2.500,2.000)","0.18800,0.18800,0.12500,0.12500,0.18800",281.55599821436914,2.0,1.4,4.2
5,"1,2,9,10,15","(1.500,0.000);(2.000,0.000);(2.500,1.000);(1.500,1.500);(2.500,2.000)","0.18800,0.12500,0.12500,0.12500,0.18800",281.5559982143692,2.0,0.9,4.2
5,"1,3,8,10,15","(1.500,0.000);(2.500,0.000);(2.000,1.000);(1.500,1.500);(2.500,2.000)","0.18800,0.18800,0.12500,0.12500,0.18800",281.5559982143692,2.0,0.9,4.2
5,"1,4,9,14,15","(1.500,0.000);(1.500,0.500);(2.500,1.000);(2.000,2.000);(2.500,2.000)","0.18800,0.12500,0.12500,0.12500,0.18800",281.5559982143692,2.0,1.1,4.2
5,"2,3,7,10,15","(2.000,0.000);(2.500,0.000);(1.500,1.000);(1.500,1.500);(2.500,2.000)","0.12500,0.18800,0.18800,0.12500,0.18800",281.5559982143692,2.0,0.9,4.2
5,"3,4,7,14,15","(2.500,0.000);(1.500,0.500);(1.500,1.000);(2.000,2.000);(2.500,2.000)","0.18800,0.12500,0.18800,0.12500,0.18800",281.5559982143692,2.0,1.1,4.2
5,"1,2,3,4,11","(1.500,0.000);(2.000,0.000);(2.500,0.000);(1.500,0.500);(2.000,1.500)","0.18800,0.12500,0.18800,0.12500,0.25000",281.7354021391503,1.9,0.4,2.4000000000000004
5,"1,2,4,9,11","(1.500,0.000);(2.000,0.000);(1.500,0.500);(2.500,1.000);(2.000,1.500)","0.18800,0.12500,0.12500,0.12500,0.25000",281.7354021391503,1.9,0.6,2.4
5,"5,7,10,14,15","(2.000,0.500);(1.500,1.000);(1.500,1.500);(2.000,2.000);(2.500,2.000)","0.25000,0.18800,0.12500,0.12500,0.18800",281.7354021391503,1.9,1.4,2.4
5,"1,3,4,8,11","(1.500,0.000);(2.500,0.000);(1.500,0.500);(2.000,1.000);(2.000,1.500)","0.18800,0.18800,0.12500,0.12500,0.25000",281.7354021391504,1.9,0.6,2.4
5,"2,3,4,7,11","(2.000,0.000);(2.500,0.000);(1.500,0.500);(1.500,1.000);(2.000,1.500)","0.12500,0.18800,0.12500,0.18800,0.25000",281.7354021391504,1.9,0.6,2.4
5,"1,6,8,9,11","(1.500,0.000);(2.500,0.500);(2.000,1.000);(2.500,1.000);(2.000,1.500)","0.18800,0.18800,0.12500,0.12500,0.25000",282.0834240497098,2.1,0.8,2.0
5,"1,4,7,8,11","(1.500,0.000);(1.500,0.500);(1.500,1.000);(2.000,1.000);(2.000,1.500)","0.18800,0.12500,0.18800,0.12500,0.25000",282.48808491697963,1.7,0.8,1.6
5,"1,3,10,12,15","(1.500,0.000);(2.500,0.000);(1.500,1.500);(2.500,1.500);(2.500,2.000)","0.18800,0.18800,0.12500,0.12500,0.18800",283.92551105188033,2.1,1.0,4.7
5,"1,4,5,12,15","(1.500,0.000);(1.500,0.500);(2.000,0.500);(2.500,1.500);(2.500,2.000)","0.18800,0.12500,0.25000,0.12500,0.18800",284.5128561703389,2.0,0.9,3.7
5,"1,4,6,11,15","(1.500,0.000);(1.500,0.500);(2.500,0.500);(2.000,1.500);(2.500,2.000)","0.18800,0.12500,0.18800,0.25000,0.18800",284.5128561703389,2.0,0.9,3.7
5,"1,5,10,12,15","(1.500,0.000);(2.000,0.500);(1.500,1.500);(2.500,1.500);(2.500,2.000)","0.18800,0.25000,0.12500,0.12500,0.18800",284.5128561703389,2.0,1.1,3.7
5,"1,6,10,11,15","(1.500,0.000);(2.500,0.500);(1.500,1.500);(2.000,1.500);(2.500,2.000)","0.18800,0.18800,0.12500,0.25000,0.18800",284.5128561703389,2.0,1.1,3.7
5,"1,10,11,12,15","(1.500,0.000);(1.500,1.500);(2.000,1.500);(2.500,1.500);(2.500,2.000)","0.18800,0.12500,0.25000,0.12500,0.18800",284.6040805368789,2.0,1.3,3.3000000000000003
5,"1,3,4,11,12","(1.500,0.000);(2.500,0.000);(1.500,0.500);(2.000,1.500);(2.500,1.500)","0.18800,0.18800,0.12500,0.25000,0.12500",284.6040805368789,2.0,0.7,3.3000000000000003
5,"1,4,5,6,15","(1.500,0.000);(1.500,0.500);(2.000,0.500);(2.500,0.500);(2.500,2.000)","0.18800,0.12500,0.25000,0.18800,0.18800",284.6040805368789,2.0,0.7,3.3000000000000003
5,"1,2,3,14,15","(1.500,0.000);(2.000,0.000);(2.500,0.000);(2.000,2.000);(2.500,2.000)","0.18800,0.12500,0.18800,0.12500,0.18800",285.17488419114267,2.1,0.8,5.5
5,"1,5,8,9,11","(1.500,0.000);(2.000,0.500);(2.000,1.000);(2.500,1.000);(2.000,1.500)","0.18800,0.25000,0.12500,0.12500,0.25000",285.5352516628281,2.0,0.8,1.8
5,"1,3,4,13,15","(1.500,0.000);(2.500,0.000);(1.500,0.500);(1.500,2.000);(2.500,2.000)","0.18800,0.18800,0.12500,0.12500,0.18800",285.5817275677999,1.9,0.9,5.4
5,"1,12,13,14,15","(1.500,0.000);(2.500,1.500);(1.500,2.000);(2.000,2.000);(2.500,2.000)","0.18800,0.12500,0.12500,0.12500,0.18800",286.0672996609883,2.0,1.5,4.0
5,"3,10,13,14,15","(2.500,0.000);(1.500,1.500);(1.500,2.000);(2.000,2.000);(2.500,2.000)","0.18800,0.12500,0.12500,0.12500,0.18800",286.0672996609883,2.0,1.5,4.0
5,"1,2,4,7,11","(1.500,0.000);(2.000,0.000);(1.500,0.500);(1.500,1.000);(2.000,1.500)","0.18800,0.12500,0.12500,0.18800,0.25000",287.08473250998907,1.7,0.6,2.0
5,"1,2,5,10,15","(1.500,0.000);(2.000,0.000);(2.000,0.500);(1.500,1.500);(2.500,2.000)","0.18800,0.12500,0.25000,0.12500,0.18800",287.34079148687135,1.9,0.8,4.0
5,"1,4,11,14,15","(1.500,0.000);(1.500,0.500);(2.000,1.500);(2.000,2.000);(2.500,2.000)","0.18800,0.12500,0.25000,0.12500,0.18800",287.34079148687135,1.9,1.2,4.0
5,"1,7,12,13,15","(1.500,0.000);(1.500,1.000);(2.500,1.500);(1.500,2.000);(2.500,2.000)","0.18800,0.18800,0.12500,0.12500,0.18800",287.34079148687135,1.9,1.3,4.0
5,"1,9,10,13,15","(1.500,0.000);(2.500,1.000);(1.500,1.500);(1.500,2.000);(2.500,2.000)","0.18800,0.12500,0.12500,0.12500,0.18800",287.34079148687135,1.9,1.3,4.0
5,"3,7,10,13,15","(2.500,0.000);(1.500,1.000);(1.500,1.500);(1.500,2.000);(2.500,2.000)","0.18800,0.18800,0.12500,0.12500,0.18800",287.34079148687135,1.9,1.3,4.0
5,"3,5,6,9,15","(2.500,0.000);(2.000,0.500);(2.500,0.500);(2.500,1.000);(2.500,2.000)","0.18800,0.25000,0.18800,0.12500,0.18800",287.98625019052747,2.4,0.8,2.5
5,"3,9,11,12,15","(2.500,0.000);(2.500,1.000);(2.000,1.500);(2.500,1.500);(2.500,2.000)","0.18800,0.12500,0.25000,0.12500,0.18800",287.98625019052747,2.4,1.2,2.5
5,"1,4,10,11,14","(1.500,0.000);(1.500,0.500);(1.500,1.500);(2.000,1.500);(2.000,2.000)","0.18800,0.12500,0.12500,0.25000,0.12500",288.25105119793415,1.7,1.1,3.0
5,"1,3,6,7,9","(1.500,0.000);(2.500,0.000);(2.500,0.500);(1.500,1.000);(2.500,1.000)","0.18800,0.18800,0.18800,0.18800,0.12500",288.33551635847084,2.1,0.5,2.2
5,"3,7,8,11,12","(2.500,0.000);(1.500,1.000);(2.000,1.000);(2.000,1.500);(2.500,1.500)","0.18800,0.18800,0.12500,0.25000,0.12500",288.33551635847084,2.1,1.0,2.2
5,"5,6,9,12,15","(2.000,0.500);(2.500,0.500);(2.500,1.000);(2.500,1.500);(2.500,2.000)","0.25000,0.18800,0.12500,0.12500,0.18800",288.40567056675326,2.4,1.1,1.9
5,"3,5,6,12,15","(2.500,0.000);(2.000,0.500);(2.500,0.500);(2.500,1.500);(2.500,2.000)","0.18800,0.25000,0.18800,0.12500,0.18800",288.6332978900121,2.4,0.9,2.9000000000000004
5,"1,2,9,14,15","(1.500,0.000);(2.000,0.000);(2.500,1.000);(2.000,2.000);(2.500,2.000)","0.18800,0.12500,0.12500,0.12500,0.18800",289.0792901840819,2.1,1.0,4.7
5,"2,3,7,14,15","(2.000,0.000);(2.500,0.000);(1.500,1.000);(2.000,2.000);(2.500,2.000)","0.12500,0.18800,0.18800,0.12500,0.18800",289.0792901840819,2.1,1.0,4.7
5,"1,3,8,14,15","(1.500,0.000);(2.500,0.000);(2.000,1.000);(2.000,2.000);(2.500,2.000)","0.18800,0.18800,0.12500,0.12500,0.18800",289.07929018408197,2.1,1.0,4.7
5,"1,2,11,14,15","(1.500,0.000);(2.000,0.000);(2.000,1.500);(2.000,2.000);(2.500,2.000)","0.18800,0.12500,0.25000,0.12500,0.18800",289.303957028684,2.0,1.1,4.7
5,"1,2,5,14,15","(1.500,0.000);(2.000,0.000);(2.000,0.500);(2.000,2.000);(2.500,2.000)","0.18800,0.12500,0.25000,0.12500,0.18800",289.303957028684,2.0,0.9,4.7
5,"1,4,10,11,12","(1.500,0.000);(1.500,0.500);(1.500,1.500);(2.000,1.500);(2.500,1.500)","0.18800,0.12500,0.12500,0.25000,0.12500",290.1172151861157,1.8,1.0,2.8000000000000003
5,"1,3,7,10,14","(1.500,0.000);(2.500,0.000);(1.500,1.000);(1.500,1.500);(2.000,2.000)","0.18800,0.18800,0.18800,0.12500,0.12500",290.4149712881936,1.8,0.9,4.0
5,"1,7,10,11,12","(1.500,0.000);(1.500,1.000);(1.500,1.500);(2.000,1.500);(2.500,1.500)","0.18800,0.18800,0.12500,0.25000,0.12500",291.05239059949514,1.8,1.1,2.5
5,"1,3,7,13,15","(1.500,0.000);(2.500,0.000);(1.500,1.000);(1.500,2.000);(2.500,2.000)","0.18800,0.18800,0.18800,0.12500,0.18800",292.58308265092495,1.9,1.0,5.2
5,"1,6,13,14,15","(1.500,0.000);(2.500,0.500);(1.500,2.000);(2.000,2.000);(2.500,2.000)","0.18800,0.18800,0.12500,0.12500,0.18800",293.4664777564899,2.0,1.3,4.8
5,"1,2,4,13,15","(1.500,0.000);(2.000,0.000);(1.500,0.500);(1.500,2.000);(2.500,2.000)","0.18800,0.12500,0.12500,0.12500,0.18800",293.5396694133854,1.8,0.9,5.000000000000001
5,"1,3,4,13,14","(1.500,0.000);(2.500,0.000);(1.500,0.500);(1.500,2.000);(2.000,2.000)","0.18800,0.18800,0.12500,0.12500,0.12500",293.5396694133854,1.8,0.9,5.000000000000001
5,"1,2,3,5,7","(1.500,0.000);(2.000,0.000);(2.500,0.000);(2.000,0.500);(1.500,1.000)","0.18800,0.12500,0.18800,0.25000,0.18800",293.79297107209646,1.9,0.3,1.5
5,"1,4,12,13,15","(1.500,0.000);(1.500,0.500);(2.500,1.500);(1.500,2.000);(2.500,2.000)","0.18800,0.12500,0.12500,0.12500,0.18800",294.42255316143707,1.9,1.2,4.5
5,"1,6,10,13,15","(1.500,0.000);(2.500,0.500);(1.500,1.500);(1.500,2.000);(2.500,2.000)","0.18800,0.18800,0.12500,0.12500,0.18800",294.42255316143707,1.9,1.2,4.5
5,"3,4,10,13,15","(2.500,0.000);(1.500,0.500);(1.500,1.500);(1.500,2.000);(2.500,2.000)","0.18800,0.12500,0.12500,0.12500,0.18800",294.42255316143707,1.9,1.2,4.5
5,"1,2,4,5,11","(1.500,0.000);(2.000,0.000);(1.500,0.500);(2.000,0.500);(2.000,1.500)","0.18800,0.12500,0.12500,0.25000,0.25000",294.5243112740431,1.8,0.5,1.8
5,"1,3,4,12,15","(1.500,0.000);(2.500,0.000);(1.500,0.500);(2.500,1.500);(2.500,2.000)","0.18800,0.18800,0.12500,0.12500,0.18800",294.5243112740431,2.1,0.8,4.5
5,"1,3,4,7,8","(1.500,0.000);(2.500,0.000);(1.500,0.500);(1.500,1.000);(2.000,1.000)","0.18800,0.18800,0.12500,0.18800,0.12500",294.5243112740431,1.8,0.5,1.8
5,"1,2,4,13,14","(1.500,0.000);(2.000,0.000);(1.500,0.500);(1.500,2.000);(2.000,2.000)","0.18800,0.12500,0.12500,0.12500,0.12500",295.342192518928,1.7,0.9,4.500000000000001
5,"3,5,6,8,15","(2.500,0.000);(2.000,0.500);(2.500,0.500);(2.000,1.000);(2.500,2.000)","0.18800,0.25000,0.18800,0.12500,0.18800",295.7783395597824,2.3,0.8,2.6
5,"3,8,11,12,15","(2.500,0.000);(2.000,1.000);(2.000,1.500);(2.500,1.500);(2.500,2.000)","0.18800,0.12500,0.25000,0.12500,0.18800",295.7783395597824,2.3,1.2,2.6
5,"1,2,11,13,15","(1.500,0.000);(2.000,0.000);(2.000,1.500);(1.500,2.000);(2.500,2.000)","0.18800,0.12500,0.25000,0.12500,0.18800",295.77857848490845,1.9,1.1,4.9
5,"1,2,12,13,14","(1.500,0.000);(2.000,0.000);(2.500,1.500);(1.500,2.000);(2.000,2.000)","0.18800,0.12500,0.12500,0.12500,0.12500",295.77857848490845,1.9,1.1,4.9
5,"1,3,11,13,14","(1.500,0.000);(2.500,0.000);(2.000,1.500);(1.500,2.000);(2.000,2.000)","0.18800,0.18800,0.25000,0.12500,0.12500",295.7785784849085,1.9,1.1,4.9
5,"2,3,10,13,14","(2.000,0.000);(2.500,0.000);(1.500,1.500);(1.500,2.000);(2.000,2.000)","0.12500,0.18800,0.12500,0.12500,0.12500",295.7785784849085,1.9,1.1,4.9
5,"1,3,9,11,12","(1.500,0.000);(2.500,0.000);(2.500,1.000);(2.000,1.500);(2.500,1.500)","0.18800,0.18800,0.12500,0.25000,0.12500",296.3368618202634,2.2,0.8,3.1
5,"1,3,8,11,12","(1.500,0.000);(2.500,0.000);(2.000,1.000);(2.000,1.500);(2.500,1.500)","0.18800,0.18800,0.12500,0.25000,0.12500",296.60788467771937,2.1,0.8,3.0
5,"3,7,10,13,14","(2.500,0.000);(1.500,1.000);(1.500,1.500);(1.500,2.000);(2.000,2.000)","0.18800,0.18800,0.12500,0.12500,0.12500",297.514482465962,1.8,1.3,3.6
5,"1,7,11,13,15","(1.500,0.000);(1.500,1.000);(2.000,1.500);(1.500,2.000);(2.500,2.000)","0.18800,0.18800,0.25000,0.12500,0.18800",297.5144824659621,1.8,1.3,3.6
5,"1,7,12,13,14","(1.500,0.000);(1.500,1.000);(2.500,1.500);(1.500,2.000);(2.000,2.000)","0.18800,0.18800,0.12500,0.12500,0.12500",297.5144824659621,1.8,1.3,3.6
5,"1,8,10,13,15","(1.500,0.000);(2.000,1.000);(1.500,1.500);(1.500,2.000);(2.500,2.000)","0.18800,0.12500,0.12500,0.12500,0.18800",297.5144824659621,1.8,1.3,3.6
5,"1,9,10,13,14","(1.500,0.000);(2.500,1.000);(1.500,1.500);(1.500,2.000);(2.000,2.000)","0.18800,0.12500,0.12500,0.12500,0.12500",297.5144824659621,1.8,1.3,3.6
5,"1,2,5,9,15","(1.500,0.000);(2.000,0.000);(2.000,0.500);(2.500,1.000);(2.500,2.000)","0.18800,0.12500,0.25000,0.12500,0.18800",298.1235199149592,2.1,0.7,3.5
5,"1,2,6,8,15","(1.500,0.000);(2.000,0.000);(2.500,0.500);(2.000,1.000);(2.500,2.000)","0.18800,0.12500,0.18800,0.12500,0.18800",298.1235199149592,2.1,0.7,3.5
5,"1,8,12,14,15","(1.500,0.000);(2.000,1.000);(2.500,1.500);(2.000,2.000);(2.500,2.000)","0.18800,0.12500,0.12500,0.12500,0.18800",298.1235199149592,2.1,1.3,3.5
5,"1,9,11,14,15","(1.500,0.000);(2.500,1.000);(2.000,1.500);(2.000,2.000);(2.500,2.000)","0.18800,0.12500,0.25000,0.12500,0.18800",298.1235199149592,2.1,1.3,3.5
5,"2,3,5,7,15","(2.000,0.000);(2.500,0.000);(2.000,0.500);(1.500,1.000);(2.500,2.000)","0.12500,0.18800,0.25000,0.18800,0.18800",298.1235199149592,2.1,0.7,3.5
5,"3,7,11,14,15","(2.500,0.000);(1.500,1.000);(2.000,1.500);(2.000,2.000);(2.500,2.000)","0.18800,0.18800,0.25000,0.12500,0.18800",298.1235199149592,2.1,1.3,3.5
5,"1,7,11,13,14","(1.500,0.000);(1.500,1.000);(2.000,1.500);(1.500,2.000);(2.000,2.000)","0.18800,0.18800,0.25000,0.12500,0.12500",298.57844977568027,1.7,1.3,3.1
5,"1,8,10,13,14","(1.500,0.000);(2.000,1.000);(1.500,1.500);(1.500,2.000);(2.000,2.000)","0.18800,0.12500,0.12500,0.12500,0.12500",298.57844977568027,1.7,1.3,3.1
5,"1,4,5,8,15","(1.500,0.000);(1.500,0.500);(2.000,0.500);(2.000,1.000);(2.500,2.000)","0.18800,0.12500,0.25000,0.12500,0.18800",299.5937176447865,1.9,0.8,3.0
5,"1,8,10,11,15","(1.500,0.000);(2.000,1.000);(1.500,1.500);(2.000,1.500);(2.500,2.000)","0.18800,0.12500,0.12500,0.25000,0.18800",299.5937176447865,1.9,1.2,3.0
5,"1,10,12,13,15","(1.500,0.000);(1.500,1.500);(2.500,1.500);(1.500,2.000);(2.500,2.000)","0.18800,0.12500,0.12500,0.12500,0.18800",299.74485553042956,1.9,1.4,3.9
5,"1,2,8,10,15","(1.500,0.000);(2.000,0.000);(2.000,1.000);(1.500,1.500);(2.500,2.000)","0.18800,0.12500,0.12500,0.12500,0.18800",299.74485553042956,1.9,0.9,3.9000000000000004
5,"1,4,10,12,15","(1.500,0.000);(1.500,0.500);(1.500,1.500);(2.500,1.500);(2.500,2.000)","0.18800,0.12500,0.12500,0.12500,0.18800",299.74485553042956,1.9,1.1,3.9
5,"1,4,6,10,15","(1.500,0.000);(1.500,0.500);(2.500,0.500);(1.500,1.500);(2.500,2.000)","0.18800,0.12500,0.18800,0.12500,0.18800",299.74485553042956,1.9,0.9,3.9000000000000004
5,"1,4,8,14,15","(1.500,0.000);(1.500,0.500);(2.000,1.000);(2.000,2.000);(2.500,2.000)","0.18800,0.12500,0.12500,0.12500,0.18800",299.74485553042956,1.9,1.1,3.9
5,"1,8,13,14,15","(1.500,0.000);(2.000,1.000);(1.500,2.000);(2.000,2.000);(2.500,2.000)","0.18800,0.12500,0.12500,0.12500,0.18800",299.74485553042956,1.9,1.4,3.9
5,"5,6,7,9,11","(2.000,0.500);(2.500,0.500);(1.500,1.000);(2.500,1.000);(2.000,1.500)","0.25000,0.18800,0.18800,0.12500,0.25000",300.0498140567907,2.1,0.9,1.4
5,"1,4,7,13,14","(1.500,0.000);(1.500,0.500);(1.500,1.000);(1.500,2.000);(2.000,2.000)","0.18800,0.12500,0.18800,0.12500,0.12500",300.33792083074565,1.6,1.1,3.4
5,"1,2,6,7,11","(1.500,0.000);(2.000,0.000);(2.500,0.500);(1.500,1.000);(2.000,1.500)","0.18800,0.12500,0.18800,0.18800,0.25000",300.45637602747024,1.9,0.6,2.4
5,"1,5,6,9,11","(1.500,0.000);(2.000,0.500);(2.500,0.500);(2.500,1.000);(2.000,1.500)","0.18800,0.25000,0.18800,0.12500,0.25000",300.4614784176387,2.1,0.7,2.0
5,"1,2,5,12,15","(1.500,0.000);(2.000,0.000);(2.000,0.500);(2.500,1.500);(2.500,2.000)","0.18800,0.12500,0.25000,0.12500,0.18800",300.4998134103815,2.1,0.8,4.0
5,"1,2,6,11,15","(1.500,0.000);(2.000,0.000);(2.500,0.500);(2.000,1.500);(2.500,2.000)","0.18800,0.12500,0.18800,0.25000,0.18800",300.4998134103815,2.1,0.8,4.0
5,"1,5,12,14,15","(1.500,0.000);(2.000,0.500);(2.500,1.500);(2.000,2.000);(2.500,2.000)","0.18800,0.25000,0.12500,0.12500,0.18800",300.4998134103815,2.1,1.2,4.0
5,"1,6,11,14,15","(1.500,0.000);(2.500,0.500);(2.000,1.500);(2.000,2.000);(2.500,2.000)","0.18800,0.18800,0.25000,0.12500,0.18800",300.4998134103815,2.1,1.2,4.0
5,"1,3,12,14,15","(1.500,0.000);(2.500,0.000);(2.500,1.500);(2.000,2.000);(2.500,2.000)","0.18800,0.18800,0.12500,0.12500,0.18800",300.74802807053413,2.2,1.1,5.0
5,"1,4,6,7,11","(1.500,0.000);(1.500,0.500);(2.500,0.500);(1.500,1.000);(2.000,1.500)","0.18800,0.12500,0.18800,0.18800,0.25000",301.62530360081223,1.8,0.7,2.1
5,"1,2,7,13,15","(1.500,0.000);(2.000,0.000);(1.500,1.000);(1.500,2.000);(2.500,2.000)","0.18800,0.12500,0.18800,0.12500,0.18800",301.6797910393082,1.8,1.0,4.8
5,"1,3,7,13,14","(1.500,0.000);(2.500,0.000);(1.500,1.000);(1.500,2.000);(2.000,2.000)","0.18800,0.18800,0.18800,0.12500,0.12500",301.6797910393082,1.8,1.0,4.8
5,"1,2,10,12,15","(1.500,0.000);(2.000,0.000);(1.500,1.500);(2.500,1.500);(2.500,2.000)","0.18800,0.12500,0.12500,0.12500,0.18800",302.15593490364785,2.0,1.0,4.5
5,"1,2,8,14,15","(1.500,0.000);(2.000,0.000);(2.000,1.000);(2.000,2.000);(2.500,2.000)","0.18800,0.12500,0.12500,0.12500,0.18800",302.15593490364785,2.0,1.0,4.5
5,"1,3,10,12,14","(1.500,0.000);(2.500,0.000);(1.500,1.500);(2.500,1.500);(2.000,2.000)","0.18800,0.18800,0.12500,0.12500,0.12500",302.15593490364785,2.0,1.0,4.5
5,"1,4,6,14,15","(1.500,0.000);(1.500,0.500);(2.500,0.500);(2.000,2.000);(2.500,2.000)","0.18800,0.12500,0.18800,0.12500,0.18800",302.15593490364785,2.0,1.0,4.5
5,"1,6,7,8,9","(1.500,0.000);(2.500,0.500);(1.500,1.000);(2.000,1.000);(2.500,1.000)","0.18800,0.18800,0.18800,0.12500,0.12500",302.15593490364785,2.0,0.7,1.8
5,"1,9,11,12,15","(1.500,0.000);(2.500,1.000);(2.000,1.500);(2.500,1.500);(2.500,2.000)","0.18800,0.12500,0.25000,0.12500,0.18800",302.73427472350505,2.2,1.2,3.1
5,"3,7,9,11,12","(2.500,0.000);(1.500,1.000);(2.500,1.000);(2.000,1.500);(2.500,1.500)","0.18800,0.18800,0.12500,0.25000,0.12500",302.94513527613134,2.2,1.0,2.3
5,"6,7,9,12,15","(2.500,0.500);(1.500,1.000);(2.500,1.000);(2.500,1.500);(2.500,2.000)","0.18800,0.18800,0.12500,0.12500,0.18800",303.3073682101003,2.3,1.2,2.1
5,"1,2,10,11,14","(1.500,0.000);(2.000,0.000);(1.500,1.500);(2.000,1.500);(2.000,2.000)","0.18800,0.12500,0.12500,0.25000,0.12500",303.4836449961622,1.8,1.0,3.8000000000000003
5,"3,5,8,9,15","(2.500,0.000);(2.000,0.500);(2.000,1.000);(2.500,1.000);(2.500,2.000)","0.18800,0.25000,0.12500,0.12500,0.18800",303.7527819871535,2.3,0.9,2.5
5,"3,8,9,11,15","(2.500,0.000);(2.000,1.000);(2.500,1.000);(2.000,1.500);(2.500,2.000)","0.18800,0.12500,0.12500,0.25000,0.18800",303.7527819871535,2.3,1.1,2.5
5,"1,2,7,13,14","(1.500,0.000);(2.000,0.000);(1.500,1.000);(1.500,2.000);(2.000,2.000)","0.18800,0.12500,0.18800,0.12500,0.12500",304.30960535960185,1.7,1.0,4.3
5,"1,4,12,13,14","(1.500,0.000);(1.500,0.500);(2.500,1.500);(1.500,2.000);(2.000,2.000)","0.18800,0.12500,0.12500,0.12500,0.12500",304.8279503374353,1.8,1.2,4.1000000000000005
5,"1,6,10,13,14","(1.500,0.000);(2.500,0.500);(1.500,1.500);(1.500,2.000);(2.000,2.000)","0.18800,0.18800,0.12500,0.12500,0.12500",304.8279503374353,1.8,1.2,4.1000000000000005
5,"3,4,10,13,14","(2.500,0.000);(1.500,0.500);(1.500,1.500);(1.500,2.000);(2.000,2.000)","0.18800,0.12500,0.12500,0.12500,0.12500",304.8279503374353,1.8,1.2,4.1000000000000005
5,"1,4,11,13,15","(1.500,0.000);(1.500,0.500);(2.000,1.500);(1.500,2.000);(2.500,2.000)","0.18800,0.12500,0.25000,0.12500,0.18800",304.82795033743537,1.8,1.2,4.1000000000000005
5,"1,5,10,13,15","(1.500,0.000);(2.000,0.500);(1.500,1.500);(1.500,2.000);(2.500,2.000)","0.18800,0.25000,0.12500,0.12500,0.18800",304.82795033743537,1.8,1.2,4.1000000000000005
5,"1,2,11,13,14","(1.500,0.000);(2.000,0.000);(2.000,1.500);(1.500,2.000);(2.000,2.000)","0.18800,0.12500,0.25000,0.12500,0.12500",305.7364094793148,1.8,1.1,4.5
5,"1,11,13,14,15","(1.500,0.000);(2.000,1.500);(1.500,2.000);(2.000,2.000);(2.500,2.000)","0.18800,0.25000,0.12500,0.12500,0.18800",306.87769953383236,1.9,1.5,3.7
5,"1,4,7,12,15","(1.500,0.000);(1.500,0.500);(1.500,1.000);(2.500,1.500);(2.500,2.000)","0.18800,0.12500,0.18800,0.12500,0.18800",306.87769953383236,1.9,1.0,3.7
5,"1,4,9,10,15","(1.500,0.000);(1.500,0.500);(2.500,1.000);(1.500,1.500);(2.500,2.000)","0.18800,0.12500,0.12500,0.12500,0.18800",306.87769953383236,1.9,1.0,3.7
5,"1,6,7,10,15","(1.500,0.000);(2.500,0.500);(1.500,1.000);(1.500,1.500);(2.500,2.000)","0.18800,0.18800,0.18800,0.12500,0.18800",306.87769953383236,1.9,1.0,3.7
5,"3,4,7,10,15","(2.500,0.000);(1.500,0.500);(1.500,1.000);(1.500,1.500);(2.500,2.000)","0.18800,0.12500,0.18800,0.12500,0.18800",306.87769953383236,1.9,1.0,3.7
5,"1,2,3,6,7","(1.500,0.000);(2.000,0.000);(2.500,0.000);(2.500,0.500);(1.500,1.000)","0.18800,0.12500,0.18800,0.18800,0.18800",307.19888991902866,2.0,0.3,1.8
5,"1,5,6,8,11","(1.500,0.000);(2.000,0.500);(2.500,0.500);(2.000,1.000);(2.000,1.500)","0.18800,0.25000,0.18800,0.12500,0.25000",307.19888991902866,2.0,0.7,1.8
5,"1,4,11,13,14","(1.500,0.000);(1.500,0.500);(2.000,1.500);(1.500,2.000);(2.000,2.000)","0.18800,0.12500,0.25000,0.12500,0.12500",307.4550226266404,1.7,1.2,3.6000000000000005
5,"1,5,10,13,14","(1.500,0.000);(2.000,0.500);(1.500,1.500);(1.500,2.000);(2.000,2.000)","0.18800,0.25000,0.12500,0.12500,0.12500",307.4550226266404,1.7,1.2,3.6000000000000005
5,"1,4,5,11,15","(1.500,0.000);(1.500,0.500);(2.000,0.500);(2.000,1.500);(2.500,2.000)","0.18800,0.12500,0.25000,0.25000,0.18800",307.5026231923483,1.9,0.9,3.4000000000000004
5,"1,4,7,9,15","(1.500,0.000);(1.500,0.500);(1.500,1.000);(2.500,1.000);(2.500,2.000)","0.18800,0.12500,0.18800,0.12500,0.18800",307.5026231923483,1.9,0.9,3.4000000000000004
5,"1,5,10,11,15","(1.500,0.000);(2.000,0.500);(1.500,1.500);(2.000,1.500);(2.500,2.000)","0.18800,0.25000,0.12500,0.25000,0.18800",307.5026231923483,1.9,1.1,3.4
5,"1,7,9,10,15","(1.500,0.000);(1.500,1.000);(2.500,1.000);(1.500,1.500);(2.500,2.000)","0.18800,0.18800,0.12500,0.12500,0.18800",307.5026231923483,1.9,1.1,3.4
5,"1,7,8,9,11","(1.500,0.000);(1.500,1.000);(2.000,1.000);(2.500,1.000);(2.000,1.500)","0.18800,0.18800,0.12500,0.12500,0.25000",307.9597050916677,1.9,0.9,1.9
5,"1,2,10,12,14","(1.500,0.000);(2.000,0.000);(1.500,1.500);(2.500,1.500);(2.000,2.000)","0.18800,0.12500,0.12500,0.12500,0.12500",308.00180086497454,1.9,1.0,4.2
5,"1,2,10,11,15","(1.500,0.000);(2.000,0.000);(1.500,1.500);(2.000,1.500);(2.500,2.000)","0.18800,0.12500,0.12500,0.25000,0.18800",308.0018008649746,1.9,1.0,4.2
5,"1,3,10,11,14","(1.500,0.000);(2.500,0.000);(1.500,1.500);(2.000,1.500);(2.000,2.000)","0.18800,0.18800,0.12500,0.25000,0.12500",308.0018008649746,1.9,1.0,4.2
5,"1,4,5,14,15","(1.500,0.000);(1.500,0.500);(2.000,0.500);(2.000,2.000);(2.500,2.000)","0.18800,0.12500,0.25000,0.12500,0.18800",308.0018008649746,1.9,1.0,4.2
5,"1,2,3,9,11","(1.500,0.000);(2.000,0.000);(2.500,0.000);(2.500,1.000);(2.000,1.500)","0.18800,0.12500,0.18800,0.12500,0.25000",308.1398016443142,2.1,0.5,2.7
5,"1,3,10,11,15","(1.500,0.000);(2.500,0.000);(1.500,1.500);(2.000,1.500);(2.500,2.000)","0.18800,0.18800,0.12500,0.25000,0.18800",308.64070655633355,2.0,1.0,4.5
5,"1,4,7,13,15","(1.500,0.000);(1.500,0.500);(1.500,1.000);(1.500,2.000);(2.500,2.000)","0.18800,0.12500,0.18800,0.12500,0.18800",308.724166699763,1.7,1.1,4.0
5,"1,8,9,12,15","(1.500,0.000);(2.000,1.000);(2.500,1.000);(2.500,1.500);(2.500,2.000)","0.18800,0.12500,0.12500,0.12500,0.18800",309.3435359670077,2.2,1.1,3.0
5,"1,6,7,11,12","(1.500,0.000);(2.500,0.500);(1.500,1.000);(2.000,1.500);(2.500,1.500)","0.18800,0.18800,0.18800,0.25000,0.12500",309.3872986160977,2.0,0.9,2.7
5,"1,2,4,9,15","(1.500,0.000);(2.000,0.000);(1.500,0.500);(2.500,1.000);(2.500,2.000)","0.18800,0.12500,0.12500,0.12500,0.18800",310.0458137670875,2.0,0.7,3.8000000000000003
5,"1,3,4,8,15","(1.500,0.000);(2.500,0.000);(1.500,0.500);(2.000,1.000);(2.500,2.000)","0.18800,0.18800,0.12500,0.12500,0.18800",310.0458137670875,2.0,0.7,3.8000000000000003
5,"1,9,10,14,15","(1.500,0.000);(2.500,1.000);(1.500,1.500);(2.000,2.000);(2.500,2.000)","0.18800,0.12500,0.12500,0.12500,0.18800",310.0458137670875,2.0,1.3,3.8000000000000003
5,"2,3,4,7,15","(2.000,0.000);(2.500,0.000);(1.500,0.500);(1.500,1.000);(2.500,2.000)","0.12500,0.18800,0.12500,0.18800,0.18800",310.0458137670875,2.0,0.7,3.8000000000000003
5,"3,7,10,14,15","(2.500,0.000);(1.500,1.000);(1.500,1.500);(2.000,2.000);(2.500,2.000)","0.18800,0.18800,0.12500,0.12500,0.18800",310.0458137670875,2.0,1.3,3.8000000000000003
5,"1,2,4,6,15","(1.500,0.000);(2.000,0.000);(1.500,0.500);(2.500,0.500);(2.500,2.000)","0.18800,0.12500,0.12500,0.18800,0.18800",311.095345180006,2.0,0.6,3.7
5,"1,3,4,5,15","(1.500,0.000);(2.500,0.000);(1.500,0.500);(2.000,0.500);(2.500,2.000)","0.18800,0.18800,0.12500,0.25000,0.18800",311.095345180006,2.0,0.6,3.6999999999999997
5,"1,10,12,14,15","(1.500,0.000);(1.500,1.500);(2.500,1.500);(2.000,2.000);(2.500,2.000)","0.18800,0.12500,0.12500,0.12500,0.18800",311.09534518000606,2.0,1.4,3.7
5,"1,4,10,12,14","(1.500,0.000);(1.500,0.500);(1.500,1.500);(2.500,1.500);(2.000,2.000)","0.18800,0.12500,0.12500,0.12500,0.12500",311.3751260611312,1.8,1.1,3.5
5,"1,2,7,12,15","(1.500,0.000);(2.000,0.000);(1.500,1.000);(2.500,1.500);(2.500,2.000)","0.18800,0.12500,0.18800,0.12500,0.18800",311.37512606113125,2.0,0.9,4.2
5,"1,6,7,14,15","(1.500,0.000);(2.500,0.500);(1.500,1.000);(2.000,2.000);(2.500,2.000)","0.18800,0.18800,0.18800,0.12500,0.18800",311.3751260611313,2.0,1.1,4.2
5,"1,3,4,10,15","(1.500,0.000);(2.500,0.000);(1.500,0.500);(1.500,1.500);(2.500,2.000)","0.18800,0.18800,0.12500,0.12500,0.18800",311.5432677954843,1.9,0.8,4.5
5,"1,5,13,14,15","(1.500,0.000);(2.000,0.500);(1.500,2.000);(2.000,2.000);(2.500,2.000)","0.18800,0.25000,0.12500,0.12500,0.18800",311.5432677954843,1.9,1.3,4.5
5,"1,7,10,12,14","(1.500,0.000);(1.500,1.000);(1.500,1.500);(2.500,1.500);(2.000,2.000)","0.18800,0.18800,0.12500,0.12500,0.12500",311.97818698709875,1.8,1.2,3.1
5,"1,10,11,12,14","(1.500,0.000);(1.500,1.500);(2.000,1.500);(2.500,1.500);(2.000,2.000)","0.18800,0.12500,0.25000,0.12500,0.12500",312.8598488588213,1.9,1.3,3.0
5,"1,10,11,13,15","(1.500,0.000);(1.500,1.500);(2.000,1.500);(1.500,2.000);(2.500,2.000)","0.18800,0.12500,0.25000,0.12500,0.18800",313.44103603022546,1.8,1.4,3.5
5,"1,10,12,13,14","(1.500,0.000);(1.500,1.500);(2.500,1.500);(1.500,2.000);(2.000,2.000)","0.18800,0.12500,0.12500,0.12500,0.12500",313.44103603022546,1.8,1.4,3.5
5,"1,4,10,11,15","(1.500,0.000);(1.500,0.500);(1.500,1.500);(2.000,1.500);(2.500,2.000)","0.18800,0.12500,0.12500,0.25000,0.18800",313.44103603022546,1.8,1.1,3.5
5,"1,4,5,10,15","(1.500,0.000);(1.500,0.500);(2.000,0.500);(1.500,1.500);(2.500,2.000)","0.18800,0.12500,0.25000,0.12500,0.18800",313.4410360302255,1.8,0.9,3.5000000000000004
5,"1,2,5,8,15","(1.500,0.000);(2.000,0.000);(2.000,0.500);(2.000,1.000);(2.500,2.000)","0.18800,0.12500,0.25000,0.12500,0.18800",313.97707632483844,2.0,0.7,3.3000000000000003
5,"1,8,11,14,15","(1.500,0.000);(2.000,1.000);(2.000,1.500);(2.000,2.000);(2.500,2.000)","0.18800,0.12500,0.25000,0.12500,0.18800",313.97707632483844,2.0,1.3,3.3000000000000003
5,"1,3,4,14,15","(1.500,0.000);(2.500,0.000);(1.500,0.500);(2.000,2.000);(2.500,2.000)","0.18800,0.18800,0.12500,0.12500,0.18800",314.68421829524453,2.0,0.9,5.2
5,"1,3,5,6,7","(1.500,0.000);(2.500,0.000);(2.000,0.500);(2.500,0.500);(1.500,1.000)","0.18800,0.18800,0.25000,0.18800,0.18800",314.81711445178894,2.0,0.4,1.7
5,"1,2,5,11,15","(1.500,0.000);(2.000,0.000);(2.000,0.500);(2.000,1.500);(2.500,2.000)","0.18800,0.12500,0.25000,0.25000,0.18800",315.9191570203994,2.0,0.8,3.8000000000000003
5,"1,2,7,9,15","(1.500,0.000);(2.000,0.000);(1.500,1.000);(2.500,1.000);(2.500,2.000)","0.18800,0.12500,0.18800,0.12500,0.18800",315.9191570203994,2.0,0.8,3.8000000000000003
5,"1,5,11,14,15","(1.500,0.000);(2.000,0.500);(2.000,1.500);(2.000,2.000);(2.500,2.000)","0.18800,0.25000,0.25000,0.12500,0.18800",315.9191570203994,2.0,1.2,3.8000000000000003
5,"1,7,9,14,15","(1.500,0.000);(1.500,1.000);(2.500,1.000);(2.000,2.000);(2.500,2.000)","0.18800,0.18800,0.12500,0.12500,0.18800",315.9191570203994,2.0,1.2,3.8000000000000003
5,"1,3,10,13,15","(1.500,0.000);(2.500,0.000);(1.500,1.500);(1.500,2.000);(2.500,2.000)","0.18800,0.18800,0.12500,0.12500,0.18800",316.5778737076932,1.9,1.1,5.4
5,"1,4,5,7,11","(1.500,0.000);(1.500,0.500);(2.000,0.500);(1.500,1.000);(2.000,1.500)","0.18800,0.12500,0.25000,0.18800,0.25000",317.3631745111433,1.7,0.7,1.6
5,"1,2,7,11,15","(1.500,0.000);(2.000,0.000);(1.500,1.000);(2.000,1.500);(2.500,2.000)","0.18800,0.12500,0.18800,0.25000,0.18800",317.4942323979995,1.9,0.9,3.9000000000000004
5,"1,5,7,14,15","(1.500,0.000);(2.000,0.500);(1.500,1.000);(2.000,2.000);(2.500,2.000)","0.18800,0.25000,0.18800,0.12500,0.18800",317.4942323979995,1.9,1.1,3.9
5,"1,3,13,14,15","(1.500,0.000);(2.500,0.000);(1.500,2.000);(2.000,2.000);(2.500,2.000)","0.18800,0.18800,0.12500,0.12500,0.18800",317.747534223878,2.0,1.2,5.800000000000001
5,"1,5,7,8,11","(1.500,0.000);(2.000,0.500);(1.500,1.000);(2.000,1.000);(2.000,1.500)","0.18800,0.25000,0.18800,0.12500,0.25000",317.76532470391743,1.8,0.8,1.6
5,"5,6,7,8,11","(2.000,0.500);(2.500,0.500);(1.500,1.000);(2.000,1.000);(2.000,1.500)","0.25000,0.18800,0.18800,0.12500,0.25000",318.2508873199792,2.0,0.9,1.2
5,"1,10,11,13,14","(1.500,0.000);(1.500,1.500);(2.000,1.500);(1.500,2.000);(2.000,2.000)","0.18800,0.12500,0.25000,0.12500,0.12500",318.5003209443655,1.7,1.4,3.0
5,"1,8,11,12,15","(1.500,0.000);(2.000,1.000);(2.000,1.500);(2.500,1.500);(2.500,2.000)","0.18800,0.12500,0.25000,0.12500,0.18800",319.06089343366705,2.1,1.2,3.0
5,"6,7,8,12,15","(2.500,0.500);(1.500,1.000);(2.000,1.000);(2.500,1.500);(2.500,2.000)","0.18800,0.18800,0.12500,0.12500,0.18800",320.12757374078694,2.2,1.2,2.1
5,"3,5,9,12,15","(2.500,0.000);(2.000,0.500);(2.500,1.000);(2.500,1.500);(2.500,2.000)","0.18800,0.25000,0.12500,0.12500,0.18800",321.4468706546049,2.4,1.0,2.7
5,"1,2,7,8,15","(1.500,0.000);(2.000,0.000);(1.500,1.000);(2.000,1.000);(2.500,2.000)","0.18800,0.12500,0.18800,0.12500,0.18800",321.4773603495241,1.9,0.8,3.5
5,"1,7,8,14,15","(1.500,0.000);(1.500,1.000);(2.000,1.000);(2.000,2.000);(2.500,2.000)","0.18800,0.18800,0.12500,0.12500,0.18800",321.4773603495241,1.9,1.2,3.5
5,"1,11,12,14,15","(1.500,0.000);(2.000,1.500);(2.500,1.500);(2.000,2.000);(2.500,2.000)","0.18800,0.25000,0.12500,0.12500,0.18800",321.53544234782237,2.1,1.4,3.4
5,"5,6,9,11,15","(2.000,0.500);(2.500,0.500);(2.500,1.000);(2.000,1.500);(2.500,2.000)","0.25000,0.18800,0.12500,0.25000,0.18800",321.70966941339253,2.3,1.1,2.0
5,"1,2,10,14,15","(1.500,0.000);(2.000,0.000);(1.500,1.500);(2.000,2.000);(2.500,2.000)","0.18800,0.12500,0.12500,0.12500,0.18800",322.95442948162054,1.9,1.1,4.9
5,"1,2,4,14,15","(1.500,0.000);(2.000,0.000);(1.500,0.500);(2.000,2.000);(2.500,2.000)","0.18800,0.12500,0.12500,0.12500,0.18800",322.95442948162065,1.9,0.9,4.9
5,"1,3,11,14,15","(1.500,0.000);(2.500,0.000);(2.000,1.500);(2.000,2.000);(2.500,2.000)","0.18800,0.18800,0.25000,0.12500,0.18800",323.0838908952553,2.1,1.1,4.9
5,"1,6,9,12,15","(1.500,0.000);(2.500,0.500);(2.500,1.000);(2.500,1.500);(2.500,2.000)","0.18800,0.18800,0.12500,0.12500,0.18800",323.59206346540816,2.3,1.0,3.3
5,"1,4,7,11,15","(1.500,0.000);(1.500,0.500);(1.500,1.000);(2.000,1.500);(2.500,2.000)","0.18800,0.12500,0.18800,0.25000,0.18800",323.9767424014473,1.8,1.0,3.3000000000000003
5,"1,4,8,10,15","(1.500,0.000);(1.500,0.500);(2.000,1.000);(1.500,1.500);(2.500,2.000)","0.18800,0.12500,0.12500,0.12500,0.18800",323.9767424014473,1.8,1.0,3.3000000000000003
5,"1,5,7,10,15","(1.500,0.000);(2.000,0.500);(1.500,1.000);(1.500,1.500);(2.500,2.000)","0.18800,0.25000,0.18800,0.12500,0.18800",323.9767424014473,1.8,1.0,3.3000000000000003
5,"1,2,4,12,15","(1.500,0.000);(2.000,0.000);(1.500,0.500);(2.500,1.500);(2.500,2.000)","0.18800,0.12500,0.12500,0.12500,0.18800",324.00421996554854,2.0,0.8,4.3
5,"1,3,4,11,15","(1.500,0.000);(2.500,0.000);(1.500,0.500);(2.000,1.500);(2.500,2.000)","0.18800,0.18800,0.12500,0.25000,0.18800",324.00421996554854,2.0,0.8,4.3
5,"1,6,10,14,15","(1.500,0.000);(2.500,0.500);(1.500,1.500);(2.000,2.000);(2.500,2.000)","0.18800,0.18800,0.12500,0.12500,0.18800",324.00421996554854,2.0,1.2,4.3
5,"1,3,7,10,15","(1.500,0.000);(2.500,0.000);(1.500,1.000);(1.500,1.500);(2.500,2.000)","0.18800,0.18800,0.18800,0.12500,0.18800",324.41499867258904,1.9,0.9,4.4
5,"1,2,5,6,15","(1.500,0.000);(2.000,0.000);(2.000,0.500);(2.500,0.500);(2.500,2.000)","0.18800,0.12500,0.25000,0.18800,0.18800",324.5704406804787,2.1,0.6,3.3999999999999995
5,"1,2,3,6,11","(1.500,0.000);(2.000,0.000);(2.500,0.000);(2.500,0.500);(2.000,1.500)","0.18800,0.12500,0.18800,0.18800,0.25000",325.12381131059357,2.1,0.4,2.4000000000000004
5,"1,3,6,8,11","(1.500,0.000);(2.500,0.000);(2.500,0.500);(2.000,1.000);(2.000,1.500)","0.18800,0.18800,0.18800,0.12500,0.25000",325.1238113105936,2.1,0.6,2.4
5,"1,2,3,9,15","(1.500,0.000);(2.000,0.000);(2.500,0.000);(2.500,1.000);(2.500,2.000)","0.18800,0.12500,0.18800,0.12500,0.18800",325.247691601357,2.2,0.6,4.0
5,"3,7,8,9,11","(2.500,0.000);(1.500,1.000);(2.000,1.000);(2.500,1.000);(2.000,1.500)","0.18800,0.18800,0.12500,0.12500,0.25000",325.3734253910457,2.1,0.9,1.9
5,"5,7,8,9,15","(2.000,0.500);(1.500,1.000);(2.000,1.000);(2.500,1.000);(2.500,2.000)","0.25000,0.18800,0.12500,0.12500,0.18800",325.3734253910457,2.1,1.1,1.9
5,"1,2,4,10,15","(1.500,0.000);(2.000,0.000);(1.500,0.500);(1.500,1.500);(2.500,2.000)","0.18800,0.12500,0.12500,0.12500,0.18800",325.6661414472286,1.8,0.8,4.1000000000000005
5,"1,4,10,14,15","(1.500,0.000);(1.500,0.500);(1.500,1.500);(2.000,2.000);(2.500,2.000)","0.18800,0.12500,0.12500,0.12500,0.18800",325.6661414472286,1.8,1.2,4.1000000000000005
5,"1,7,10,13,14","(1.500,0.000);(1.500,1.000);(1.500,1.500);(1.500,2.000);(2.000,2.000)","0.18800,0.18800,0.12500,0.12500,0.12500",326.39964180627874,1.6,1.3,3.0
5,"1,8,9,11,15","(1.500,0.000);(2.000,1.000);(2.500,1.000);(2.000,1.500);(2.500,2.000)","0.18800,0.12500,0.12500,0.25000,0.18800",327.1027925036234,2.1,1.1,2.9
5,"1,2,3,4,15","(1.500,0.000);(2.000,0.000);(2.500,0.000);(1.500,0.500);(2.500,2.000)","0.18800,0.12500,0.18800,0.12500,0.18800",327.24923474893683,2.0,0.5,4.0
5,"1,4,7,8,15","(1.500,0.000);(1.500,0.500);(1.500,1.000);(2.000,1.000);(2.500,2.000)","0.18800,0.12500,0.18800,0.12500,0.18800",327.65399586189864,1.8,0.9,3.0000000000000004
5,"1,7,8,10,15","(1.500,0.000);(1.500,1.000);(2.000,1.000);(1.500,1.500);(2.500,2.000)","0.18800,0.18800,0.12500,0.12500,0.18800",327.6539958618987,1.8,1.1,3.0
5,"1,4,6,7,15","(1.500,0.000);(1.500,0.500);(2.500,0.500);(1.500,1.000);(2.500,2.000)","0.18800,0.12500,0.18800,0.18800,0.18800",328.8522468998662,1.9,0.8,3.5
5,"1,7,10,12,15","(1.500,0.000);(1.500,1.000);(1.500,1.500);(2.500,1.500);(2.500,2.000)","0.18800,0.18800,0.12500,0.12500,0.18800",328.8522468998662,1.9,1.2,3.5
5,"1,2,3,8,11","(1.500,0.000);(2.000,0.000);(2.500,0.000);(2.000,1.000);(2.000,1.500)","0.18800,0.12500,0.18800,0.12500,0.25000",329.288190517534,2.0,0.5,2.5
5,"1,3,7,14,15","(1.500,0.000);(2.500,0.000);(1.500,1.000);(2.000,2.000);(2.500,2.000)","0.18800,0.18800,0.18800,0.12500,0.18800",329.2881905175341,2.0,1.0,5.0
5,"1,7,9,11,12","(1.500,0.000);(1.500,1.000);(2.500,1.000);(2.000,1.500);(2.500,1.500)","0.18800,0.18800,0.12500,0.25000,0.12500",329.28819051753413,2.0,1.0,2.5
5,"1,2,10,13,15","(1.500,0.000);(2.000,0.000);(1.500,1.500);(1.500,2.000);(2.500,2.000)","0.18800,0.12500,0.12500,0.12500,0.18800",329.4199848756298,1.8,1.1,5.0
5,"1,3,10,13,14","(1.500,0.000);(2.500,0.000);(1.500,1.500);(1.500,2.000);(2.000,2.000)","0.18800,0.18800,0.12500,0.12500,0.12500",329.4199848756298,1.8,1.1,5.0
5,"1,2,3,12,15","(1.500,0.000);(2.000,0.000);(2.500,0.000);(2.500,1.500);(2.500,2.000)","0.18800,0.12500,0.18800,0.12500,0.18800",329.7091656719858,2.2,0.7,4.6
5,"3,5,6,9,11","(2.500,0.000);(2.000,0.500);(2.500,0.500);(2.500,1.000);(2.000,1.500)","0.18800,0.25000,0.18800,0.12500,0.25000",329.79583305786144,2.3,0.7,1.6
5,"5,9,11,12,15","(2.000,0.500);(2.500,1.000);(2.000,1.500);(2.500,1.500);(2.500,2.000)","0.25000,0.12500,0.25000,0.12500,0.18800",329.79583305786144,2.3,1.3,1.6
5,"3,5,8,12,15","(2.500,0.000);(2.000,0.500);(2.000,1.000);(2.500,1.500);(2.500,2.000)","0.18800,0.25000,0.12500,0.12500,0.18800",329.86722862692835,2.3,1.0,2.8
5,"3,6,8,11,15","(2.500,0.000);(2.500,0.500);(2.000,1.000);(2.000,1.500);(2.500,2.000)","0.18800,0.18800,0.12500,0.25000,0.18800",329.86722862692835,2.3,1.0,2.8
5,"1,2,13,14,15","(1.500,0.000);(2.000,0.000);(1.500,2.000);(2.000,2.000);(2.500,2.000)","0.18800,0.12500,0.12500,0.12500,0.18800",329.9295863035898,1.9,1.2,5.5
5,"1,4,13,14,15","(1.500,0.000);(1.500,0.500);(1.500,2.000);(2.000,2.000);(2.500,2.000)","0.18800,0.12500,0.12500,0.12500,0.18800",330.3358110452442,1.8,1.3,4.6000000000000005
5,"1,3,7,8,9","(1.500,0.000);(2.500,0.000);(1.500,1.000);(2.000,1.000);(2.500,1.000)","0.18800,0.18800,0.18800,0.12500,0.12500",331.76511110130025,2.0,0.6,2.2
5,"1,7,10,13,15","(1.500,0.000);(1.500,1.000);(1.500,1.500);(1.500,2.000);(2.500,2.000)","0.18800,0.18800,0.12500,0.12500,0.18800",332.6614258937001,1.7,1.3,3.6
5,"5,6,8,11,15","(2.000,0.500);(2.500,0.500);(2.000,1.000);(2.000,1.500);(2.500,2.000)","0.25000,0.18800,0.12500,0.25000,0.18800",333.61014333587286,2.2,1.1,2.0
5,"6,7,8,9,15","(2.500,0.500);(1.500,1.000);(2.000,1.000);(2.500,1.000);(2.500,2.000)","0.18800,0.18800,0.12500,0.12500,0.18800",333.61014333587286,2.2,1.1,2.0
5,"1,4,10,13,14","(1.500,0.000);(1.500,0.500);(1.500,1.500);(1.500,2.000);(2.000,2.000)","0.18800,0.12500,0.12500,0.12500,0.12500",334.236036502899,1.6,1.2,3.5
5,"1,2,10,13,14","(1.500,0.000);(2.000,0.000);(1.500,1.500);(1.500,2.000);(2.000,2.000)","0.18800,0.12500,0.12500,0.12500,0.12500",336.4896956384289,1.7,1.1,4.5
5,"1,3,7,11,12","(1.500,0.000);(2.500,0.000);(1.500,1.000);(2.000,1.500);(2.500,1.500)","0.18800,0.18800,0.18800,0.25000,0.12500",337.31314223613134,2.0,0.8,3.3000000000000003
5,"1,4,10,13,15","(1.500,0.000);(1.500,0.500);(1.500,1.500);(1.500,2.000);(2.500,2.000)","0.18800,0.12500,0.12500,0.12500,0.18800",337.77382071621264,1.7,1.2,4.1000000000000005
5,"6,7,11,12,15","(2.500,0.500);(1.500,1.000);(2.000,1.500);(2.500,1.500);(2.500,2.000)","0.18800,0.18800,0.25000,0.12500,0.18800",338.24107164498434,2.2,1.3,2.1
5,"1,2,7,14,15","(1.500,0.000);(2.000,0.000);(1.500,1.000);(2.000,2.000);(2.500,2.000)","0.18800,0.12500,0.18800,0.12500,0.18800",338.83700840017,1.9,1.0,4.7
5,"1,2,4,8,15","(1.500,0.000);(2.000,0.000);(1.500,0.500);(2.000,1.000);(2.500,2.000)","0.18800,0.12500,0.12500,0.12500,0.18800",341.64342647006083,1.9,0.7,3.5
5,"1,8,10,14,15","(1.500,0.000);(2.000,1.000);(1.500,1.500);(2.000,2.000);(2.500,2.000)","0.18800,0.12500,0.12500,0.12500,0.18800",341.64342647006083,1.9,1.3,3.5
5,"1,4,7,14,15","(1.500,0.000);(1.500,0.500);(1.500,1.000);(2.000,2.000);(2.500,2.000)","0.18800,0.12500,0.18800,0.12500,0.18800",342.26194787146426,1.8,1.1,4.0
5,"1,7,13,14,15","(1.500,0.000);(1.500,1.000);(1.500,2.000);(2.000,2.000);(2.500,2.000)","0.18800,0.18800,0.12500,0.12500,0.18800",342.26194787146426,1.8,1.4,4.0
5,"1,2,7,10,15","(1.500,0.000);(2.000,0.000);(1.500,1.000);(1.500,1.500);(2.500,2.000)","0.18800,0.12500,0.18800,0.12500,0.18800",342.2619478714644,1.8,0.9,4.0
5,"1,3,6,9,11","(1.500,0.000);(2.500,0.000);(2.500,0.500);(2.500,1.000);(2.000,1.500)","0.18800,0.18800,0.18800,0.12500,0.25000",342.7312147224869,2.2,0.6,2.5
5,"1,6,8,9,15","(1.500,0.000);(2.500,0.500);(2.000,1.000);(2.500,1.000);(2.500,2.000)","0.18800,0.18800,0.12500,0.12500,0.18800",342.76669564697613,2.2,0.9,3.0
5,"5,6,7,8,15","(2.000,0.500);(2.500,0.500);(1.500,1.000);(2.000,1.000);(2.500,2.000)","0.25000,0.18800,0.18800,0.12500,0.18800",342.8083618108263,2.1,1.0,2.2
5,"1,2,3,6,15","(1.500,0.000);(2.000,0.000);(2.500,0.000);(2.500,0.500);(2.500,2.000)","0.18800,0.12500,0.18800,0.18800,0.18800",343.7572077886018,2.2,0.5,3.8
5,"1,10,11,14,15","(1.500,0.000);(1.500,1.500);(2.000,1.500);(2.000,2.000);(2.500,2.000)","0.18800,0.12500,0.25000,0.12500,0.18800",344.7146326866426,1.9,1.4,3.4
5,"1,2,4,5,15","(1.500,0.000);(2.000,0.000);(1.500,0.500);(2.000,0.500);(2.500,2.000)","0.18800,0.12500,0.12500,0.25000,0.18800",344.7146326866426,1.9,0.6,3.3999999999999995
5,"5,6,7,9,15","(2.000,0.500);(2.500,0.500);(1.500,1.000);(2.500,1.000);(2.500,2.000)","0.25000,0.18800,0.18800,0.12500,0.18800",346.8204927717242,2.2,1.0,2.3
5,"3,5,7,8,11","(2.500,0.000);(2.000,0.500);(1.500,1.000);(2.000,1.000);(2.000,1.500)","0.18800,0.25000,0.18800,0.12500,0.25000",347.9448027102432,2.0,0.8,1.8
5,"5,7,8,11,15","(2.000,0.500);(1.500,1.000);(2.000,1.000);(2.000,1.500);(2.500,2.000)","0.25000,0.18800,0.12500,0.25000,0.18800",347.9448027102432,2.0,1.2,1.8
5,"6,7,9,11,15","(2.500,0.500);(1.500,1.000);(2.500,1.000);(2.000,1.500);(2.500,2.000)","0.18800,0.18800,0.12500,0.25000,0.18800",348.23593790381864,2.2,1.2,2.1
5,"3,6,7,9,11","(2.500,0.000);(2.500,0.500);(1.500,1.000);(2.500,1.000);(2.000,1.500)","0.18800,0.18800,0.18800,0.12500,0.25000",348.2359379038187,2.2,0.8,2.1
5,"5,7,9,12,15","(2.000,0.500);(1.500,1.000);(2.500,1.000);(2.500,1.500);(2.500,2.000)","0.25000,0.18800,0.12500,0.12500,0.18800",348.2359379038187,2.2,1.2,2.1
5,"1,5,7,9,11","(1.500,0.000);(2.000,0.500);(1.500,1.000);(2.500,1.000);(2.000,1.500)","0.18800,0.25000,0.18800,0.12500,0.25000",348.4285455747047,1.9,0.8,2.0
5,"1,6,7,8,11","(1.500,0.000);(2.500,0.500);(1.500,1.000);(2.000,1.000);(2.000,1.500)","0.18800,0.18800,0.18800,0.12500,0.25000",348.4285455747047,1.9,0.8,2.0
5,"1,3,4,7,11","(1.500,0.000);(2.500,0.000);(1.500,0.500);(1.500,1.000);(2.000,1.500)","0.18800,0.18800,0.12500,0.18800,0.25000",348.80971045745883,1.8,0.6,2.5
5,"1,3,10,14,15","(1.500,0.000);(2.500,0.000);(1.500,1.500);(2.000,2.000);(2.500,2.000)","0.18800,0.18800,0.12500,0.12500,0.18800",349.4632471849941,2.0,1.1,5.2
5,"1,2,6,7,15","(1.500,0.000);(2.000,0.000);(2.500,0.500);(1.500,1.000);(2.500,2.000)","0.18800,0.12500,0.18800,0.18800,0.18800",351.2878808407994,2.0,0.7,3.8000000000000003
5,"1,7,12,14,15","(1.500,0.000);(1.500,1.000);(2.500,1.500);(2.000,2.000);(2.500,2.000)","0.18800,0.18800,0.12500,0.12500,0.18800",351.2878808407994,2.0,1.3,3.8000000000000003
5,"1,5,9,12,15","(1.500,0.000);(2.000,0.500);(2.500,1.000);(2.500,1.500);(2.500,2.000)","0.18800,0.25000,0.12500,0.12500,0.18800",353.3158227741058,2.2,1.0,3.3
5,"1,6,8,12,15","(1.500,0.000);(2.500,0.500);(2.000,1.000);(2.500,1.500);(2.500,2.000)","0.18800,0.18800,0.12500,0.12500,0.18800",353.3158227741058,2.2,1.0,3.3
5,"1,6,9,11,15","(1.500,0.000);(2.500,0.500);(2.500,1.000);(2.000,1.500);(2.500,2.000)","0.18800,0.18800,0.12500,0.25000,0.18800",353.3158227741058,2.2,1.0,3.3
5,"1,6,11,12,15","(1.500,0.000);(2.500,0.500);(2.000,1.500);(2.500,1.500);(2.500,2.000)","0.18800,0.18800,0.25000,0.12500,0.18800",353.5576234257613,2.2,1.1,3.5
5,"1,6,7,9,11","(1.500,0.000);(2.500,0.500);(1.500,1.000);(2.500,1.000);(2.000,1.500)","0.18800,0.18800,0.18800,0.12500,0.25000",353.71556671007994,2.0,0.8,2.3
5,"1,10,13,14,15","(1.500,0.000);(1.500,1.500);(1.500,2.000);(2.000,2.000);(2.500,2.000)","0.18800,0.12500,0.12500,0.12500,0.18800",353.919706968986,1.8,1.5,3.8
5,"1,2,4,11,15","(1.500,0.000);(2.000,0.000);(1.500,0.500);(2.000,1.500);(2.500,2.000)","0.18800,0.12500,0.12500,0.25000,0.18800",354.6619933119664,1.9,0.8,4.0
5,"1,5,10,14,15","(1.500,0.000);(2.000,0.500);(1.500,1.500);(2.000,2.000);(2.500,2.000)","0.18800,0.25000,0.12500,0.12500,0.18800",354.6619933119664,1.9,1.2,4.0
5,"1,2,3,5,11","(1.500,0.000);(2.000,0.000);(2.500,0.000);(2.000,0.500);(2.000,1.500)","0.18800,0.12500,0.18800,0.25000,0.25000",354.8419696667303,2.0,0.4,2.2
5,"1,3,5,8,11","(1.500,0.000);(2.500,0.000);(2.000,0.500);(2.000,1.000);(2.000,1.500)","0.18800,0.18800,0.25000,0.12500,0.25000",354.8419696667303,2.0,0.6,2.2
5,"1,4,5,7,15","(1.500,0.000);(1.500,0.500);(2.000,0.500);(1.500,1.000);(2.500,2.000)","0.18800,0.12500,0.25000,0.18800,0.18800",356.78121429919236,1.8,0.8,3.1
5,"1,7,10,11,15","(1.500,0.000);(1.500,1.000);(1.500,1.500);(2.000,1.500);(2.500,2.000)","0.18800,0.18800,0.12500,0.25000,0.18800",356.78121429919236,1.8,1.2,3.1
5,"1,2,3,8,15","(1.500,0.000);(2.000,0.000);(2.500,0.000);(2.000,1.000);(2.500,2.000)","0.18800,0.12500,0.18800,0.12500,0.18800",358.41288968925096,2.1,0.6,3.8999999999999995
5,"1,2,3,11,15","(1.500,0.000);(2.000,0.000);(2.500,0.000);(2.000,1.500);(2.500,2.000)","0.18800,0.12500,0.18800,0.25000,0.18800",359.7590579886508,2.1,0.7,4.5
5,"1,2,5,7,15","(1.500,0.000);(2.000,0.000);(2.000,0.500);(1.500,1.000);(2.500,2.000)","0.18800,0.12500,0.25000,0.18800,0.18800",361.8413326750649,1.9,0.7,3.5
5,"1,7,11,14,15","(1.500,0.000);(1.500,1.000);(2.000,1.500);(2.000,2.000);(2.500,2.000)","0.18800,0.18800,0.25000,0.12500,0.18800",361.8413326750649,1.9,1.3,3.5
5,"3,6,11,12,15","(2.500,0.000);(2.500,0.500);(2.000,1.500);(2.500,1.500);(2.500,2.000)","0.18800,0.18800,0.25000,0.12500,0.18800",362.918215595019,2.4,1.1,2.9
5,"1,3,8,9,11","(1.500,0.000);(2.500,0.000);(2.000,1.000);(2.500,1.000);(2.000,1.500)","0.18800,0.18800,0.12500,0.12500,0.25000",363.15823398513976,2.1,0.7,2.5
5,"1,3,6,12,15","(1.500,0.000);(2.500,0.000);(2.500,0.500);(2.500,1.500);(2.500,2.000)","0.18800,0.18800,0.18800,0.12500,0.18800",365.9779191213414,2.3,0.8,4.1
5,"1,5,8,9,15","(1.500,0.000);(2.000,0.500);(2.000,1.000);(2.500,1.000);(2.500,2.000)","0.18800,0.25000,0.12500,0.12500,0.18800",366.2283618110305,2.1,0.9,2.9000000000000004
5,"1,3,5,6,11","(1.500,0.000);(2.500,0.000);(2.000,0.500);(2.500,0.500);(2.000,1.500)","0.18800,0.18800,0.25000,0.18800,0.25000",366.7642903191434,2.1,0.5,2.2
5,"1,3,4,7,15","(1.500,0.000);(2.500,0.000);(1.500,0.500);(1.500,1.000);(2.500,2.000)","0.18800,0.18800,0.12500,0.18800,0.18800",366.8678784453437,1.9,0.7,4.0
5,"1,4,7,10,15","(1.500,0.000);(1.500,0.500);(1.500,1.000);(1.500,1.500);(2.500,2.000)","0.18800,0.12500,0.18800,0.12500,0.18800",370.2759271129364,1.7,1.0,3.3000000000000003
5,"1,5,6,9,15","(1.500,0.000);(2.000,0.500);(2.500,0.500);(2.500,1.000);(2.500,2.000)","0.18800,0.25000,0.18800,0.12500,0.18800",370.6193861006257,2.2,0.8,3.1
5,"3,6,9,11,15","(2.500,0.000);(2.500,0.500);(2.500,1.000);(2.000,1.500);(2.500,2.000)","0.18800,0.18800,0.12500,0.25000,0.18800",371.8541708545088,2.4,1.0,2.7
5,"1,3,5,9,11","(1.500,0.000);(2.500,0.000);(2.000,0.500);(2.500,1.000);(2.000,1.500)","0.18800,0.18800,0.25000,0.12500,0.25000",372.13695925998275,2.1,0.6,2.4
5,"3,5,6,7,11","(2.500,0.000);(2.000,0.500);(2.500,0.500);(1.500,1.000);(2.000,1.500)","0.18800,0.25000,0.18800,0.18800,0.25000",375.22284669660604,2.1,0.7,2.0
5,"5,7,11,12,15","(2.000,0.500);(1.500,1.000);(2.000,1.500);(2.500,1.500);(2.500,2.000)","0.25000,0.18800,0.25000,0.12500,0.18800",375.22284669660604,2.1,1.3,2.0
5,"1,5,11,12,15","(1.500,0.000);(2.000,0.500);(2.000,1.500);(2.500,1.500);(2.500,2.000)","0.18800,0.25000,0.25000,0.12500,0.18800",375.45008383735143,2.1,1.1,3.4
5,"1,7,9,12,15","(1.500,0.000);(1.500,1.000);(2.500,1.000);(2.500,1.500);(2.500,2.000)","0.18800,0.18800,0.12500,0.12500,0.18800",375.45008383735143,2.1,1.1,3.4
5,"1,5,8,12,15","(1.500,0.000);(2.000,0.500);(2.000,1.000);(2.500,1.500);(2.500,2.000)","0.18800,0.25000,0.12500,0.12500,0.18800",376.4000046487342,2.1,1.0,3.2
5,"1,5,9,11,15","(1.500,0.000);(2.000,0.500);(2.500,1.000);(2.000,1.500);(2.500,2.000)","0.18800,0.25000,0.12500,0.25000,0.18800",376.4000046487342,2.1,1.0,3.2
5,"1,6,8,11,15","(1.500,0.000);(2.500,0.500);(2.000,1.000);(2.000,1.500);(2.500,2.000)","0.18800,0.18800,0.12500,0.25000,0.18800",376.4000046487342,2.1,1.0,3.2
5,"1,7,11,12,15","(1.500,0.000);(1.500,1.000);(2.000,1.500);(2.500,1.500);(2.500,2.000)","0.18800,0.18800,0.25000,0.12500,0.18800",376.6978479981492,2.0,1.2,3.3000000000000003
5,"1,5,6,7,11","(1.500,0.000);(2.000,0.500);(2.500,0.500);(1.500,1.000);(2.000,1.500)","0.18800,0.25000,0.18800,0.18800,0.25000",377.5049529118064,1.9,0.7,2.0
5,"1,3,5,6,15","(1.500,0.000);(2.500,0.000);(2.000,0.500);(2.500,0.500);(2.500,2.000)","0.18800,0.18800,0.25000,0.18800,0.18800",378.50143666966966,2.2,0.6,3.5
5,"5,6,11,12,15","(2.000,0.500);(2.500,0.500);(2.000,1.500);(2.500,1.500);(2.500,2.000)","0.25000,0.18800,0.25000,0.12500,0.18800",380.0893494546231,2.3,1.2,2.1
5,"5,7,8,12,15","(2.000,0.500);(1.500,1.000);(2.000,1.000);(2.500,1.500);(2.500,2.000)","0.25000,0.18800,0.12500,0.12500,0.18800",383.27562288974644,2.1,1.2,2.0
5,"3,5,7,9,11","(2.500,0.000);(2.000,0.500);(1.500,1.000);(2.500,1.000);(2.000,1.500)","0.18800,0.25000,0.18800,0.12500,0.25000",383.61992227430676,2.1,0.8,2.0
5,"3,6,7,8,11","(2.500,0.000);(2.500,0.500);(1.500,1.000);(2.000,1.000);(2.000,1.500)","0.18800,0.18800,0.18800,0.12500,0.25000",383.61992227430676,2.1,0.8,2.0
5,"5,7,9,11,15","(2.000,0.500);(1.500,1.000);(2.500,1.000);(2.000,1.500);(2.500,2.000)","0.25000,0.18800,0.12500,0.25000,0.18800",383.61992227430676,2.1,1.2,2.0
5,"6,7,8,11,15","(2.500,0.500);(1.500,1.000);(2.000,1.000);(2.000,1.500);(2.500,2.000)","0.18800,0.18800,0.12500,0.25000,0.18800",383.6199222743069,2.1,1.2,2.0
5,"1,2,3,5,15","(1.500,0.000);(2.000,0.000);(2.500,0.000);(2.000,0.500);(2.500,2.000)","0.18800,0.12500,0.18800,0.25000,0.18800",384.8005543507198,2.1,0.5,3.7
5,"1,7,8,12,15","(1.500,0.000);(1.500,1.000);(2.000,1.000);(2.500,1.500);(2.500,2.000)","0.18800,0.18800,0.12500,0.12500,0.18800",388.4640659627634,2.0,1.1,3.2
5,"1,7,9,11,15","(1.500,0.000);(1.500,1.000);(2.500,1.000);(2.000,1.500);(2.500,2.000)","0.18800,0.18800,0.12500,0.25000,0.18800",388.4640659627634,2.0,1.1,3.2
5,"1,7,8,11,15","(1.500,0.000);(1.500,1.000);(2.000,1.000);(2.000,1.500);(2.500,2.000)","0.18800,0.18800,0.12500,0.25000,0.18800",389.1025505230475,1.9,1.1,2.9
5,"1,3,5,12,15","(1.500,0.000);(2.500,0.000);(2.000,0.500);(2.500,1.500);(2.500,2.000)","0.18800,0.18800,0.25000,0.12500,0.18800",389.96252667141965,2.2,0.8,4.1
5,"1,5,6,12,15","(1.500,0.000);(2.000,0.500);(2.500,0.500);(2.500,1.500);(2.500,2.000)","0.18800,0.25000,0.18800,0.12500,0.18800",389.97313979641837,2.2,0.9,3.5000000000000004
5,"1,5,8,11,15","(1.500,0.000);(2.000,0.500);(2.000,1.000);(2.000,1.500);(2.500,2.000)","0.18800,0.25000,0.12500,0.25000,0.18800",390.1720549533454,2.0,1.0,3.0
5,"1,7,8,9,15","(1.500,0.000);(1.500,1.000);(2.000,1.000);(2.500,1.000);(2.500,2.000)","0.18800,0.18800,0.12500,0.12500,0.18800",390.1720549533454,2.0,1.0,3.0
5,"3,5,6,7,15","(2.500,0.000);(2.000,0.500);(2.500,0.500);(1.500,1.000);(2.500,2.000)","0.18800,0.25000,0.18800,0.18800,0.18800",391.10624307524535,2.2,0.8,3.1
5,"3,7,11,12,15","(2.500,0.000);(1.500,1.000);(2.000,1.500);(2.500,1.500);(2.500,2.000)","0.18800,0.18800,0.25000,0.12500,0.18800",391.10624307524535,2.2,1.2,3.1
5,"1,2,3,7,11","(1.500,0.000);(2.000,0.000);(2.500,0.000);(1.500,1.000);(2.000,1.500)","0.18800,0.12500,0.18800,0.18800,0.25000",392.72901189058183,1.9,0.5,2.7
5,"3,5,11,12,15","(2.500,0.000);(2.000,0.500);(2.000,1.500);(2.500,1.500);(2.500,2.000)","0.18800,0.25000,0.25000,0.12500,0.18800",394.38796664135214,2.3,1.1,3.0
5,"3,5,6,11,15","(2.500,0.000);(2.000,0.500);(2.500,0.500);(2.000,1.500);(2.500,2.000)","0.18800,0.25000,0.18800,0.25000,0.18800",394.38796664135214,2.3,0.9,3.0000000000000004
5,"3,6,7,9,15","(2.500,0.000);(2.500,0.500);(1.500,1.000);(2.500,1.000);(2.500,2.000)","0.18800,0.18800,0.18800,0.12500,0.18800",394.38796664135214,2.3,0.9,3.0
5,"3,7,9,12,15","(2.500,0.000);(1.500,1.000);(2.500,1.000);(2.500,1.500);(2.500,2.000)","0.18800,0.18800,0.12500,0.12500,0.18800",394.38796664135214,2.3,1.1,3.0
5,"1,5,6,8,15","(1.500,0.000);(2.000,0.500);(2.500,0.500);(2.000,1.000);(2.500,2.000)","0.18800,0.25000,0.18800,0.12500,0.18800",394.7724429036101,2.1,0.8,3.0
5,"1,3,6,9,15","(1.500,0.000);(2.500,0.000);(2.500,0.500);(2.500,1.000);(2.500,2.000)","0.18800,0.18800,0.18800,0.12500,0.18800",396.534383530593,2.3,0.7,3.6
5,"1,3,9,12,15","(1.500,0.000);(2.500,0.000);(2.500,1.000);(2.500,1.500);(2.500,2.000)","0.18800,0.18800,0.12500,0.12500,0.18800",397.17665557707494,2.3,0.9,4.0
5,"1,3,6,8,15","(1.500,0.000);(2.500,0.000);(2.500,0.500);(2.000,1.000);(2.500,2.000)","0.18800,0.18800,0.18800,0.12500,0.18800",397.2256743277077,2.2,0.7,3.6
5,"1,2,4,7,15","(1.500,0.000);(2.000,0.000);(1.500,0.500);(1.500,1.000);(2.500,2.000)","0.18800,0.12500,0.12500,0.18800,0.18800",404.5602549320178,1.8,0.7,3.6
5,"1,7,10,14,15","(1.500,0.000);(1.500,1.000);(1.500,1.500);(2.000,2.000);(2.500,2.000)","0.18800,0.18800,0.12500,0.12500,0.18800",404.56025493201787,1.8,1.3,3.6
5,"3,5,9,11,15","(2.500,0.000);(2.000,0.500);(2.500,1.000);(2.000,1.500);(2.500,2.000)","0.18800,0.25000,0.12500,0.25000,0.18800",405.1416779765656,2.3,1.0,2.8
5,"5,6,7,12,15","(2.000,0.500);(2.500,0.500);(1.500,1.000);(2.500,1.500);(2.500,2.000)","0.25000,0.18800,0.18800,0.12500,0.18800",405.86891143332207,2.2,1.1,2.5
5,"3,5,8,11,15","(2.500,0.000);(2.000,0.500);(2.000,1.000);(2.000,1.500);(2.500,2.000)","0.18800,0.25000,0.12500,0.25000,0.18800",412.3340357836601,2.2,1.0,2.8
5,"3,7,8,9,15","(2.500,0.000);(1.500,1.000);(2.000,1.000);(2.500,1.000);(2.500,2.000)","0.18800,0.18800,0.12500,0.12500,0.18800",412.3340357836601,2.2,1.0,2.8
5,"3,7,8,12,15","(2.500,0.000);(1.500,1.000);(2.000,1.000);(2.500,1.500);(2.500,2.000)","0.18800,0.18800,0.12500,0.12500,0.18800",412.8186151822793,2.2,1.1,3.0
5,"3,7,9,11,15","(2.500,0.000);(1.500,1.000);(2.500,1.000);(2.000,1.500);(2.500,2.000)","0.18800,0.18800,0.12500,0.25000,0.18800",412.8186151822793,2.2,1.1,3.0
5,"3,5,7,9,15","(2.500,0.000);(2.000,0.500);(1.500,1.000);(2.500,1.000);(2.500,2.000)","0.18800,0.25000,0.18800,0.12500,0.18800",412.8186151822794,2.2,0.9,3.0
5,"3,6,7,8,15","(2.500,0.000);(2.500,0.500);(1.500,1.000);(2.000,1.000);(2.500,2.000)","0.18800,0.18800,0.18800,0.12500,0.18800",412.8186151822794,2.2,0.9,3.0
5,"5,6,7,11,15","(2.000,0.500);(2.500,0.500);(1.500,1.000);(2.000,1.500);(2.500,2.000)","0.25000,0.18800,0.18800,0.25000,0.18800",415.5252870434257,2.1,1.1,2.4
5,"3,7,8,11,15","(2.500,0.000);(1.500,1.000);(2.000,1.000);(2.000,1.500);(2.500,2.000)","0.18800,0.18800,0.12500,0.25000,0.18800",415.5652352261742,2.1,1.1,2.9
5,"3,5,7,8,15","(2.500,0.000);(2.000,0.500);(1.500,1.000);(2.000,1.000);(2.500,2.000)","0.18800,0.25000,0.18800,0.12500,0.18800",415.56523522617425,2.1,0.9,2.9000000000000004
5,"3,6,7,12,15","(2.500,0.000);(2.500,0.500);(1.500,1.000);(2.500,1.500);(2.500,2.000)","0.18800,0.18800,0.18800,0.12500,0.18800",416.3291672635978,2.3,1.0,3.3
5,"1,5,6,11,15","(1.500,0.000);(2.000,0.500);(2.500,0.500);(2.000,1.500);(2.500,2.000)","0.18800,0.25000,0.18800,0.25000,0.18800",418.1623828764437,2.1,0.9,3.4000000000000004
5,"1,6,7,9,15","(1.500,0.000);(2.500,0.500);(1.500,1.000);(2.500,1.000);(2.500,2.000)","0.18800,0.18800,0.18800,0.12500,0.18800",418.1623828764437,2.1,0.9,3.4000000000000004
5,"1,3,8,9,15","(1.500,0.000);(2.500,0.000);(2.000,1.000);(2.500,1.000);(2.500,2.000)","0.18800,0.18800,0.12500,0.12500,0.18800",418.6438744392205,2.2,0.8,3.6
5,"1,3,5,9,15","(1.500,0.000);(2.500,0.000);(2.000,0.500);(2.500,1.000);(2.500,2.000)","0.18800,0.18800,0.25000,0.12500,0.18800",419.2062451079347,2.2,0.7,3.6
5,"1,2,3,7,15","(1.500,0.000);(2.000,0.000);(2.500,0.000);(1.500,1.000);(2.500,2.000)","0.18800,0.12500,0.18800,0.18800,0.18800",422.24650503801854,2.0,0.6,4.2
5,"1,6,7,12,15","(1.500,0.000);(2.500,0.500);(1.500,1.000);(2.500,1.500);(2.500,2.000)","0.18800,0.18800,0.18800,0.12500,0.18800",425.00158734762124,2.1,1.0,3.7
5,"1,3,5,8,15","(1.500,0.000);(2.500,0.000);(2.000,0.500);(2.000,1.000);(2.500,2.000)","0.18800,0.18800,0.25000,0.12500,0.18800",426.50282137973255,2.1,0.7,3.5
5,"1,3,8,12,15","(1.500,0.000);(2.500,0.000);(2.000,1.000);(2.500,1.500);(2.500,2.000)","0.18800,0.18800,0.12500,0.12500,0.18800",434.68565988436393,2.2,0.9,4.0
5,"1,3,9,11,15","(1.500,0.000);(2.500,0.000);(2.500,1.000);(2.000,1.500);(2.500,2.000)","0.18800,0.18800,0.12500,0.25000,0.18800",434.68565988436393,2.2,0.9,4.0
5,"1,5,7,9,15","(1.500,0.000);(2.000,0.500);(1.500,1.000);(2.500,1.000);(2.500,2.000)","0.18800,0.25000,0.18800,0.12500,0.18800",437.74793438542946,2.0,0.9,3.2
5,"1,6,7,8,15","(1.500,0.000);(2.500,0.500);(1.500,1.000);(2.000,1.000);(2.500,2.000)","0.18800,0.18800,0.18800,0.12500,0.18800",437.74793438542946,2.0,0.9,3.2
5,"1,3,11,12,15","(1.500,0.000);(2.500,0.000);(2.000,1.500);(2.500,1.500);(2.500,2.000)","0.18800,0.18800,0.25000,0.12500,0.18800",439.94901418059357,2.2,1.0,4.3
5,"3,5,7,12,15","(2.500,0.000);(2.000,0.500);(1.500,1.000);(2.500,1.500);(2.500,2.000)","0.18800,0.25000,0.18800,0.12500,0.18800",441.7864669110647,2.2,1.0,3.3
5,"1,5,7,12,15","(1.500,0.000);(2.000,0.500);(1.500,1.000);(2.500,1.500);(2.500,2.000)","0.18800,0.25000,0.18800,0.12500,0.18800",444.1659470310661,2.0,1.0,3.5
5,"1,6,7,11,15","(1.500,0.000);(2.500,0.500);(1.500,1.000);(2.000,1.500);(2.500,2.000)","0.18800,0.18800,0.18800,0.25000,0.18800",444.1659470310661,2.0,1.0,3.5
5,"1,5,7,8,15","(1.500,0.000);(2.000,0.500);(1.500,1.000);(2.000,1.000);(2.500,2.000)","0.18800,0.25000,0.18800,0.12500,0.18800",444.6595526138598,1.9,0.9,2.9000000000000004
5,"1,3,7,9,11","(1.500,0.000);(2.500,0.000);(1.500,1.000);(2.500,1.000);(2.000,1.500)","0.18800,0.18800,0.18800,0.12500,0.25000",444.97396288367264,2.0,0.7,2.8000000000000003
5,"1,5,7,11,15","(1.500,0.000);(2.000,0.500);(1.500,1.000);(2.000,1.500);(2.500,2.000)","0.18800,0.25000,0.18800,0.25000,0.18800",451.65747958262756,1.9,1.0,3.2
5,"1,5,6,7,15","(1.500,0.000);(2.000,0.500);(2.500,0.500);(1.500,1.000);(2.500,2.000)","0.18800,0.25000,0.18800,0.18800,0.18800",453.497246753149,2.0,0.8,3.3000000000000003
5,"1,3,7,8,11","(1.500,0.000);(2.500,0.000);(1.500,1.000);(2.000,1.000);(2.000,1.500)","0.18800,0.18800,0.18800,0.12500,0.25000",454.55193288854025,1.9,0.7,2.5
5,"1,3,6,7,11","(1.500,0.000);(2.500,0.000);(2.500,0.500);(1.500,1.000);(2.000,1.500)","0.18800,0.18800,0.18800,0.18800,0.25000",460.67742533987666,2.0,0.6,2.7
5,"1,3,6,11,15","(1.500,0.000);(2.500,0.000);(2.500,0.500);(2.000,1.500);(2.500,2.000)","0.18800,0.18800,0.18800,0.25000,0.18800",463.9073715163566,2.2,0.8,4.1
5,"1,3,8,11,15","(1.500,0.000);(2.500,0.000);(2.000,1.000);(2.000,1.500);(2.500,2.000)","0.18800,0.18800,0.12500,0.25000,0.18800",467.15152653437195,2.1,0.9,3.9000000000000004
5,"1,3,5,7,11","(1.500,0.000);(2.500,0.000);(2.000,0.500);(1.500,1.000);(2.000,1.500)","0.18800,0.18800,0.25000,0.18800,0.25000",474.62771240623744,1.9,0.6,2.4
5,"1,3,5,7,15","(1.500,0.000);(2.500,0.000);(2.000,0.500);(1.500,1.000);(2.500,2.000)","0.18800,0.18800,0.25000,0.18800,0.18800",484.79112886692167,2.0,0.7,3.8000000000000003
5,"1,3,6,7,15","(1.500,0.000);(2.500,0.000);(2.500,0.500);(1.500,1.000);(2.500,2.000)","0.18800,0.18800,0.18800,0.18800,0.18800",488.01992936013687,2.1,0.7,4.0
5,"3,6,7,11,15","(2.500,0.000);(2.500,0.500);(1.500,1.000);(2.000,1.500);(2.500,2.000)","0.18800,0.18800,0.18800,0.25000,0.18800",499.6640283681494,2.2,1.0,3.3
5,"1,3,5,11,15","(1.500,0.000);(2.500,0.000);(2.000,0.500);(2.000,1.500);(2.500,2.000)","0.18800,0.18800,0.25000,0.25000,0.18800",501.25648081638127,2.1,0.8,4.0
5,"1,3,7,9,15","(1.500,0.000);(2.500,0.000);(1.500,1.000);(2.500,1.000);(2.500,2.000)","0.18800,0.18800,0.18800,0.12500,0.18800",501.25648081638127,2.1,0.8,4.0
5,"3,5,7,11,15","(2.500,0.000);(2.000,0.500);(1.500,1.000);(2.000,1.500);(2.500,2.000)","0.18800,0.25000,0.18800,0.25000,0.18800",505.30872691662097,2.1,1.0,3.2
5,"1,3,7,12,15","(1.500,0.000);(2.500,0.000);(1.500,1.000);(2.500,1.500);(2.500,2.000)","0.18800,0.18800,0.18800,0.12500,0.18800",513.352177196621,2.1,0.9,4.4
5,"1,3,7,8,15","(1.500,0.000);(2.500,0.000);(1.500,1.000);(2.000,1.000);(2.500,2.000)","0.18800,0.18800,0.18800,0.12500,0.18800",524.8056403273615,2.0,0.8,3.8000000000000003
5,"1,3,7,11,15","(1.500,0.000);(2.500,0.000);(1.500,1.000);(2.000,1.500);(2.500,2.000)","0.18800,0.18800,0.18800,0.25000,0.18800",543.5299873629281,2.0,0.9,4.2
